timestamp,open,high,low,close,volume,hour,minute,is_asia,is_ny_am
2025-02-20 13:00:00-05:00,1.04866,1.04985,1.0486,1.049795,13469.739906020463,13,0,False,False
2025-02-20 14:00:00-05:00,1.049715,1.05032,1.04895,1.05016,10124.499937079847,14,0,False,False
2025-02-20 15:00:00-05:00,1.0500150000000001,1.050305,1.0495450000000002,1.05029,8283.220043346286,15,0,False,False
2025-02-20 16:00:00-05:00,1.050235,1.05033,1.050055,1.050125,4273.074506148696,16,0,False,False
2025-02-20 17:00:00-05:00,1.05016,1.05016,1.049795,1.04981,2868.41997744143,17,0,False,False
2025-02-20 18:00:00-05:00,1.05007,1.050455,1.0500150000000001,1.05004,3339.2799583375454,18,0,False,False
2025-02-20 19:00:00-05:00,1.049915,1.049955,1.0489549999999999,1.049015,5927.929918564856,19,0,False,False
2025-02-20 20:00:00-05:00,1.049045,1.04927,1.048505,1.04868,10986.469877801836,20,0,False,False
2025-02-20 21:00:00-05:00,1.04875,1.050275,1.0486900000000001,1.050275,13209.919850341976,21,0,False,False
2025-02-20 22:00:00-05:00,1.050115,1.05042,1.050075,1.05026,8210.829904176295,22,0,False,False
2025-02-20 23:00:00-05:00,1.050165,1.050475,1.049795,1.0499100000000001,6443.379932738841,23,0,False,False
2025-02-21 00:00:00-05:00,1.0500099999999999,1.05004,1.0492249999999999,1.0493100000000002,9908.059889763594,0,0,True,False
2025-02-21 01:00:00-05:00,1.04936,1.04936,1.048825,1.0488650000000002,11492.729879170656,1,0,True,False
2025-02-21 02:00:00-05:00,1.04909,1.0499100000000001,1.04909,1.04921,13769.609845101833,2,0,True,False
2025-02-21 03:00:00-05:00,1.04918,1.04936,1.047155,1.047675,24757.529734373093,3,0,True,False
2025-02-21 04:00:00-05:00,1.047975,1.04807,1.0468000000000002,1.0469249999999999,16456.779807716608,4,0,True,False
2025-02-21 05:00:00-05:00,1.0469249999999999,1.047155,1.046525,1.046525,12887.6698281914,5,0,False,False
2025-02-21 06:00:00-05:00,1.04638,1.0474,1.04637,1.04692,14513.649838604033,6,0,False,False
2025-02-21 07:00:00-05:00,1.04698,1.04708,1.045995,1.0462,14291.659848295152,7,0,False,False
2025-02-21 08:00:00-05:00,1.046275,1.0477249999999998,1.046225,1.047525,14654.249803774059,8,0,False,False
2025-02-21 09:00:00-05:00,1.047785,1.048995,1.047115,1.0481449999999999,25098.409746319056,9,0,False,False
2025-02-21 10:00:00-05:00,1.048475,1.048475,1.04536,1.045415,31982.509713046253,10,0,False,True
2025-02-21 11:00:00-05:00,1.04572,1.04572,1.0449899999999999,1.04547,19349.869834147394,11,0,False,False
2025-02-21 12:00:00-05:00,1.04556,1.046415,1.045275,1.04631,15871.609902255237,12,0,False,False
2025-02-21 13:00:00-05:00,1.0462449999999999,1.04667,1.045115,1.04599,18937.37987868488,13,0,False,False
2025-02-21 14:00:00-05:00,1.046025,1.046615,1.04574,1.04622,15153.359908245504,14,0,False,False
2025-02-21 15:00:00-05:00,1.0461550000000002,1.04645,1.045905,1.0460699999999998,12505.87891882658,15,0,False,False
2025-02-21 16:00:00-05:00,1.04612,1.0462,1.0459,1.04602,7393.949931330979,16,0,False,False
2025-02-23 17:00:00-05:00,1.04707,1.047705,1.0462150000000001,1.0474899999999998,8801.14992185682,17,0,False,False
2025-02-23 18:00:00-05:00,1.0473599999999998,1.0484499999999999,1.0473599999999998,1.0474,5889.869940035045,18,0,False,False
2025-02-23 19:00:00-05:00,1.047305,1.050595,1.04725,1.05042,13374.83987300843,19,0,False,False
2025-02-23 20:00:00-05:00,1.050745,1.05199,1.0503149999999999,1.051815,22742.39972215891,20,0,False,False
2025-02-23 21:00:00-05:00,1.05191,1.0527799999999998,1.051605,1.0523,20178.019809909165,21,0,False,False
2025-02-23 22:00:00-05:00,1.052155,1.052505,1.051685,1.05195,12269.959851242602,22,0,False,False
2025-02-23 23:00:00-05:00,1.052055,1.052055,1.051205,1.051565,9740.699888259172,23,0,False,False
2025-02-24 00:00:00-05:00,1.051445,1.051955,1.051045,1.05165,12632.969849273562,0,0,True,False
2025-02-24 01:00:00-05:00,1.0515599999999998,1.0515599999999998,1.050145,1.0508950000000001,11863.669867016375,1,0,True,False
2025-02-24 02:00:00-05:00,1.051085,1.051395,1.048825,1.049115,18065.21978342533,2,0,True,False
2025-02-24 03:00:00-05:00,1.04916,1.04916,1.047215,1.04801,22761.149767950177,3,0,True,False
2025-02-24 04:00:00-05:00,1.04792,1.048425,1.04691,1.047205,17366.80979640782,4,0,True,False
2025-02-24 05:00:00-05:00,1.04684,1.048035,1.04673,1.04803,16822.279812105,5,0,False,False
2025-02-24 06:00:00-05:00,1.04803,1.04803,1.046465,1.04685,9466.889880336821,6,0,False,False
2025-02-24 07:00:00-05:00,1.0468199999999999,1.047185,1.0460699999999998,1.0469,11876.529843181372,7,0,False,False
2025-02-24 08:00:00-05:00,1.046975,1.04752,1.04661,1.0466950000000002,14624.869812332094,8,0,False,False
2025-02-24 09:00:00-05:00,1.0468950000000001,1.046955,1.04536,1.046055,20130.57977385074,9,0,False,False
2025-02-24 10:00:00-05:00,1.04623,1.0469650000000001,1.04611,1.0469050000000002,26248.939739257097,10,0,False,True
2025-02-24 11:00:00-05:00,1.0468899999999999,1.0478100000000001,1.046705,1.0477750000000001,19504.80982528627,11,0,False,False
2025-02-24 12:00:00-05:00,1.0478200000000002,1.04831,1.0472000000000001,1.04724,14862.07987704873,12,0,False,False
2025-02-24 13:00:00-05:00,1.04726,1.04854,1.04719,1.048055,9262.799915902317,13,0,False,False
2025-02-24 14:00:00-05:00,1.04823,1.048355,1.04732,1.04752,13599.119905821979,14,0,False,False
2025-02-24 15:00:00-05:00,1.047495,1.047875,1.046485,1.0465149999999999,13873.399879038334,15,0,False,False
2025-02-24 16:00:00-05:00,1.046265,1.046805,1.04622,1.0467650000000002,8304.429920911789,16,0,False,False
2025-02-24 17:00:00-05:00,1.046785,1.04696,1.04665,1.0469300000000001,2481.0599679499865,17,0,False,False
2025-02-24 18:00:00-05:00,1.0467149999999998,1.0467149999999998,1.04607,1.04614,3233.3199803978205,18,0,False,False
2025-02-24 19:00:00-05:00,1.04617,1.04638,1.0460099999999999,1.04634,4731.429944105446,19,0,False,False
2025-02-24 20:00:00-05:00,1.046435,1.04654,1.046145,1.0465200000000001,13166.36983589083,20,0,False,False
2025-02-24 21:00:00-05:00,1.046615,1.04746,1.046575,1.04746,15944.139855660498,21,0,False,False
2025-02-24 22:00:00-05:00,1.04749,1.04758,1.0471650000000001,1.04733,12924.70986250043,22,0,False,False
2025-02-24 23:00:00-05:00,1.04742,1.04767,1.0472899999999998,1.047315,9732.719914369285,23,0,False,False
2025-02-25 00:00:00-05:00,1.047285,1.0477850000000002,1.04726,1.0477,8065.329907692969,0,0,True,False
2025-02-25 01:00:00-05:00,1.047615,1.04791,1.04729,1.04771,9272.919894099236,1,0,True,False
2025-02-25 02:00:00-05:00,1.0476649999999998,1.047685,1.04643,1.04643,15678.42982377857,2,0,True,False
2025-02-25 03:00:00-05:00,1.046055,1.047795,1.045685,1.047025,20972.749765515327,3,0,True,False
2025-02-25 04:00:00-05:00,1.04712,1.0477599999999998,1.046905,1.04732,21644.47979351878,4,0,True,False
2025-02-25 05:00:00-05:00,1.0473249999999998,1.04735,1.04661,1.04728,15486.33983052522,5,0,False,False
2025-02-25 06:00:00-05:00,1.047325,1.0489449999999998,1.04719,1.04894,13993.149828784168,6,0,False,False
2025-02-25 07:00:00-05:00,1.0490050000000002,1.049995,1.048875,1.0493649999999999,23741.849812179804,7,0,False,False
2025-02-25 08:00:00-05:00,1.04951,1.05094,1.049445,1.05002,24913.859776310623,8,0,False,False
2025-02-25 09:00:00-05:00,1.0499399999999999,1.050415,1.0492650000000001,1.050255,19997.54978259653,9,0,False,False
2025-02-25 10:00:00-05:00,1.050595,1.051765,1.049535,1.049855,31770.479688711464,10,0,False,True
2025-02-25 11:00:00-05:00,1.04981,1.0505849999999999,1.0495100000000002,1.04977,24488.269815310836,11,0,False,False
2025-02-25 12:00:00-05:00,1.0497649999999998,1.050225,1.048475,1.050225,13709.189940392971,12,0,False,False
2025-02-25 13:00:00-05:00,1.0503,1.051615,1.0503,1.0508449999999998,12428.579932369292,13,0,False,False
2025-02-25 14:00:00-05:00,1.0511149999999998,1.05126,1.0505149999999999,1.05106,10969.729949764907,14,0,False,False
2025-02-25 15:00:00-05:00,1.0511,1.051895,1.0509849999999998,1.05164,9885.879974231124,15,0,False,False
2025-02-25 16:00:00-05:00,1.05164,1.05175,1.0513,1.0513,4717.919946067035,16,0,False,False
2025-02-25 17:00:00-05:00,1.05149,1.05149,1.05129,1.05136,2751.539981685579,17,0,False,False
2025-02-25 18:00:00-05:00,1.05145,1.05228,1.0514000000000001,1.052065,6164.179958768189,18,0,False,False
2025-02-25 19:00:00-05:00,1.052015,1.05247,1.052015,1.0523,6531.139931306243,19,0,False,False
2025-02-25 20:00:00-05:00,1.05214,1.052325,1.051415,1.051525,11865.699857912958,20,0,False,False
2025-02-25 21:00:00-05:00,1.051605,1.05163,1.050475,1.05064,14224.239844940603,21,0,False,False
2025-02-25 22:00:00-05:00,1.050605,1.05085,1.0501749999999999,1.05045,10694.189880408347,22,0,False,False
2025-02-25 23:00:00-05:00,1.050405,1.050545,1.04972,1.049725,6355.299926772714,23,0,False,False
2025-02-26 00:00:00-05:00,1.0497299999999998,1.0497999999999998,1.049065,1.049155,12016.529888562858,0,0,True,False
2025-02-26 01:00:00-05:00,1.0492249999999999,1.049625,1.04879,1.049445,14815.549847699702,1,0,True,False
2025-02-26 02:00:00-05:00,1.04956,1.05008,1.049305,1.049395,18075.629830509424,2,0,True,False
2025-02-26 03:00:00-05:00,1.0493350000000001,1.05096,1.0493350000000001,1.0502600000000002,25892.249765209854,3,0,True,False
2025-02-26 04:00:00-05:00,1.05015,1.05031,1.04952,1.04971,18438.3898274377,4,0,True,False
2025-02-26 05:00:00-05:00,1.0496050000000001,1.05006,1.04915,1.049775,19258.98979575187,5,0,False,False
2025-02-26 06:00:00-05:00,1.04975,1.0502099999999999,1.048745,1.04916,14135.21983037889,6,0,False,False
2025-02-26 07:00:00-05:00,1.049115,1.04946,1.04752,1.04767,19029.15982453525,7,0,False,False
2025-02-26 08:00:00-05:00,1.0478399999999999,1.049415,1.0478399999999999,1.0484200000000001,23764.10977809131,8,0,False,False
2025-02-26 09:00:00-05:00,1.048305,1.0492,1.048305,1.04898,23017.229748182,9,0,False,False
2025-02-26 10:00:00-05:00,1.048895,1.0506950000000002,1.04802,1.050595,32355.46969831735,10,0,False,True
2025-02-26 11:00:00-05:00,1.050715,1.05145,1.05024,1.05137,26218.319849409163,11,0,False,False
2025-02-26 12:00:00-05:00,1.051265,1.05234,1.0483850000000001,1.04924,39794.54979868233,12,0,False,False
2025-02-26 13:00:00-05:00,1.0493350000000001,1.050045,1.048595,1.04882,29483.389905378222,13,0,False,False
2025-02-26 14:00:00-05:00,1.048765,1.0492949999999999,1.04826,1.04911,17645.06989762187,14,0,False,False
2025-02-26 15:00:00-05:00,1.049055,1.049055,1.0480900000000002,1.048625,10859.409991197288,15,0,False,False
2025-02-26 16:00:00-05:00,1.048735,1.048745,1.047865,1.0484550000000001,7107.658035643399,16,0,False,False
2025-02-26 17:00:00-05:00,1.0484,1.04885,1.048395,1.0487549999999999,2698.3499787449837,17,0,False,False
2025-02-26 18:00:00-05:00,1.048675,1.04925,1.048675,1.048805,3444.079970702529,18,0,False,False
2025-02-26 19:00:00-05:00,1.0485449999999998,1.04858,1.0477349999999999,1.0477400000000001,7958.93993704766,19,0,False,False
2025-02-26 20:00:00-05:00,1.0474999999999999,1.04833,1.047325,1.04783,12621.709866389632,20,0,False,False
2025-02-26 21:00:00-05:00,1.0478399999999999,1.04804,1.047075,1.0471,15795.259844467044,21,0,False,False
2025-02-26 22:00:00-05:00,1.04718,1.047425,1.04657,1.04657,11444.889904357493,22,0,False,False
2025-02-26 23:00:00-05:00,1.046475,1.04694,1.045925,1.046295,11555.229895368218,23,0,False,False
2025-02-27 00:00:00-05:00,1.0462099999999999,1.0465200000000001,1.0462099999999999,1.0465049999999998,11163.759898535907,0,0,True,False
2025-02-27 01:00:00-05:00,1.04653,1.047265,1.04642,1.04718,12650.279881447554,1,0,True,False
2025-02-27 02:00:00-05:00,1.047015,1.047975,1.046885,1.0475400000000001,14197.489863753319,2,0,True,False
2025-02-27 03:00:00-05:00,1.04744,1.047965,1.0470700000000002,1.04785,22945.369800396264,3,0,True,False
2025-02-27 04:00:00-05:00,1.0477699999999999,1.0484499999999999,1.04763,1.0484200000000001,17018.669813089073,4,0,True,False
2025-02-27 05:00:00-05:00,1.048315,1.048315,1.0474350000000001,1.04816,16104.989837534726,5,0,False,False
2025-02-27 06:00:00-05:00,1.0482200000000002,1.048715,1.0475949999999998,1.0475949999999998,15456.589832633734,6,0,False,False
2025-02-27 07:00:00-05:00,1.0474899999999998,1.048265,1.047445,1.047665,20614.91981242597,7,0,False,False
2025-02-27 08:00:00-05:00,1.04792,1.048115,1.04208,1.042355,38380.55964900553,8,0,False,False
2025-02-27 09:00:00-05:00,1.0426250000000001,1.04403,1.04156,1.04202,35535.279637634754,9,0,False,False
2025-02-27 10:00:00-05:00,1.04237,1.04278,1.041,1.04151,35775.049647279084,10,0,False,True
2025-02-27 11:00:00-05:00,1.041225,1.04161,1.04035,1.041375,28308.809846043587,11,0,False,False
2025-02-27 12:00:00-05:00,1.041415,1.04172,1.04016,1.040735,19148.639948107302,12,0,False,False
2025-02-27 13:00:00-05:00,1.04087,1.0417299999999998,1.04087,1.0417299999999998,11977.969958782196,13,0,False,False
2025-02-27 14:00:00-05:00,1.0416949999999998,1.0416949999999998,1.04038,1.0404499999999999,13009.2799590379,14,0,False,False
2025-02-27 15:00:00-05:00,1.040535,1.04078,1.04016,1.04054,9729.079968392849,15,0,False,False
2025-02-27 16:00:00-05:00,1.040405,1.040405,1.0397,1.03982,6051.759940780699,16,0,False,False
2025-02-27 17:00:00-05:00,1.03985,1.040095,1.03899,1.0394800000000002,2621.659983254969,17,0,False,False
2025-02-27 18:00:00-05:00,1.039275,1.040045,1.039275,1.039385,3830.1599695906043,18,0,False,False
2025-02-27 19:00:00-05:00,1.03942,1.0402550000000002,1.03942,1.0402550000000002,9196.479904480278,19,0,False,False
2025-02-27 20:00:00-05:00,1.04028,1.040405,1.038505,1.038505,17679.07981146127,20,0,False,False
2025-02-27 21:00:00-05:00,1.0385900000000001,1.039155,1.03817,1.0382500000000001,14895.469860874116,21,0,False,False
2025-02-27 22:00:00-05:00,1.0383499999999999,1.038885,1.03815,1.03883,10141.88987597078,22,0,False,False
2025-02-27 23:00:00-05:00,1.0388600000000001,1.03904,1.0386549999999999,1.0386600000000001,7103.719912238419,23,0,False,False
2025-02-28 00:00:00-05:00,1.0387149999999998,1.0390000000000001,1.0385149999999999,1.038885,11635.99987026304,0,0,True,False
2025-02-28 01:00:00-05:00,1.03884,1.0388600000000001,1.038345,1.03878,15039.819866135716,1,0,True,False
2025-02-28 02:00:00-05:00,1.0387499999999998,1.0399349999999998,1.0386199999999999,1.03962,19682.049825243652,2,0,True,False
2025-02-28 03:00:00-05:00,1.039635,1.04043,1.039565,1.040135,21129.189745351672,3,0,True,False
2025-02-28 04:00:00-05:00,1.040675,1.040675,1.039495,1.0395400000000001,18248.48979306221,4,0,True,False
2025-02-28 05:00:00-05:00,1.0395050000000001,1.04054,1.039275,1.03993,13331.689863830805,5,0,False,False
2025-02-28 06:00:00-05:00,1.040015,1.040105,1.039415,1.039885,12486.729859367013,6,0,False,False
2025-02-28 07:00:00-05:00,1.0398450000000001,1.040755,1.0398450000000001,1.040705,13265.959853716195,7,0,False,False
2025-02-28 08:00:00-05:00,1.04081,1.0416249999999998,1.040645,1.0406900000000001,24277.11975749582,8,0,False,False
2025-02-28 09:00:00-05:00,1.0407600000000001,1.0413649999999999,1.040155,1.0409899999999999,21337.86979907751,9,0,False,False
2025-02-28 10:00:00-05:00,1.04112,1.04195,1.03974,1.039995,28255.16974594444,10,0,False,True
2025-02-28 11:00:00-05:00,1.03989,1.04105,1.03989,1.040165,29246.94985871762,11,0,False,False
2025-02-28 12:00:00-05:00,1.039995,1.04096,1.039405,1.039655,22802.339919023216,12,0,False,False
2025-02-28 13:00:00-05:00,1.039565,1.0397750000000001,1.03632,1.0363600000000002,32313.07984343916,13,0,False,False
2025-02-28 14:00:00-05:00,1.0363449999999998,1.03736,1.036045,1.03678,15872.269955143332,14,0,False,False
2025-02-28 15:00:00-05:00,1.03662,1.037675,1.03632,1.03751,14429.41986925155,15,0,False,False
2025-02-28 16:00:00-05:00,1.037245,1.037675,1.036905,1.03765,10461.229919053614,16,0,False,False
2025-03-02 17:00:00-05:00,1.04041,1.04043,1.039995,1.0404,2731.749966055155,17,0,False,False
2025-03-02 18:00:00-05:00,1.0402749999999998,1.04206,1.0400800000000001,1.041225,14193.629903033376,18,0,False,False
2025-03-02 19:00:00-05:00,1.04099,1.04199,1.040275,1.040945,16195.269845306873,19,0,False,False
2025-03-02 20:00:00-05:00,1.041015,1.0422799999999999,1.041015,1.041985,17435.699810907245,20,0,False,False
2025-03-02 21:00:00-05:00,1.0419100000000001,1.042255,1.0416500000000002,1.042,10076.179865218699,21,0,False,False
2025-03-02 22:00:00-05:00,1.04195,1.04195,1.0410599999999999,1.0416949999999998,11170.629859894514,22,0,False,False
2025-03-02 23:00:00-05:00,1.0416750000000001,1.04204,1.0416750000000001,1.041795,7499.509899176657,23,0,False,False
2025-03-03 00:00:00-05:00,1.0417299999999998,1.041935,1.04127,1.041445,10894.909889020026,0,0,True,False
2025-03-03 01:00:00-05:00,1.0414349999999999,1.0416,1.040695,1.04085,11661.039892412722,1,0,True,False
2025-03-03 02:00:00-05:00,1.040695,1.04091,1.04021,1.0405600000000002,17111.199827179313,2,0,True,False
2025-03-03 03:00:00-05:00,1.0405,1.04064,1.039055,1.0401150000000001,24785.819765277207,3,0,True,False
2025-03-03 04:00:00-05:00,1.04016,1.04284,1.04016,1.0427149999999998,15996.6798325032,4,0,True,False
2025-03-03 05:00:00-05:00,1.0435349999999999,1.04428,1.04333,1.0442,17095.57984816283,5,0,False,False
2025-03-03 06:00:00-05:00,1.0442049999999998,1.04572,1.0442049999999998,1.0452599999999999,22904.119766131043,6,0,False,False
2025-03-03 07:00:00-05:00,1.0456050000000001,1.0475599999999998,1.0456050000000001,1.04704,23756.31974349171,7,0,False,False
2025-03-03 08:00:00-05:00,1.0470000000000002,1.04762,1.04608,1.0471949999999999,20194.08981820941,8,0,False,False
2025-03-03 09:00:00-05:00,1.047145,1.0489600000000001,1.0468950000000001,1.04827,21967.069760479033,9,0,False,False
2025-03-03 10:00:00-05:00,1.0492,1.049935,1.048465,1.04847,34697.399660900235,10,0,False,True
2025-03-03 11:00:00-05:00,1.0488650000000002,1.050055,1.04854,1.04962,20901.98982988298,11,0,False,False
2025-03-03 12:00:00-05:00,1.049195,1.0496599999999998,1.04873,1.04905,12866.969900600612,12,0,False,False
2025-03-03 13:00:00-05:00,1.048875,1.049165,1.048625,1.048715,17770.639892488718,13,0,False,False
2025-03-03 14:00:00-05:00,1.048815,1.04935,1.047295,1.047295,17608.26988865435,14,0,False,False
2025-03-03 15:00:00-05:00,1.04685,1.048365,1.0467149999999998,1.048225,31059.749836087227,15,0,False,False
2025-03-03 16:00:00-05:00,1.048115,1.04925,1.048115,1.0487449999999998,9336.219926893711,16,0,False,False
2025-03-03 17:00:00-05:00,1.0488,1.04886,1.048535,1.04881,3875.2199763804674,17,0,False,False
2025-03-03 18:00:00-05:00,1.04879,1.0492599999999999,1.048085,1.04855,6516.419945567846,18,0,False,False
2025-03-03 19:00:00-05:00,1.048665,1.048825,1.04772,1.048825,12473.499886743724,19,0,False,False
2025-03-03 20:00:00-05:00,1.0487549999999999,1.0494949999999998,1.04841,1.04884,17954.509812362492,20,0,False,False
2025-03-03 21:00:00-05:00,1.04892,1.04892,1.0480800000000001,1.0480800000000001,18314.09983908385,21,0,False,False
2025-03-03 22:00:00-05:00,1.04803,1.04834,1.047575,1.0477349999999999,17003.369851224124,22,0,False,False
2025-03-03 23:00:00-05:00,1.047745,1.048015,1.0471599999999999,1.0478100000000001,13635.799873545766,23,0,False,False
2025-03-04 00:00:00-05:00,1.047895,1.0485799999999998,1.047705,1.048355,18311.699828729033,0,0,True,False
2025-03-04 01:00:00-05:00,1.0483,1.0489,1.04792,1.0486,11414.159877724946,1,0,True,False
2025-03-04 02:00:00-05:00,1.048855,1.049995,1.0482,1.049315,23562.429778061807,2,0,True,False
2025-03-04 03:00:00-05:00,1.0490650000000001,1.0522900000000002,1.04893,1.051905,33313.38968414813,3,0,True,False
2025-03-04 04:00:00-05:00,1.05185,1.052605,1.05104,1.0512000000000001,24477.569794669747,4,0,True,False
2025-03-04 05:00:00-05:00,1.0508899999999999,1.051895,1.05029,1.051145,19792.289808787405,5,0,False,False
2025-03-04 06:00:00-05:00,1.0510000000000002,1.05442,1.0510000000000002,1.05442,17810.029808975756,6,0,False,False
2025-03-04 07:00:00-05:00,1.054535,1.0554100000000002,1.05373,1.05531,22081.689754143357,7,0,False,False
2025-03-04 08:00:00-05:00,1.05535,1.05582,1.0532,1.0539100000000001,28710.079715915024,8,0,False,False
2025-03-04 09:00:00-05:00,1.0539450000000001,1.0547,1.0521449999999999,1.0521449999999999,33366.49968264252,9,0,False,False
2025-03-04 10:00:00-05:00,1.051585,1.0527549999999999,1.049885,1.052645,34992.98966725916,10,0,False,True
2025-03-04 11:00:00-05:00,1.052625,1.053655,1.05159,1.053375,30753.569822989404,11,0,False,False
2025-03-04 12:00:00-05:00,1.05355,1.05432,1.053115,1.0541800000000001,27695.569817572832,12,0,False,False
2025-03-04 13:00:00-05:00,1.05427,1.0590950000000001,1.053845,1.05907,35728.67977041751,13,0,False,False
2025-03-04 14:00:00-05:00,1.05926,1.0600800000000001,1.058675,1.0600800000000001,24735.909871913493,14,0,False,False
2025-03-04 15:00:00-05:00,1.060575,1.0623049999999998,1.060395,1.060855,25934.269820563495,15,0,False,False
2025-03-04 16:00:00-05:00,1.06101,1.0626950000000002,1.06088,1.0626,17651.619868777692,16,0,False,False
2025-03-04 17:00:00-05:00,1.062475,1.062585,1.0618500000000002,1.061995,5975.949967376888,17,0,False,False
2025-03-04 18:00:00-05:00,1.0624850000000001,1.06369,1.06217,1.06233,8456.78992844373,18,0,False,False
2025-03-04 19:00:00-05:00,1.061995,1.0626799999999998,1.061085,1.0621,13460.489840000868,19,0,False,False
2025-03-04 20:00:00-05:00,1.06215,1.062535,1.06118,1.06128,21013.939761333168,20,0,False,False
2025-03-04 21:00:00-05:00,1.06119,1.0613000000000001,1.06042,1.06043,27097.469786465168,21,0,False,False
2025-03-04 22:00:00-05:00,1.06029,1.06182,1.06029,1.06182,23140.91974428296,22,0,False,False
2025-03-04 23:00:00-05:00,1.061965,1.0625300000000002,1.061625,1.0619,13181.149879343808,23,0,False,False
2025-03-05 00:00:00-05:00,1.06201,1.06318,1.061935,1.06315,13572.449869446456,0,0,True,False
2025-03-05 01:00:00-05:00,1.06323,1.063855,1.06249,1.06324,19925.619843304157,1,0,True,False
2025-03-05 02:00:00-05:00,1.0635949999999998,1.0674700000000001,1.0630899999999999,1.0674700000000001,38619.73968322575,2,0,True,False
2025-03-05 03:00:00-05:00,1.06699,1.069925,1.066055,1.069795,44139.47960564494,3,0,True,False
2025-03-05 04:00:00-05:00,1.07006,1.072105,1.069675,1.0711849999999998,32651.559683948755,4,0,True,False
2025-03-05 05:00:00-05:00,1.07144,1.07144,1.06847,1.069705,22907.02979104966,5,0,False,False
2025-03-05 06:00:00-05:00,1.06975,1.06975,1.06771,1.0678800000000002,19458.659785874188,6,0,False,False
2025-03-05 07:00:00-05:00,1.068125,1.0713,1.068125,1.069575,24151.21977546811,7,0,False,False
2025-03-05 08:00:00-05:00,1.0695350000000001,1.072175,1.069095,1.07159,38701.9595798105,8,0,False,False
2025-03-05 09:00:00-05:00,1.0714700000000001,1.07739,1.0714700000000001,1.0769549999999999,41673.99960844219,9,0,False,False
2025-03-05 10:00:00-05:00,1.0757050000000001,1.0768149999999999,1.0741399999999999,1.07652,50329.429514341056,10,0,False,True
2025-03-05 11:00:00-05:00,1.076285,1.07846,1.0762450000000001,1.07671,35674.06969039142,11,0,False,False
2025-03-05 12:00:00-05:00,1.076425,1.0787499999999999,1.076425,1.078525,32608.08982526511,12,0,False,False
2025-03-05 13:00:00-05:00,1.0787200000000001,1.0787849999999999,1.07647,1.077365,31230.899852752686,13,0,False,False
2025-03-05 14:00:00-05:00,1.07743,1.07907,1.0771000000000002,1.079015,20929.12990796566,14,0,False,False
2025-03-05 15:00:00-05:00,1.079125,1.079625,1.078815,1.079235,11271.969964280725,15,0,False,False
2025-03-05 16:00:00-05:00,1.079225,1.079225,1.078585,1.07884,9246.799908354878,16,0,False,False
2025-03-05 17:00:00-05:00,1.078925,1.07932,1.07892,1.079115,2691.1599835902452,17,0,False,False
2025-03-05 18:00:00-05:00,1.07915,1.07951,1.078765,1.07943,5673.0399407073855,18,0,False,False
2025-03-05 19:00:00-05:00,1.079585,1.08025,1.078825,1.079455,12855.499880842865,19,0,False,False
2025-03-05 20:00:00-05:00,1.07921,1.082,1.0789900000000001,1.0815350000000001,17679.249840535223,20,0,False,False
2025-03-05 21:00:00-05:00,1.08165,1.081865,1.07988,1.08053,20525.109840154648,21,0,False,False
2025-03-05 22:00:00-05:00,1.0803449999999999,1.0803449999999999,1.078945,1.078965,15920.199825458229,22,0,False,False
2025-03-05 23:00:00-05:00,1.078935,1.08037,1.0784500000000001,1.0803500000000001,12296.279868111014,23,0,False,False
2025-03-06 00:00:00-05:00,1.080365,1.08104,1.080075,1.08104,11938.109875842929,0,0,True,False
2025-03-06 01:00:00-05:00,1.081235,1.08198,1.080015,1.0802800000000001,14999.71982294321,1,0,True,False
2025-03-06 02:00:00-05:00,1.080565,1.08203,1.079355,1.07991,29642.91968408972,2,0,True,False
2025-03-06 03:00:00-05:00,1.0796350000000001,1.0815000000000001,1.079475,1.0801349999999998,38696.17961156368,3,0,True,False
2025-03-06 04:00:00-05:00,1.07944,1.080555,1.0781999999999998,1.07999,31196.629697933793,4,0,True,False
2025-03-06 05:00:00-05:00,1.0799500000000002,1.0802200000000002,1.078405,1.0792,27335.199756242335,5,0,False,False
2025-03-06 06:00:00-05:00,1.079175,1.08007,1.0785,1.079925,20161.039797008038,6,0,False,False
2025-03-06 07:00:00-05:00,1.0799349999999999,1.0805850000000001,1.078975,1.0800100000000001,17993.629801370203,7,0,False,False
2025-03-06 08:00:00-05:00,1.07992,1.08436,1.079335,1.082605,41697.46965048462,8,0,False,False
2025-03-06 09:00:00-05:00,1.0821749999999999,1.0839249999999998,1.08121,1.08372,47452.83956247568,9,0,False,False
2025-03-06 10:00:00-05:00,1.08412,1.0851250000000001,1.081295,1.08172,46378.479617357254,10,0,False,True
2025-03-06 11:00:00-05:00,1.08173,1.0832600000000001,1.0816249999999998,1.08176,37777.98977261782,11,0,False,False
2025-03-06 12:00:00-05:00,1.081925,1.08216,1.079255,1.07971,29281.93986070156,12,0,False,False
2025-03-06 13:00:00-05:00,1.07962,1.08003,1.0766,1.078385,24416.279920607805,13,0,False,False
2025-03-06 14:00:00-05:00,1.078405,1.08104,1.078405,1.080175,22799.72992337495,14,0,False,False
2025-03-06 15:00:00-05:00,1.080135,1.0803,1.078605,1.078655,16702.789929904044,15,0,False,False
2025-03-06 16:00:00-05:00,1.078735,1.07903,1.0775450000000002,1.07846,7860.079939424992,16,0,False,False
2025-03-06 17:00:00-05:00,1.07847,1.079175,1.078255,1.079145,3988.40998480469,17,0,False,False
2025-03-06 18:00:00-05:00,1.07895,1.079625,1.078515,1.0787499999999999,4563.759964220226,18,0,False,False
2025-03-06 19:00:00-05:00,1.078805,1.07951,1.0787650000000002,1.0787650000000002,7619.579917900264,19,0,False,False
2025-03-06 20:00:00-05:00,1.07888,1.079245,1.0781749999999999,1.079015,11571.979869656265,20,0,False,False
2025-03-06 21:00:00-05:00,1.079125,1.079935,1.07861,1.079935,14755.229877665639,21,0,False,False
2025-03-06 22:00:00-05:00,1.07973,1.08142,1.07973,1.0805850000000001,12085.559887178242,22,0,False,False
2025-03-06 23:00:00-05:00,1.08064,1.08131,1.0803099999999999,1.08131,10502.049908854067,23,0,False,False
2025-03-07 00:00:00-05:00,1.08135,1.0817649999999999,1.080785,1.0813350000000002,10456.239906400442,0,0,True,False
2025-03-07 01:00:00-05:00,1.081245,1.0825,1.0808300000000002,1.082365,15210.899849407375,1,0,True,False
2025-03-07 02:00:00-05:00,1.082355,1.083965,1.0821049999999999,1.082985,20103.80978732556,2,0,True,False
2025-03-07 03:00:00-05:00,1.082875,1.08547,1.0827,1.08509,24540.869742937386,3,0,True,False
2025-03-07 04:00:00-05:00,1.08497,1.08677,1.0846200000000001,1.0861399999999999,21987.66974531114,4,0,True,False
2025-03-07 05:00:00-05:00,1.086225,1.086625,1.085795,1.0860750000000001,18449.60976652056,5,0,False,False
2025-03-07 06:00:00-05:00,1.085715,1.08582,1.0845150000000001,1.08495,19465.93978562206,6,0,False,False
2025-03-07 07:00:00-05:00,1.0849099999999998,1.085595,1.08425,1.085455,20160.73976972699,7,0,False,False
2025-03-07 08:00:00-05:00,1.085275,1.08864,1.084505,1.084505,49642.27954983711,8,0,False,False
2025-03-07 09:00:00-05:00,1.08501,1.08814,1.08501,1.085375,48144.15950573981,9,0,False,False
2025-03-07 10:00:00-05:00,1.085745,1.08745,1.0836350000000001,1.087015,50799.56953591108,10,0,False,True
2025-03-07 11:00:00-05:00,1.087065,1.08717,1.0838999999999999,1.0858750000000001,30283.23980549723,11,0,False,False
2025-03-07 12:00:00-05:00,1.086225,1.086315,1.083205,1.08433,29216.979851439595,12,0,False,False
2025-03-07 13:00:00-05:00,1.08427,1.08427,1.08279,1.08401,19647.89987359196,13,0,False,False
2025-03-07 14:00:00-05:00,1.0838649999999999,1.084335,1.083445,1.0842749999999999,14588.219898760319,14,0,False,False
2025-03-07 15:00:00-05:00,1.08453,1.0849000000000002,1.084025,1.0847449999999998,9295.909938640893,15,0,False,False
2025-03-07 16:00:00-05:00,1.08469,1.085095,1.0832350000000002,1.0832350000000002,8683.029944039881,16,0,False,False
2025-03-09 17:00:00-04:00,1.08353,1.08406,1.083155,1.08406,1088.4999764859676,17,0,False,False
2025-03-09 18:00:00-04:00,1.084115,1.08594,1.0840049999999999,1.084935,13666.369884006679,18,0,False,False
2025-03-09 19:00:00-04:00,1.08531,1.086425,1.085135,1.086025,10244.799906089902,19,0,False,False
2025-03-09 20:00:00-04:00,1.085655,1.0866799999999999,1.08536,1.08643,11859.059851922095,20,0,False,False
2025-03-09 21:00:00-04:00,1.0868,1.0870250000000001,1.08531,1.08531,13328.329820424318,21,0,False,False
2025-03-09 22:00:00-04:00,1.08548,1.08548,1.08371,1.08371,19287.179823465645,22,0,False,False
2025-03-09 23:00:00-04:00,1.083535,1.0838,1.08307,1.0831650000000002,14362.909852027893,23,0,False,False
2025-03-10 00:00:00-04:00,1.083135,1.08375,1.083075,1.0830799999999998,10605.439886309206,0,0,True,False
2025-03-10 01:00:00-04:00,1.0830350000000002,1.08354,1.0828449999999998,1.083515,14705.759862817824,1,0,True,False
2025-03-10 02:00:00-04:00,1.083555,1.084435,1.08351,1.083735,18414.929832421243,2,0,True,False
2025-03-10 03:00:00-04:00,1.083535,1.0843349999999998,1.081445,1.082275,20133.849778801203,3,0,True,False
2025-03-10 04:00:00-04:00,1.082125,1.08229,1.0805600000000002,1.08101,32813.789681337774,4,0,True,False
2025-03-10 05:00:00-04:00,1.08108,1.08562,1.08099,1.08513,29972.54969227314,5,0,False,False
2025-03-10 06:00:00-04:00,1.085825,1.087265,1.08515,1.0861049999999999,26286.99971025437,6,0,False,False
2025-03-10 07:00:00-04:00,1.085935,1.0864449999999999,1.08196,1.08507,37127.4496326372,7,0,False,False
2025-03-10 08:00:00-04:00,1.08531,1.08592,1.084235,1.084405,23756.74974051118,8,0,False,False
2025-03-10 09:00:00-04:00,1.084155,1.084965,1.08338,1.083515,24191.629755556583,9,0,False,False
2025-03-10 10:00:00-04:00,1.083465,1.0846,1.083175,1.08452,29112.00973651558,10,0,False,True
2025-03-10 11:00:00-04:00,1.084705,1.084705,1.0821749999999999,1.08371,31518.519670411944,11,0,False,False
2025-03-10 12:00:00-04:00,1.0838299999999998,1.084085,1.08283,1.08304,24371.319810524583,12,0,False,False
2025-03-10 13:00:00-04:00,1.0829,1.084555,1.082745,1.08298,20177.579914934933,13,0,False,False
2025-03-10 14:00:00-04:00,1.082725,1.0830600000000001,1.08186,1.08297,15935.429913550615,14,0,False,False
2025-03-10 15:00:00-04:00,1.0826500000000001,1.083175,1.0818750000000001,1.083175,13197.639941222966,15,0,False,False
2025-03-10 16:00:00-04:00,1.083445,1.083615,1.0826,1.08345,6743.609951339662,16,0,False,False
2025-03-10 17:00:00-04:00,1.083455,1.08358,1.0831149999999998,1.083515,1941.209996432066,17,0,False,False
2025-03-10 18:00:00-04:00,1.083625,1.084055,1.0834000000000001,1.083485,3831.59998177737,18,0,False,False
2025-03-10 19:00:00-04:00,1.0837500000000002,1.084315,1.0837500000000002,1.083935,4950.469946213067,19,0,False,False
2025-03-10 20:00:00-04:00,1.08401,1.0852300000000001,1.08401,1.0851600000000001,9421.239893607795,20,0,False,False
2025-03-10 21:00:00-04:00,1.085095,1.08584,1.0844399999999998,1.085815,14202.789834231138,21,0,False,False
2025-03-10 22:00:00-04:00,1.085705,1.0859999999999999,1.08503,1.085595,17518.949833869934,22,0,False,False
2025-03-10 23:00:00-04:00,1.0856050000000002,1.085965,1.08491,1.085435,12899.779873222113,23,0,False,False
2025-03-11 00:00:00-04:00,1.08533,1.086125,1.085065,1.085445,8048.089931301773,0,0,True,False
2025-03-11 01:00:00-04:00,1.08539,1.08551,1.083655,1.08384,9486.6098985821,1,0,True,False
2025-03-11 02:00:00-04:00,1.08393,1.087425,1.083715,1.085655,20528.02982559055,2,0,True,False
2025-03-11 03:00:00-04:00,1.085665,1.089905,1.085665,1.08908,28423.939721331,3,0,True,False
2025-03-11 04:00:00-04:00,1.08903,1.09177,1.0885699999999998,1.09172,31182.409705929458,4,0,True,False
2025-03-11 05:00:00-04:00,1.0917400000000002,1.091925,1.08981,1.09085,22385.769779399037,5,0,False,False
2025-03-11 06:00:00-04:00,1.090545,1.090545,1.08841,1.08907,19675.31985219568,6,0,False,False
2025-03-11 07:00:00-04:00,1.088715,1.09047,1.08827,1.09047,15587.159854911268,7,0,False,False
2025-03-11 08:00:00-04:00,1.090485,1.0918800000000002,1.090315,1.09181,23270.49974464625,8,0,False,False
2025-03-11 09:00:00-04:00,1.09176,1.09303,1.09123,1.09204,30370.439734876156,9,0,False,False
2025-03-11 10:00:00-04:00,1.0912549999999999,1.09192,1.0898349999999999,1.09192,38998.09958154708,10,0,False,True
2025-03-11 11:00:00-04:00,1.0918450000000002,1.0928550000000001,1.091405,1.09273,29573.19971060753,11,0,False,False
2025-03-11 12:00:00-04:00,1.09259,1.09289,1.091905,1.09252,19450.11985951662,12,0,False,False
2025-03-11 13:00:00-04:00,1.092605,1.0934300000000001,1.0925099999999999,1.0934300000000001,14636.219902552664,13,0,False,False
2025-03-11 14:00:00-04:00,1.093465,1.09472,1.0925950000000002,1.0930900000000001,29989.04985291511,14,0,False,False
2025-03-11 15:00:00-04:00,1.092935,1.0931950000000001,1.09199,1.09199,16147.409907698631,15,0,False,False
2025-03-11 16:00:00-04:00,1.09192,1.09209,1.09105,1.0918700000000001,7985.389931693673,16,0,False,False
2025-03-11 17:00:00-04:00,1.091885,1.0922450000000001,1.09116,1.0911849999999998,5176.679966360331,17,0,False,False
2025-03-11 18:00:00-04:00,1.0914,1.0918649999999999,1.091365,1.09158,4827.679970100522,18,0,False,False
2025-03-11 19:00:00-04:00,1.09145,1.09177,1.091355,1.0914000000000001,3897.1299710273743,19,0,False,False
2025-03-11 20:00:00-04:00,1.0915750000000002,1.0915750000000002,1.090595,1.0908950000000002,9905.109901465476,20,0,False,False
2025-03-11 21:00:00-04:00,1.09103,1.09152,1.090625,1.090655,16792.279850512743,21,0,False,False
2025-03-11 22:00:00-04:00,1.090705,1.091125,1.090385,1.090385,16760.039862781763,22,0,False,False
2025-03-11 23:00:00-04:00,1.09046,1.09046,1.08963,1.089725,10324.599922798574,23,0,False,False
2025-03-12 00:00:00-04:00,1.089725,1.09026,1.08961,1.0898949999999998,10505.469897508621,0,0,True,False
2025-03-12 01:00:00-04:00,1.08966,1.09037,1.089545,1.09036,10295.949892811477,1,0,True,False
2025-03-12 02:00:00-04:00,1.0903,1.09084,1.0892300000000001,1.0892300000000001,14207.369851261377,2,0,True,False
2025-03-12 03:00:00-04:00,1.08922,1.09021,1.088865,1.09015,21828.79978106171,3,0,True,False
2025-03-12 04:00:00-04:00,1.089925,1.092145,1.089925,1.092145,30999.02970919013,4,0,True,False
2025-03-12 05:00:00-04:00,1.092055,1.092625,1.091395,1.09145,23324.909732878208,5,0,False,False
2025-03-12 06:00:00-04:00,1.091305,1.092,1.09048,1.09062,19389.199802063406,6,0,False,False
2025-03-12 07:00:00-04:00,1.09062,1.09125,1.089995,1.0901,22303.9397841841,7,0,False,False
2025-03-12 08:00:00-04:00,1.089845,1.091725,1.087815,1.087815,43597.86959592253,8,0,False,False
2025-03-12 09:00:00-04:00,1.087875,1.08956,1.087685,1.08822,38942.11958870292,9,0,False,False
2025-03-12 10:00:00-04:00,1.08849,1.0912950000000001,1.08839,1.0912950000000001,31152.039709091187,10,0,False,True
2025-03-12 11:00:00-04:00,1.09148,1.09244,1.0910549999999999,1.09244,25855.199738055468,11,0,False,False
2025-03-12 12:00:00-04:00,1.0922800000000001,1.092555,1.09058,1.09058,23552.009864136577,12,0,False,False
2025-03-12 13:00:00-04:00,1.090425,1.09141,1.09042,1.090695,18240.289931170642,13,0,False,False
2025-03-12 14:00:00-04:00,1.0908250000000002,1.0909200000000001,1.088075,1.0884550000000002,12949.429964259267,14,0,False,False
2025-03-12 15:00:00-04:00,1.08847,1.0897199999999998,1.0883500000000002,1.089025,10539.459943309426,15,0,False,False
2025-03-12 16:00:00-04:00,1.0888749999999998,1.08936,1.088695,1.0888,5882.779938742518,16,0,False,False
2025-03-12 17:00:00-04:00,1.088825,1.089025,1.08865,1.08875,1640.5199931189418,17,0,False,False
2025-03-12 18:00:00-04:00,1.088955,1.08899,1.08877,1.08893,1850.989989347756,18,0,False,False
2025-03-12 19:00:00-04:00,1.088915,1.08898,1.088385,1.088555,2471.129992567003,19,0,False,False
2025-03-12 20:00:00-04:00,1.0886149999999999,1.08917,1.08832,1.08917,7709.149934716523,20,0,False,False
2025-03-12 21:00:00-04:00,1.08932,1.08932,1.088685,1.0889199999999999,12885.649882853031,21,0,False,False
2025-03-12 22:00:00-04:00,1.08899,1.08968,1.08897,1.08955,12245.439906999469,22,0,False,False
2025-03-12 23:00:00-04:00,1.0895100000000002,1.0895100000000002,1.0885099999999999,1.0885099999999999,8887.519923657179,23,0,False,False
2025-03-13 00:00:00-04:00,1.08832,1.08935,1.088195,1.08935,9069.159886956215,0,0,True,False
2025-03-13 01:00:00-04:00,1.0892249999999999,1.0892249999999999,1.08799,1.08853,11326.539869889617,1,0,True,False
2025-03-13 02:00:00-04:00,1.088405,1.088405,1.087035,1.0874700000000002,16662.57980837673,2,0,True,False
2025-03-13 03:00:00-04:00,1.0875050000000002,1.0884550000000002,1.0860949999999998,1.08655,22740.44976966828,3,0,True,False
2025-03-13 04:00:00-04:00,1.08669,1.0883150000000001,1.08651,1.087335,27928.139687001705,4,0,True,False
2025-03-13 05:00:00-04:00,1.087345,1.088425,1.086995,1.0879349999999999,17895.36979562044,5,0,False,False
2025-03-13 06:00:00-04:00,1.08799,1.08829,1.086725,1.08701,16268.039798013866,6,0,False,False
2025-03-13 07:00:00-04:00,1.08701,1.08724,1.08536,1.08563,21424.38977982849,7,0,False,False
2025-03-13 08:00:00-04:00,1.085235,1.086655,1.0830600000000001,1.083475,32372.45182661712,8,0,False,False
2025-03-13 09:00:00-04:00,1.08377,1.085145,1.082305,1.08475,25149.289753988385,9,0,False,False
2025-03-13 10:00:00-04:00,1.0850650000000002,1.0868099999999998,1.0850650000000002,1.086515,24873.15974841267,10,0,False,True
2025-03-13 11:00:00-04:00,1.086405,1.087085,1.0856,1.0858599999999998,27823.229705780745,11,0,False,False
2025-03-13 12:00:00-04:00,1.08567,1.08778,1.0856400000000002,1.087265,20862.659823410213,12,0,False,False
2025-03-13 13:00:00-04:00,1.08725,1.08725,1.085475,1.085475,17996.009903118014,13,0,False,False
2025-03-13 14:00:00-04:00,1.085455,1.085715,1.08525,1.0853700000000002,10834.68994333595,14,0,False,False
2025-03-13 15:00:00-04:00,1.08548,1.085615,1.084775,1.0848399999999998,8963.819960825145,15,0,False,False
2025-03-13 16:00:00-04:00,1.0847449999999998,1.085585,1.0847449999999998,1.0852249999999999,6231.229932755232,16,0,False,False
2025-03-13 17:00:00-04:00,1.0854,1.0854,1.08484,1.08534,3336.2099846825004,17,0,False,False
2025-03-13 18:00:00-04:00,1.085555,1.085555,1.08513,1.0852650000000001,2605.749984845519,18,0,False,False
2025-03-13 19:00:00-04:00,1.08521,1.0855000000000001,1.085075,1.0854949999999999,3294.469983957708,19,0,False,False
2025-03-13 20:00:00-04:00,1.085565,1.085815,1.0849199999999999,1.0849199999999999,6423.499935664237,20,0,False,False
2025-03-13 21:00:00-04:00,1.0848550000000001,1.0848550000000001,1.084085,1.084095,13540.189846143126,21,0,False,False
2025-03-13 22:00:00-04:00,1.08429,1.08429,1.08344,1.084035,12125.059878781438,22,0,False,False
2025-03-13 23:00:00-04:00,1.08399,1.084565,1.0838299999999998,1.084565,14719.35985197872,23,0,False,False
2025-03-14 00:00:00-04:00,1.0846149999999999,1.0846149999999999,1.08377,1.084105,11850.87987396866,0,0,True,False
2025-03-14 01:00:00-04:00,1.0842399999999999,1.085145,1.0842049999999999,1.085075,13709.82983174175,1,0,True,False
2025-03-14 02:00:00-04:00,1.0848550000000001,1.0849250000000001,1.08354,1.083855,15180.909851931036,2,0,True,False
2025-03-14 03:00:00-04:00,1.0836899999999998,1.08465,1.0831,1.08392,17789.029785335064,3,0,True,False
2025-03-14 04:00:00-04:00,1.0838700000000001,1.0855899999999998,1.0838700000000001,1.085385,18719.91975735128,4,0,True,False
2025-03-14 05:00:00-04:00,1.0855000000000001,1.0861649999999998,1.084765,1.0852249999999999,14290.689820483327,5,0,False,False
2025-03-14 06:00:00-04:00,1.085195,1.090865,1.085195,1.08951,33285.229647152126,6,0,False,False
2025-03-14 07:00:00-04:00,1.089745,1.090915,1.0889,1.08967,30686.66969192773,7,0,False,False
2025-03-14 08:00:00-04:00,1.09009,1.091005,1.08938,1.08947,22082.87978386879,8,0,False,False
2025-03-14 09:00:00-04:00,1.08927,1.08976,1.08735,1.087435,21858.069777332246,9,0,False,False
2025-03-14 10:00:00-04:00,1.087815,1.0886,1.0866799999999999,1.08779,25305.73972827941,10,0,False,True
2025-03-14 11:00:00-04:00,1.0875650000000001,1.0886399999999998,1.08677,1.0871650000000002,23229.10979833454,11,0,False,False
2025-03-14 12:00:00-04:00,1.087215,1.08897,1.0871149999999998,1.0883150000000001,14232.4098861292,12,0,False,False
2025-03-14 13:00:00-04:00,1.08816,1.08878,1.08796,1.08822,8956.619945310056,13,0,False,False
2025-03-14 14:00:00-04:00,1.0881949999999998,1.088625,1.087465,1.08804,9312.009958781302,14,0,False,False
2025-03-14 15:00:00-04:00,1.0881349999999999,1.0883699999999998,1.08786,1.08832,6635.269971258938,15,0,False,False
2025-03-14 16:00:00-04:00,1.08832,1.0885850000000001,1.0878700000000001,1.0878700000000001,6490.5499567985535,16,0,False,False
2025-03-16 17:00:00-04:00,1.088025,1.08814,1.087765,1.088125,1028.0899891257286,17,0,False,False
2025-03-16 18:00:00-04:00,1.087945,1.08847,1.087515,1.08814,7156.539956502616,18,0,False,False
2025-03-16 19:00:00-04:00,1.08818,1.08847,1.087955,1.087955,5078.279959559441,19,0,False,False
2025-03-16 20:00:00-04:00,1.0882749999999999,1.0882749999999999,1.08759,1.08796,6261.679933637381,20,0,False,False
2025-03-16 21:00:00-04:00,1.0879750000000001,1.088955,1.08749,1.088285,9035.929894581437,21,0,False,False
2025-03-16 22:00:00-04:00,1.088505,1.088505,1.087965,1.08814,7859.309927754104,22,0,False,False
2025-03-16 23:00:00-04:00,1.088225,1.0885799999999999,1.087715,1.0883500000000002,7064.529930993915,23,0,False,False
2025-03-17 00:00:00-04:00,1.08844,1.0892,1.087805,1.088215,9187.569936104119,0,0,True,False
2025-03-17 01:00:00-04:00,1.0880450000000002,1.08809,1.0874350000000002,1.0877750000000002,9763.069929979742,1,0,True,False
2025-03-17 02:00:00-04:00,1.0878800000000002,1.08841,1.08743,1.08778,13825.799886263907,2,0,True,False
2025-03-17 03:00:00-04:00,1.0880649999999998,1.08837,1.086935,1.0876299999999999,17842.68985763192,3,0,True,False
2025-03-17 04:00:00-04:00,1.087495,1.0885799999999999,1.08718,1.0883699999999998,34561.22983063012,4,0,True,False
2025-03-17 05:00:00-04:00,1.0883250000000002,1.089985,1.08778,1.089985,19503.27984881401,5,0,False,False
2025-03-17 06:00:00-04:00,1.0902850000000002,1.090975,1.08969,1.090785,15945.8698733598,6,0,False,False
2025-03-17 07:00:00-04:00,1.0907650000000002,1.0911499999999998,1.0896750000000002,1.0902150000000002,14582.509914048016,7,0,False,False
2025-03-17 08:00:00-04:00,1.090325,1.0906099999999999,1.0888499999999999,1.090185,28343.87982774526,8,0,False,False
2025-03-17 09:00:00-04:00,1.09028,1.09063,1.0897700000000001,1.09049,26338.679864369333,9,0,False,False
2025-03-17 10:00:00-04:00,1.0907300000000002,1.0918100000000002,1.090255,1.091605,31835.749842360616,10,0,False,True
2025-03-17 11:00:00-04:00,1.091885,1.0929099999999998,1.0917750000000002,1.092155,19866.169826455414,11,0,False,False
2025-03-17 12:00:00-04:00,1.09211,1.0926,1.0915,1.092125,12438.719930663705,12,0,False,False
2025-03-17 13:00:00-04:00,1.092085,1.09231,1.0912449999999998,1.09141,9359.889959141612,13,0,False,False
2025-03-17 14:00:00-04:00,1.091415,1.0926,1.091305,1.092555,16417.74993363768,14,0,False,False
2025-03-17 15:00:00-04:00,1.0924,1.0925150000000001,1.0918800000000002,1.0920649999999998,5827.889956310391,15,0,False,False
2025-03-17 16:00:00-04:00,1.0920999999999998,1.092725,1.09206,1.0922450000000001,5927.17995224148,16,0,False,False
2025-03-17 17:00:00-04:00,1.0921699999999999,1.0923500000000002,1.091915,1.092285,2586.1199954152107,17,0,False,False
2025-03-17 18:00:00-04:00,1.09213,1.0922450000000001,1.091945,1.092125,2973.3499852865934,18,0,False,False
2025-03-17 19:00:00-04:00,1.0921349999999999,1.0921349999999999,1.09182,1.09182,1525.5499826744199,19,0,False,False
2025-03-17 20:00:00-04:00,1.0918299999999999,1.092095,1.091515,1.09161,7275.8199063539505,20,0,False,False
2025-03-17 21:00:00-04:00,1.091675,1.091885,1.0912799999999998,1.09135,10274.089902125299,21,0,False,False
2025-03-17 22:00:00-04:00,1.09154,1.091615,1.0908250000000002,1.09087,14605.38991329819,22,0,False,False
2025-03-17 23:00:00-04:00,1.09096,1.091075,1.0906600000000002,1.090835,6352.699970208108,23,0,False,False
2025-03-18 00:00:00-04:00,1.0909499999999999,1.09114,1.09085,1.0911,10327.499995082617,0,0,True,False
2025-03-18 01:00:00-04:00,1.0912250000000001,1.091345,1.09076,1.0907900000000001,12072.589944064617,1,0,True,False
2025-03-18 02:00:00-04:00,1.090865,1.09208,1.090395,1.09208,13105.789891503751,2,0,True,False
2025-03-18 03:00:00-04:00,1.092105,1.093525,1.091705,1.093525,23697.689874462783,3,0,True,False
2025-03-18 04:00:00-04:00,1.09393,1.09536,1.093585,1.095145,22752.429844491184,4,0,True,False
2025-03-18 05:00:00-04:00,1.095195,1.095195,1.094055,1.0950199999999999,29479.799901485443,5,0,False,False
2025-03-18 06:00:00-04:00,1.094955,1.09503,1.093255,1.093415,32855.03986689448,6,0,False,False
2025-03-18 07:00:00-04:00,1.0936,1.093645,1.0915300000000001,1.09164,24653.96987619251,7,0,False,False
2025-03-18 08:00:00-04:00,1.0916899999999998,1.092185,1.0894750000000002,1.091155,27015.999832220376,8,0,False,False
2025-03-18 09:00:00-04:00,1.0913599999999999,1.092,1.0903049999999999,1.0912600000000001,32283.879765033722,9,0,False,False
2025-03-18 10:00:00-04:00,1.09077,1.0919050000000001,1.0907499999999999,1.091675,30610.769847877324,10,0,False,True
2025-03-18 11:00:00-04:00,1.0910199999999999,1.093375,1.089885,1.09267,32063.76977235824,11,0,False,False
2025-03-18 12:00:00-04:00,1.092635,1.093975,1.0923850000000002,1.09387,20722.689900957048,12,0,False,False
2025-03-18 13:00:00-04:00,1.094125,1.09511,1.0940500000000002,1.0949900000000001,24605.62988000363,13,0,False,False
2025-03-18 14:00:00-04:00,1.09508,1.09508,1.094085,1.0944150000000001,15922.249977961183,14,0,False,False
2025-03-18 15:00:00-04:00,1.09426,1.094965,1.094195,1.09464,9553.229969792068,15,0,False,False
2025-03-18 16:00:00-04:00,1.094595,1.09487,1.0943,1.094555,9347.11997154355,16,0,False,False
2025-03-18 17:00:00-04:00,1.09456,1.094735,1.09425,1.094465,3235.260193385184,17,0,False,False
2025-03-18 18:00:00-04:00,1.094535,1.09459,1.09406,1.0941999999999998,7863.629966326058,18,0,False,False
2025-03-18 19:00:00-04:00,1.094355,1.094355,1.09383,1.0938750000000002,2214.419984191656,19,0,False,False
2025-03-18 20:00:00-04:00,1.0937700000000001,1.09383,1.09322,1.09348,5412.749938257039,20,0,False,False
2025-03-18 21:00:00-04:00,1.0934849999999998,1.09371,1.0933899999999999,1.09371,4815.669941775501,21,0,False,False
2025-03-18 22:00:00-04:00,1.09378,1.094475,1.09359,1.0941049999999999,6010.239934168756,22,0,False,False
2025-03-18 23:00:00-04:00,1.094115,1.094365,1.0933549999999999,1.093835,4453.859944991767,23,0,False,False
2025-03-19 00:00:00-04:00,1.0936949999999999,1.0936949999999999,1.09288,1.0929950000000002,4920.019945643842,0,0,True,False
2025-03-19 01:00:00-04:00,1.093105,1.093605,1.0931,1.09313,4995.149940431118,1,0,True,False
2025-03-19 02:00:00-04:00,1.0931600000000001,1.093185,1.092085,1.092085,15428.91993202269,2,0,True,False
2025-03-19 03:00:00-04:00,1.0921850000000002,1.0921850000000002,1.087915,1.08927,34244.839786566794,3,0,True,False
2025-03-19 04:00:00-04:00,1.0900699999999999,1.090945,1.0896,1.090735,25560.95980795473,4,0,True,False
2025-03-19 05:00:00-04:00,1.09051,1.091,1.089655,1.09028,22382.489879608154,5,0,False,False
2025-03-19 06:00:00-04:00,1.090205,1.090305,1.0891950000000001,1.089995,14634.559872150421,6,0,False,False
2025-03-19 07:00:00-04:00,1.089975,1.09107,1.089545,1.09084,19822.46991594881,7,0,False,False
2025-03-19 08:00:00-04:00,1.0909200000000001,1.0917400000000002,1.09005,1.09012,30702.47984445095,8,0,False,False
2025-03-19 09:00:00-04:00,1.0900750000000001,1.09037,1.089325,1.0894499999999998,23143.49980457127,9,0,False,False
2025-03-19 10:00:00-04:00,1.089555,1.089985,1.08827,1.088395,20755.339868955314,10,0,False,True
2025-03-19 11:00:00-04:00,1.0885150000000001,1.08875,1.08759,1.08769,17169.219846241176,11,0,False,False
2025-03-19 12:00:00-04:00,1.0879400000000001,1.0886149999999999,1.087615,1.0885150000000001,15916.159913264215,12,0,False,False
2025-03-19 13:00:00-04:00,1.088495,1.088495,1.0860699999999999,1.087015,21181.239902481437,13,0,False,False
2025-03-19 14:00:00-04:00,1.08845,1.09128,1.08829,1.0907900000000001,38248.75962881744,14,0,False,False
2025-03-19 15:00:00-04:00,1.09059,1.091265,1.08854,1.089885,24117.979820281267,15,0,False,False
2025-03-19 16:00:00-04:00,1.08999,1.090575,1.089725,1.090275,9267.919923007488,16,0,False,False
2025-03-19 17:00:00-04:00,1.090315,1.090565,1.09028,1.090515,2470.779985137284,17,0,False,False
2025-03-19 18:00:00-04:00,1.09048,1.09131,1.090385,1.090865,4796.989969030023,18,0,False,False
2025-03-19 19:00:00-04:00,1.09084,1.091195,1.090545,1.091185,3207.0199825912714,19,0,False,False
2025-03-19 20:00:00-04:00,1.0911849999999998,1.091585,1.0906,1.09124,9679.469906754792,20,0,False,False
2025-03-19 21:00:00-04:00,1.0912899999999999,1.0912899999999999,1.090465,1.0905900000000002,9361.369912929833,21,0,False,False
2025-03-19 22:00:00-04:00,1.09067,1.0916899999999998,1.09067,1.0909200000000001,13208.319903321564,22,0,False,False
2025-03-19 23:00:00-04:00,1.09083,1.091395,1.0907900000000001,1.09098,7255.399945259094,23,0,False,False
2025-03-20 00:00:00-04:00,1.09098,1.0910549999999999,1.0901399999999999,1.0903299999999998,6418.519945174456,0,0,True,False
2025-03-20 01:00:00-04:00,1.090085,1.09015,1.08911,1.08956,6158.359945207834,1,0,True,False
2025-03-20 02:00:00-04:00,1.089565,1.089865,1.08899,1.08935,11641.569900132716,2,0,True,False
2025-03-20 03:00:00-04:00,1.08914,1.089415,1.086665,1.087945,25238.349854514003,3,0,True,False
2025-03-20 04:00:00-04:00,1.0882200000000002,1.0885099999999999,1.0863450000000001,1.08655,28174.419814169407,4,0,True,False
2025-03-20 05:00:00-04:00,1.0863399999999999,1.086835,1.084025,1.08522,28648.1397619918,5,0,False,False
2025-03-20 06:00:00-04:00,1.08514,1.08547,1.08353,1.08459,42737.259664185345,6,0,False,False
2025-03-20 07:00:00-04:00,1.084665,1.0851350000000002,1.08401,1.084955,27621.759871937335,7,0,False,False
2025-03-20 08:00:00-04:00,1.08509,1.0855450000000002,1.0832,1.083385,28893.08982527256,8,0,False,False
2025-03-20 09:00:00-04:00,1.08328,1.08384,1.081555,1.082565,26512.17982573062,9,0,False,False
2025-03-20 10:00:00-04:00,1.0828,1.08379,1.082305,1.082945,25976.95981761068,10,0,False,True
2025-03-20 11:00:00-04:00,1.08284,1.0848200000000001,1.0824850000000001,1.0847449999999998,31523.899801425636,11,0,False,False
2025-03-20 12:00:00-04:00,1.084845,1.08513,1.0842800000000001,1.08488,18294.589862681925,12,0,False,False
2025-03-20 13:00:00-04:00,1.0849799999999998,1.08509,1.0839150000000002,1.08446,10831.379937879741,13,0,False,False
2025-03-20 14:00:00-04:00,1.08447,1.0849600000000001,1.0842200000000002,1.0848499999999999,10968.599944904447,14,0,False,False
2025-03-20 15:00:00-04:00,1.0848900000000001,1.085415,1.08479,1.085315,7835.459968686104,15,0,False,False
2025-03-20 16:00:00-04:00,1.0852499999999998,1.08591,1.085175,1.08525,5034.579963080585,16,0,False,False
2025-03-20 17:00:00-04:00,1.085325,1.085575,1.08515,1.085515,3348.189996831119,17,0,False,False
2025-03-20 18:00:00-04:00,1.0855899999999998,1.08587,1.085385,1.085725,4110.3599862754345,18,0,False,False
2025-03-20 19:00:00-04:00,1.085705,1.0857700000000001,1.08534,1.08534,1863.1499794647098,19,0,False,False
2025-03-20 20:00:00-04:00,1.08568,1.08584,1.085115,1.08532,7932.8299327120185,20,0,False,False
2025-03-20 21:00:00-04:00,1.085255,1.08555,1.0848650000000002,1.08525,10459.319870695472,21,0,False,False
2025-03-20 22:00:00-04:00,1.0851799999999998,1.08548,1.0842649999999998,1.08443,13489.409919418395,22,0,False,False
2025-03-20 23:00:00-04:00,1.08432,1.08462,1.08337,1.0834700000000002,13483.529972553253,23,0,False,False
2025-03-21 00:00:00-04:00,1.08344,1.083655,1.08282,1.08303,9168.309940427542,0,0,True,False
2025-03-21 01:00:00-04:00,1.082875,1.0829749999999998,1.08202,1.0828600000000002,16061.61990172416,1,0,True,False
2025-03-21 02:00:00-04:00,1.0826,1.083725,1.08244,1.0834199999999998,15516.909931354225,2,0,True,False
2025-03-21 03:00:00-04:00,1.0834000000000001,1.084105,1.0827900000000001,1.08389,16331.949877046049,3,0,True,False
2025-03-21 04:00:00-04:00,1.08416,1.0844049999999998,1.08242,1.08361,24065.909890688956,4,0,True,False
2025-03-21 05:00:00-04:00,1.08359,1.08386,1.0825749999999998,1.0825749999999998,13038.889888621867,5,0,False,False
2025-03-21 06:00:00-04:00,1.08278,1.083855,1.08263,1.0836999999999999,16260.699890635908,6,0,False,False
2025-03-21 07:00:00-04:00,1.083895,1.08509,1.083545,1.08509,23856.439973533154,7,0,False,False
2025-03-21 08:00:00-04:00,1.0854,1.08591,1.0830799999999998,1.08323,36093.63987072557,8,0,False,False
2025-03-21 09:00:00-04:00,1.0830199999999999,1.083525,1.08255,1.08321,29976.079895049334,9,0,False,False
2025-03-21 10:00:00-04:00,1.0832950000000001,1.08351,1.0819649999999998,1.08237,23808.53987953812,10,0,False,True
2025-03-21 11:00:00-04:00,1.082725,1.082885,1.0803449999999999,1.080635,22318.139809295535,11,0,False,False
2025-03-21 12:00:00-04:00,1.0806550000000001,1.08237,1.0806550000000001,1.081825,22340.569875888526,12,0,False,False
2025-03-21 13:00:00-04:00,1.081595,1.082505,1.08059,1.082275,16928.20994132012,13,0,False,False
2025-03-21 14:00:00-04:00,1.08222,1.082625,1.0815299999999999,1.082095,11078.029965370893,14,0,False,False
2025-03-21 15:00:00-04:00,1.08219,1.082435,1.081595,1.08178,7531.419943004847,15,0,False,False
2025-03-21 16:00:00-04:00,1.081555,1.0817,1.081185,1.0815000000000001,5921.439945392311,16,0,False,False
2025-03-23 17:00:00-04:00,1.08145,1.081835,1.081355,1.081835,556.9799924194813,17,0,False,False
2025-03-23 18:00:00-04:00,1.08256,1.0830000000000002,1.08178,1.081985,7620.529928162694,18,0,False,False
2025-03-23 19:00:00-04:00,1.082045,1.083655,1.082025,1.08361,4595.829956412315,19,0,False,False
2025-03-23 20:00:00-04:00,1.083445,1.083995,1.083425,1.083725,10264.279902659357,20,0,False,False
2025-03-23 21:00:00-04:00,1.08349,1.0835400000000002,1.08234,1.0826099999999999,13625.229858539999,21,0,False,False
2025-03-23 22:00:00-04:00,1.0827499999999999,1.0832000000000002,1.0825,1.082505,10056.389915756881,22,0,False,False
2025-03-23 23:00:00-04:00,1.082625,1.08292,1.082045,1.082045,9819.259896554053,23,0,False,False
2025-03-24 00:00:00-04:00,1.0821399999999999,1.08243,1.081745,1.08229,7836.42994812876,0,0,True,False
2025-03-24 01:00:00-04:00,1.082,1.08298,1.081875,1.08292,9911.209910862148,1,0,True,False
2025-03-24 02:00:00-04:00,1.082835,1.08436,1.082835,1.08398,19155.929950982332,2,0,True,False
2025-03-24 03:00:00-04:00,1.083995,1.084955,1.0834,1.08382,21622.169901184738,3,0,True,False
2025-03-24 04:00:00-04:00,1.0842200000000002,1.085705,1.083745,1.0843099999999999,33184.12978956103,4,0,True,False
2025-03-24 05:00:00-04:00,1.084495,1.084495,1.082915,1.083935,21085.72985945642,5,0,False,False
2025-03-24 06:00:00-04:00,1.0838,1.0854599999999999,1.083765,1.08481,18995.82989744097,6,0,False,False
2025-03-24 07:00:00-04:00,1.084785,1.08488,1.083265,1.083265,15474.989873044193,7,0,False,False
2025-03-24 08:00:00-04:00,1.083215,1.08343,1.08224,1.08298,22140.42986538261,8,0,False,False
2025-03-24 09:00:00-04:00,1.08292,1.08298,1.0793499999999998,1.0793499999999998,25190.3798154369,9,0,False,False
2025-03-24 10:00:00-04:00,1.0792700000000002,1.08192,1.0792700000000002,1.079945,31387.599797531962,10,0,False,True
2025-03-24 11:00:00-04:00,1.07999,1.08047,1.07912,1.07939,24830.929819732904,11,0,False,False
2025-03-24 12:00:00-04:00,1.079485,1.08066,1.07827,1.07919,23397.599862486124,12,0,False,False
2025-03-24 13:00:00-04:00,1.079125,1.07961,1.0785749999999998,1.078765,16648.169931851327,13,0,False,False
2025-03-24 14:00:00-04:00,1.07858,1.081235,1.078435,1.0805150000000001,16668.039915964007,14,0,False,False
2025-03-24 15:00:00-04:00,1.08066,1.080665,1.079825,1.080225,5699.799963973463,15,0,False,False
2025-03-24 16:00:00-04:00,1.08016,1.08061,1.080045,1.08009,7186.779968388379,16,0,False,False
2025-03-24 17:00:00-04:00,1.080115,1.080115,1.079735,1.08008,4244.459982298315,17,0,False,False
2025-03-24 18:00:00-04:00,1.080235,1.08025,1.0795249999999998,1.080245,2512.089985445142,18,0,False,False
2025-03-24 19:00:00-04:00,1.08026,1.08036,1.080075,1.08025,1863.3199831023812,19,0,False,False
2025-03-24 20:00:00-04:00,1.0800100000000001,1.0802649999999998,1.0796350000000001,1.08004,5945.649931386113,20,0,False,False
2025-03-24 21:00:00-04:00,1.08018,1.080775,1.08011,1.0802399999999999,10698.479923076928,21,0,False,False
2025-03-24 22:00:00-04:00,1.080105,1.0804900000000002,1.0795599999999999,1.07966,9290.309950627387,22,0,False,False
2025-03-24 23:00:00-04:00,1.07972,1.08032,1.07966,1.0803150000000001,7224.33994294703,23,0,False,False
2025-03-25 00:00:00-04:00,1.080485,1.0808900000000001,1.0803099999999999,1.080355,6763.599950641394,0,0,True,False
2025-03-25 01:00:00-04:00,1.0803449999999999,1.080675,1.080155,1.0803099999999999,5543.129948236048,1,0,True,False
2025-03-25 02:00:00-04:00,1.0802900000000002,1.080415,1.0793949999999999,1.07947,9227.41988286376,2,0,True,False
2025-03-25 03:00:00-04:00,1.079575,1.0801150000000002,1.078575,1.07874,17631.14985551685,3,0,True,False
2025-03-25 04:00:00-04:00,1.07882,1.0792000000000002,1.077725,1.07905,26368.4998421669,4,0,True,False
2025-03-25 05:00:00-04:00,1.0791849999999998,1.08029,1.0788,1.080075,21610.659838870168,5,0,False,False
2025-03-25 06:00:00-04:00,1.080095,1.08237,1.080095,1.08202,31088.27984163165,6,0,False,False
2025-03-25 07:00:00-04:00,1.0819450000000002,1.0827650000000002,1.081245,1.081795,22005.839848682284,7,0,False,False
2025-03-25 08:00:00-04:00,1.081855,1.0829900000000001,1.08165,1.082525,17639.319834001362,8,0,False,False
2025-03-25 09:00:00-04:00,1.0825,1.082695,1.08147,1.08174,29472.919806815684,9,0,False,False
2025-03-25 10:00:00-04:00,1.082085,1.082085,1.0802999999999998,1.0812650000000001,35421.0798047483,10,0,False,True
2025-03-25 11:00:00-04:00,1.081365,1.08181,1.0797750000000002,1.08033,34513.999819003046,11,0,False,False
2025-03-25 12:00:00-04:00,1.08029,1.08124,1.08029,1.08066,32006.89992339909,12,0,False,False
2025-03-25 13:00:00-04:00,1.080905,1.08162,1.080645,1.08097,19575.30994386971,13,0,False,False
2025-03-25 14:00:00-04:00,1.080765,1.0808,1.07985,1.07985,6867.989958308637,14,0,False,False
2025-03-25 15:00:00-04:00,1.07977,1.08016,1.079135,1.079555,9567.889955095947,15,0,False,False
2025-03-25 16:00:00-04:00,1.079475,1.0795249999999998,1.079015,1.07914,3635.9399611726403,16,0,False,False
2025-03-25 17:00:00-04:00,1.07916,1.07932,1.079065,1.07925,1476.9999909996986,17,0,False,False
2025-03-25 18:00:00-04:00,1.079215,1.0793499999999998,1.078815,1.07887,3436.4799723252654,18,0,False,False
2025-03-25 19:00:00-04:00,1.078835,1.07891,1.07857,1.07891,1792.359981611371,19,0,False,False
2025-03-25 20:00:00-04:00,1.0789149999999998,1.0792199999999998,1.0783749999999999,1.078435,5795.90992936492,20,0,False,False
2025-03-25 21:00:00-04:00,1.07834,1.079515,1.077985,1.079375,10035.349865473807,21,0,False,False
2025-03-25 22:00:00-04:00,1.07953,1.07965,1.0790700000000002,1.079535,5116.599933505058,22,0,False,False
2025-03-25 23:00:00-04:00,1.07955,1.07957,1.07843,1.0786,5106.939935520291,23,0,False,False
2025-03-26 00:00:00-04:00,1.07876,1.07877,1.078135,1.0784250000000002,3839.0499516129494,0,0,True,False
2025-03-26 01:00:00-04:00,1.07833,1.0786449999999999,1.077865,1.07853,6823.019899696112,1,0,True,False
2025-03-26 02:00:00-04:00,1.078425,1.07878,1.078275,1.078705,7927.919887393713,2,0,True,False
2025-03-26 03:00:00-04:00,1.07832,1.07903,1.078295,1.0786250000000002,14729.649835422635,3,0,True,False
2025-03-26 04:00:00-04:00,1.0788250000000001,1.079965,1.07862,1.079935,16740.20980937779,4,0,True,False
2025-03-26 05:00:00-04:00,1.079885,1.08018,1.079325,1.0795949999999999,11466.67987370491,5,0,False,False
2025-03-26 06:00:00-04:00,1.07977,1.0800800000000002,1.078705,1.0791849999999998,10146.109884738922,6,0,False,False
2025-03-26 07:00:00-04:00,1.079225,1.07978,1.07895,1.07924,10903.949898391962,7,0,False,False
2025-03-26 08:00:00-04:00,1.07931,1.07931,1.0782500000000002,1.07844,22614.939821869135,8,0,False,False
2025-03-26 09:00:00-04:00,1.07856,1.07901,1.0768300000000002,1.0774849999999998,25717.489764377475,9,0,False,False
2025-03-26 10:00:00-04:00,1.0775299999999999,1.079475,1.07739,1.0790799999999998,22373.35979218036,10,0,False,True
2025-03-26 11:00:00-04:00,1.079225,1.079245,1.077725,1.0780850000000002,21739.779829740524,11,0,False,False
2025-03-26 12:00:00-04:00,1.07804,1.079145,1.07776,1.07877,19515.729866907,12,0,False,False
2025-03-26 13:00:00-04:00,1.07887,1.07887,1.07524,1.075675,26385.479873143137,13,0,False,False
2025-03-26 14:00:00-04:00,1.07573,1.07603,1.07535,1.07553,10398.589931160212,14,0,False,False
2025-03-26 15:00:00-04:00,1.075485,1.075485,1.0744150000000001,1.075155,8058.539956845343,15,0,False,False
2025-03-26 16:00:00-04:00,1.0750899999999999,1.07568,1.07507,1.0754000000000001,6216.749943964183,16,0,False,False
2025-03-26 17:00:00-04:00,1.0754,1.07569,1.073505,1.07378,5484.279963456094,17,0,False,False
2025-03-26 18:00:00-04:00,1.073885,1.0743900000000002,1.073375,1.07374,8587.959923617542,18,0,False,False
2025-03-26 19:00:00-04:00,1.07381,1.0744500000000001,1.0736050000000001,1.07412,4298.199946634471,19,0,False,False
2025-03-26 20:00:00-04:00,1.07433,1.075675,1.0742699999999998,1.075555,8372.13990739733,20,0,False,False
2025-03-26 21:00:00-04:00,1.07553,1.0768900000000001,1.07553,1.07652,10095.489880874753,21,0,False,False
2025-03-26 22:00:00-04:00,1.07668,1.07797,1.07668,1.0776,9436.359906464815,22,0,False,False
2025-03-26 23:00:00-04:00,1.077545,1.077955,1.077335,1.07782,5849.889937989414,23,0,False,False
2025-03-27 00:00:00-04:00,1.077735,1.07866,1.077735,1.0780500000000002,6409.059934012592,0,0,True,False
2025-03-27 01:00:00-04:00,1.07802,1.0781100000000001,1.07647,1.07693,7335.099932834506,1,0,True,False
2025-03-27 02:00:00-04:00,1.077095,1.07823,1.077035,1.07732,11853.339889399707,2,0,True,False
2025-03-27 03:00:00-04:00,1.077225,1.07741,1.075535,1.076475,21727.179798573256,3,0,True,False
2025-03-27 04:00:00-04:00,1.07625,1.077645,1.075825,1.0776,23834.14976066351,4,0,True,False
2025-03-27 05:00:00-04:00,1.077775,1.0778349999999999,1.076225,1.0770849999999998,16709.739807873964,5,0,False,False
2025-03-27 06:00:00-04:00,1.077045,1.0781749999999999,1.0767,1.0781749999999999,13713.509842671454,6,0,False,False
2025-03-27 07:00:00-04:00,1.0780949999999998,1.079945,1.07795,1.0786950000000002,14136.13987390697,7,0,False,False
2025-03-27 08:00:00-04:00,1.07877,1.07974,1.078335,1.07871,15074.029845528305,8,0,False,False
2025-03-27 09:00:00-04:00,1.0787,1.079615,1.0778150000000002,1.0780150000000002,18501.49978429079,9,0,False,False
2025-03-27 10:00:00-04:00,1.0781399999999999,1.07927,1.0778750000000001,1.0789300000000002,17926.76978548616,10,0,False,True
2025-03-27 11:00:00-04:00,1.07901,1.081885,1.078565,1.079965,25425.079777151346,11,0,False,False
2025-03-27 12:00:00-04:00,1.07959,1.07992,1.0792350000000002,1.0798999999999999,17221.739864699543,12,0,False,False
2025-03-27 13:00:00-04:00,1.07972,1.080835,1.07898,1.07898,12379.839926421642,13,0,False,False
2025-03-27 14:00:00-04:00,1.079115,1.07972,1.0789749999999998,1.0790950000000001,6703.579955309629,14,0,False,False
2025-03-27 15:00:00-04:00,1.07896,1.0799400000000001,1.07892,1.0794899999999998,6131.539965964854,15,0,False,False
2025-03-27 16:00:00-04:00,1.07943,1.080195,1.07943,1.08012,3036.339973524213,16,0,False,False
2025-03-27 17:00:00-04:00,1.0801,1.0801,1.07968,1.079745,2977.039981544018,17,0,False,False
2025-03-27 18:00:00-04:00,1.079825,1.079825,1.0796100000000002,1.07965,2510.0499922186136,18,0,False,False
2025-03-27 19:00:00-04:00,1.0796700000000001,1.08013,1.0796299999999999,1.08009,2031.3899778351188,19,0,False,False
2025-03-27 20:00:00-04:00,1.0798,1.0798,1.078855,1.0795050000000002,6923.499919779599,20,0,False,False
2025-03-27 21:00:00-04:00,1.079585,1.079855,1.07919,1.07937,7326.239898048341,21,0,False,False
2025-03-27 22:00:00-04:00,1.07946,1.07965,1.0790899999999999,1.079475,6958.209925875068,22,0,False,False
2025-03-27 23:00:00-04:00,1.079595,1.079645,1.079115,1.079195,4882.719937257469,23,0,False,False
2025-03-28 00:00:00-04:00,1.07928,1.07928,1.078515,1.078865,6431.869939848781,0,0,True,False
2025-03-28 01:00:00-04:00,1.07887,1.07922,1.07865,1.0790899999999999,5989.379938617349,1,0,True,False
2025-03-28 02:00:00-04:00,1.0790199999999999,1.0792199999999998,1.07828,1.0785200000000001,6370.699938587844,2,0,True,False
2025-03-28 03:00:00-04:00,1.07856,1.0799400000000001,1.0783800000000001,1.07874,14242.369852162898,3,0,True,False
2025-03-28 04:00:00-04:00,1.07894,1.07956,1.07761,1.0778349999999999,19586.279827348888,4,0,True,False
2025-03-28 05:00:00-04:00,1.07767,1.0779100000000001,1.07696,1.07736,17288.489844821393,5,0,False,False
2025-03-28 06:00:00-04:00,1.077445,1.077795,1.07686,1.07687,21896.779868789017,6,0,False,False
2025-03-28 07:00:00-04:00,1.0769549999999999,1.07747,1.07659,1.0771899999999999,15648.809897959232,7,0,False,False
2025-03-28 08:00:00-04:00,1.0772300000000001,1.0790549999999999,1.0765799999999999,1.0789,19201.459823846817,8,0,False,False
2025-03-28 09:00:00-04:00,1.07869,1.0815100000000002,1.07851,1.081095,28277.169742383063,9,0,False,False
2025-03-28 10:00:00-04:00,1.081095,1.08305,1.081095,1.0823049999999999,23309.31976325065,10,0,False,True
2025-03-28 11:00:00-04:00,1.08237,1.08446,1.08199,1.08251,27738.80974908173,11,0,False,False
2025-03-28 12:00:00-04:00,1.0826099999999999,1.083265,1.0820500000000002,1.08217,14666.1598732844,12,0,False,False
2025-03-28 13:00:00-04:00,1.0821749999999999,1.08282,1.0812849999999998,1.08196,10930.019914411008,13,0,False,False
2025-03-28 14:00:00-04:00,1.0819999999999999,1.08278,1.08149,1.0824500000000001,8980.439916729927,14,0,False,False
2025-03-28 15:00:00-04:00,1.08252,1.082835,1.0823450000000001,1.0825749999999998,7406.489950433373,15,0,False,False
2025-03-28 16:00:00-04:00,1.08263,1.083605,1.0825749999999998,1.082635,6743.899962022901,16,0,False,False
2025-03-30 17:00:00-04:00,1.082655,1.082905,1.081555,1.08158,1123.5499729439616,17,0,False,False
2025-03-30 18:00:00-04:00,1.0817450000000002,1.082225,1.08067,1.08209,11372.609916195273,18,0,False,False
2025-03-30 19:00:00-04:00,1.08232,1.08292,1.08122,1.08237,12233.78991985321,19,0,False,False
2025-03-30 20:00:00-04:00,1.082515,1.0841699999999999,1.08237,1.0841699999999999,12244.429865658283,20,0,False,False
2025-03-30 21:00:00-04:00,1.08419,1.084525,1.083195,1.083275,16135.549842447042,21,0,False,False
2025-03-30 22:00:00-04:00,1.08316,1.0845500000000001,1.0829550000000001,1.08406,10744.679907128215,22,0,False,False
2025-03-30 23:00:00-04:00,1.084045,1.08406,1.0832600000000001,1.08331,8852.649944223464,23,0,False,False
2025-03-31 00:00:00-04:00,1.083205,1.083575,1.08314,1.08343,7380.829906731844,0,0,True,False
2025-03-31 01:00:00-04:00,1.0833949999999999,1.08423,1.08316,1.08344,10691.289877280593,1,0,True,False
2025-03-31 02:00:00-04:00,1.08324,1.084455,1.082605,1.083735,22378.149797923863,2,0,True,False
2025-03-31 03:00:00-04:00,1.0836299999999999,1.084755,1.08215,1.08317,26718.089727677405,3,0,True,False
2025-03-31 04:00:00-04:00,1.083175,1.083175,1.0812149999999998,1.0827499999999999,21064.269775755703,4,0,True,False
2025-03-31 05:00:00-04:00,1.082845,1.083025,1.08155,1.08162,12986.48985132575,5,0,False,False
2025-03-31 06:00:00-04:00,1.081555,1.0820400000000001,1.0806200000000001,1.08185,16543.509836047888,6,0,False,False
2025-03-31 07:00:00-04:00,1.082115,1.0828250000000001,1.08164,1.08197,16955.69982779026,7,0,False,False
2025-03-31 08:00:00-04:00,1.08188,1.0820249999999998,1.0802049999999999,1.080375,16730.55981890112,8,0,False,False
2025-03-31 09:00:00-04:00,1.08033,1.08192,1.08033,1.080805,23272.699772253633,9,0,False,False
2025-03-31 10:00:00-04:00,1.08072,1.0807250000000002,1.078545,1.0802100000000001,30430.989746451378,10,0,False,True
2025-03-31 11:00:00-04:00,1.0800450000000001,1.081285,1.079135,1.0794199999999998,30138.73977434635,11,0,False,False
2025-03-31 12:00:00-04:00,1.07934,1.08148,1.078885,1.0811899999999999,17568.95986263454,12,0,False,False
2025-03-31 13:00:00-04:00,1.081365,1.08172,1.080825,1.08148,10062.959926441312,13,0,False,False
2025-03-31 14:00:00-04:00,1.08155,1.08176,1.080795,1.081485,9997.319934114814,14,0,False,False
2025-03-31 15:00:00-04:00,1.081335,1.08195,1.0812499999999998,1.0814149999999998,9283.47996725887,15,0,False,False
2025-03-31 16:00:00-04:00,1.0812,1.081875,1.081075,1.081665,5642.919962354004,16,0,False,False
2025-03-31 17:00:00-04:00,1.0818349999999999,1.0819999999999999,1.0817350000000001,1.081995,1983.2499834224582,17,0,False,False
2025-03-31 18:00:00-04:00,1.081695,1.081865,1.08162,1.081845,2964.47998226434,18,0,False,False
2025-03-31 19:00:00-04:00,1.0818699999999999,1.08196,1.08144,1.08176,2153.7499722614884,19,0,False,False
2025-03-31 20:00:00-04:00,1.081865,1.082585,1.081815,1.082545,7512.609902948141,20,0,False,False
2025-03-31 21:00:00-04:00,1.082635,1.082635,1.081765,1.082055,10331.869917474687,21,0,False,False
2025-03-31 22:00:00-04:00,1.0820599999999998,1.08283,1.08202,1.08242,8311.669921092689,22,0,False,False
2025-03-31 23:00:00-04:00,1.08243,1.082715,1.08215,1.082685,4553.029937744141,23,0,False,False
2025-04-01 00:00:00-04:00,1.082695,1.08296,1.08251,1.08251,4028.7999482899904,0,0,True,False
2025-04-01 01:00:00-04:00,1.0822500000000002,1.0822500000000002,1.080715,1.080715,8338.989902600646,1,0,True,False
2025-04-01 02:00:00-04:00,1.0806900000000002,1.08102,1.08004,1.08083,12240.629848390818,2,0,True,False
2025-04-01 03:00:00-04:00,1.080555,1.08122,1.079995,1.080185,17773.079809091985,3,0,True,False
2025-04-01 04:00:00-04:00,1.080225,1.081795,1.080225,1.081795,12879.129864551127,4,0,True,False
2025-04-01 05:00:00-04:00,1.0817800000000002,1.08261,1.081515,1.08175,14394.16983859986,5,0,False,False
2025-04-01 06:00:00-04:00,1.081635,1.081635,1.07931,1.079825,20064.65979335457,6,0,False,False
2025-04-01 07:00:00-04:00,1.079675,1.079675,1.0778949999999998,1.0781200000000002,19013.079791754484,7,0,False,False
2025-04-01 08:00:00-04:00,1.078225,1.0794350000000001,1.078225,1.0787200000000001,15632.179833047092,8,0,False,False
2025-04-01 09:00:00-04:00,1.0786799999999999,1.079535,1.077995,1.078755,18473.379820480943,9,0,False,False
2025-04-01 10:00:00-04:00,1.079075,1.08122,1.079075,1.080755,30976.03971313685,10,0,False,True
2025-04-01 11:00:00-04:00,1.0809799999999998,1.0810499999999998,1.079945,1.079945,25953.849821195006,11,0,False,False
2025-04-01 12:00:00-04:00,1.079745,1.0802450000000001,1.07937,1.0799699999999999,16767.2498967126,12,0,False,False
2025-04-01 13:00:00-04:00,1.08012,1.080445,1.07913,1.0793,8035.649937458336,13,0,False,False
2025-04-01 14:00:00-04:00,1.0792350000000002,1.07943,1.078585,1.0787200000000001,9758.079930193722,14,0,False,False
2025-04-01 15:00:00-04:00,1.07863,1.07907,1.078585,1.07898,6983.119948007166,15,0,False,False
2025-04-01 16:00:00-04:00,1.0790000000000002,1.07952,1.0788950000000002,1.07935,6213.499961689115,16,0,False,False
2025-04-01 17:00:00-04:00,1.079135,1.07951,1.079035,1.07943,2668.1699863523245,17,0,False,False
2025-04-01 18:00:00-04:00,1.07943,1.080775,1.0794,1.0799150000000002,5849.48995744437,18,0,False,False
2025-04-01 19:00:00-04:00,1.07973,1.0799400000000001,1.079435,1.079435,2734.0399772301316,19,0,False,False
2025-04-01 20:00:00-04:00,1.07934,1.079425,1.0789499999999999,1.07905,6387.179906435311,20,0,False,False
2025-04-01 21:00:00-04:00,1.0789900000000001,1.079475,1.0787399999999998,1.079475,6429.879922181368,21,0,False,False
2025-04-01 22:00:00-04:00,1.0795750000000002,1.08017,1.07945,1.07945,5802.9299172237515,22,0,False,False
2025-04-01 23:00:00-04:00,1.07939,1.079975,1.07939,1.07958,4342.389946185052,23,0,False,False
2025-04-02 00:00:00-04:00,1.07965,1.07972,1.079275,1.07928,3488.989964969456,0,0,True,False
2025-04-02 01:00:00-04:00,1.07918,1.07918,1.0786950000000002,1.078955,7092.089930139482,1,0,True,False
2025-04-02 02:00:00-04:00,1.079175,1.079625,1.07879,1.07928,12698.629857875407,2,0,True,False
2025-04-02 03:00:00-04:00,1.0793249999999999,1.0794700000000002,1.0781749999999999,1.07918,15535.46980471164,3,0,True,False
2025-04-02 04:00:00-04:00,1.079275,1.08013,1.079145,1.079765,14020.879851579666,4,0,True,False
2025-04-02 05:00:00-04:00,1.07998,1.08072,1.079615,1.08061,12661.659869104624,5,0,False,False
2025-04-02 06:00:00-04:00,1.0805600000000002,1.0805600000000002,1.078675,1.07948,15430.559841029346,6,0,False,False
2025-04-02 07:00:00-04:00,1.079335,1.08049,1.079215,1.08025,14063.879865832627,7,0,False,False
2025-04-02 08:00:00-04:00,1.080415,1.081915,1.07985,1.081915,18351.89982189238,8,0,False,False
2025-04-02 09:00:00-04:00,1.0818599999999998,1.082925,1.081545,1.082665,21440.959793634713,9,0,False,False
2025-04-02 10:00:00-04:00,1.082455,1.08588,1.08194,1.085845,29496.449752919376,10,0,False,True
2025-04-02 11:00:00-04:00,1.085385,1.08724,1.085145,1.0867499999999999,26971.51983974129,11,0,False,False
2025-04-02 12:00:00-04:00,1.086615,1.086615,1.084765,1.08522,19502.739905014634,12,0,False,False
2025-04-02 13:00:00-04:00,1.08508,1.0859299999999998,1.08508,1.08518,12289.219958879054,13,0,False,False
2025-04-02 14:00:00-04:00,1.08517,1.08588,1.0848200000000001,1.08541,10241.849962696433,14,0,False,False
2025-04-02 15:00:00-04:00,1.0855000000000001,1.08552,1.0847250000000002,1.084985,8938.619953110814,15,0,False,False
2025-04-02 16:00:00-04:00,1.0850300000000002,1.091185,1.0814849999999998,1.085345,44938.149650238454,16,0,False,False
2025-04-02 17:00:00-04:00,1.08504,1.085215,1.08117,1.08273,10019.119949519634,17,0,False,False
2025-04-02 18:00:00-04:00,1.083225,1.08393,1.080595,1.083895,22533.429733790457,18,0,False,False
2025-04-02 19:00:00-04:00,1.08429,1.091045,1.084175,1.09044,27801.17960947752,19,0,False,False
2025-04-02 20:00:00-04:00,1.09016,1.09058,1.0881699999999999,1.08908,28234.86963697523,20,0,False,False
2025-04-02 21:00:00-04:00,1.0887950000000002,1.092235,1.0887950000000002,1.09132,24732.299719817936,21,0,False,False
2025-04-02 22:00:00-04:00,1.091625,1.09241,1.091105,1.09124,19405.519781418145,22,0,False,False
2025-04-02 23:00:00-04:00,1.0913,1.092085,1.090895,1.0914899999999998,13795.859814301133,23,0,False,False
2025-04-03 00:00:00-04:00,1.09145,1.09161,1.090605,1.0906850000000001,11518.99984587729,0,0,True,False
2025-04-03 01:00:00-04:00,1.090785,1.09517,1.090785,1.094445,18837.809767633677,1,0,True,False
2025-04-03 02:00:00-04:00,1.09444,1.098955,1.093645,1.098955,34980.009553037584,2,0,True,False
2025-04-03 03:00:00-04:00,1.098805,1.098945,1.0946500000000001,1.097085,33038.79962396622,3,0,True,False
2025-04-03 04:00:00-04:00,1.097435,1.101945,1.097135,1.10093,25538.249709531665,4,0,True,False
2025-04-03 05:00:00-04:00,1.10058,1.104615,1.100425,1.10308,29439.24969793111,5,0,False,False
2025-04-03 06:00:00-04:00,1.102875,1.112485,1.102875,1.10526,53418.73365557194,6,0,False,False
2025-04-03 07:00:00-04:00,1.10538,1.1100750000000001,1.10403,1.10876,31315.31964789331,7,0,False,False
2025-04-03 08:00:00-04:00,1.10885,1.1107,1.107535,1.108195,38331.66959434003,8,0,False,False
2025-04-03 09:00:00-04:00,1.10809,1.113095,1.107855,1.108265,47073.439501568675,9,0,False,False
2025-04-03 10:00:00-04:00,1.1100750000000001,1.11263,1.10815,1.1118350000000001,41176.54954876006,10,0,False,True
2025-04-03 11:00:00-04:00,1.1117750000000002,1.111785,1.1043,1.10507,34080.49968087673,11,0,False,False
2025-04-03 12:00:00-04:00,1.10492,1.10541,1.1033,1.1038700000000001,26058.94974653423,12,0,False,False
2025-04-03 13:00:00-04:00,1.103675,1.103875,1.1019800000000002,1.102455,20526.82981505245,13,0,False,False
2025-04-03 14:00:00-04:00,1.10235,1.104065,1.101995,1.103745,12967.419872388244,14,0,False,False
2025-04-03 15:00:00-04:00,1.1035599999999999,1.10366,1.101605,1.1027550000000002,11707.319885067642,15,0,False,False
2025-04-03 16:00:00-04:00,1.1024150000000001,1.10529,1.1022150000000002,1.1051950000000001,7651.649899892509,16,0,False,False
2025-04-03 17:00:00-04:00,1.10521,1.1052499999999998,1.1049,1.105165,2907.859986819327,17,0,False,False
2025-04-03 18:00:00-04:00,1.1052,1.10714,1.10501,1.10642,9216.299930542707,18,0,False,False
2025-04-03 19:00:00-04:00,1.1063100000000001,1.10633,1.10432,1.10453,10011.419893473387,19,0,False,False
2025-04-03 20:00:00-04:00,1.1046049999999998,1.10617,1.103765,1.1060699999999999,14118.56981267035,20,0,False,False
2025-04-03 21:00:00-04:00,1.10612,1.1072350000000002,1.10579,1.1067749999999998,18858.249804653227,21,0,False,False
2025-04-03 22:00:00-04:00,1.106565,1.107745,1.10614,1.1063299999999998,19582.65981052816,22,0,False,False
2025-04-03 23:00:00-04:00,1.106065,1.1097000000000001,1.105795,1.109365,23101.02978632599,23,0,False,False
2025-04-04 00:00:00-04:00,1.1090550000000001,1.10983,1.1082999999999998,1.10874,21977.639774940908,0,0,True,False
2025-04-04 01:00:00-04:00,1.108695,1.110715,1.10793,1.1084299999999998,24635.46977290511,1,0,True,False
2025-04-04 02:00:00-04:00,1.108125,1.108275,1.10507,1.10507,24817.449705436826,2,0,True,False
2025-04-04 03:00:00-04:00,1.1056249999999999,1.10655,1.10011,1.100425,34593.49962963164,3,0,True,False
2025-04-04 04:00:00-04:00,1.0977999999999999,1.100665,1.0977999999999999,1.099625,40277.70955852419,4,0,True,False
2025-04-04 05:00:00-04:00,1.0994950000000001,1.0994950000000001,1.09734,1.098455,32801.279661916196,5,0,False,False
2025-04-04 06:00:00-04:00,1.098375,1.104885,1.096465,1.103065,64790.48943515122,6,0,False,False
2025-04-04 07:00:00-04:00,1.10241,1.1078299999999999,1.10241,1.106025,64894.40935622901,7,0,False,False
2025-04-04 08:00:00-04:00,1.10523,1.10863,1.10088,1.101975,75493.89935154468,8,0,False,False
2025-04-04 09:00:00-04:00,1.1016599999999999,1.10447,1.10059,1.10059,62062.43938872218,9,0,False,False
2025-04-04 10:00:00-04:00,1.10045,1.101175,1.096495,1.0986150000000001,60216.959417805076,10,0,False,True
2025-04-04 11:00:00-04:00,1.09882,1.100965,1.0969950000000002,1.100845,67921.01937156916,11,0,False,False
2025-04-04 12:00:00-04:00,1.1017899999999998,1.1017899999999998,1.09634,1.09714,44101.12953518331,12,0,False,False
2025-04-04 13:00:00-04:00,1.097375,1.097415,1.092825,1.094745,49198.8595944643,13,0,False,False
2025-04-04 14:00:00-04:00,1.094255,1.09656,1.094055,1.094455,30993.66972669214,14,0,False,False
2025-04-04 15:00:00-04:00,1.09391,1.0964550000000002,1.092975,1.094325,33011.03973274678,15,0,False,False
2025-04-04 16:00:00-04:00,1.09437,1.0965500000000001,1.09341,1.095955,15355.579848103225,16,0,False,False
2025-04-06 17:00:00-04:00,1.08947,1.092145,1.08826,1.0917,2230.3099739551544,17,0,False,False
2025-04-06 18:00:00-04:00,1.0919249999999998,1.0991300000000002,1.0919249999999998,1.09824,19135.119870185852,18,0,False,False
2025-04-06 19:00:00-04:00,1.098305,1.09995,1.098305,1.098355,33068.31968269497,19,0,False,False
2025-04-06 20:00:00-04:00,1.09789,1.09789,1.094665,1.096695,32030.83972889185,20,0,False,False
2025-04-06 21:00:00-04:00,1.0967449999999999,1.0979999999999999,1.095625,1.0968,41997.72975490987,21,0,False,False
2025-04-06 22:00:00-04:00,1.0964049999999999,1.0964049999999999,1.09226,1.093515,26219.829799473286,22,0,False,False
2025-04-06 23:00:00-04:00,1.09336,1.0953300000000001,1.09301,1.09504,14427.989877156913,23,0,False,False
2025-04-07 00:00:00-04:00,1.095045,1.098605,1.095005,1.09849,11588.279918201268,0,0,True,False
2025-04-07 01:00:00-04:00,1.09829,1.101865,1.09786,1.101865,23431.899783074856,1,0,True,False
2025-04-07 02:00:00-04:00,1.10174,1.10227,1.09949,1.1003,44807.30963636935,2,0,True,False
2025-04-07 03:00:00-04:00,1.1007449999999999,1.10495,1.100005,1.10007,62850.01942162961,3,0,True,False
2025-04-07 04:00:00-04:00,1.10091,1.10208,1.0970550000000001,1.099215,52031.83952721208,4,0,True,False
2025-04-07 05:00:00-04:00,1.09852,1.099485,1.0950350000000002,1.096265,40807.979570910335,5,0,False,False
2025-04-07 06:00:00-04:00,1.096375,1.098875,1.095885,1.095885,34281.92962269485,6,0,False,False
2025-04-07 07:00:00-04:00,1.095885,1.0969449999999998,1.09354,1.0969449999999998,38841.10965425521,7,0,False,False
2025-04-07 08:00:00-04:00,1.09672,1.098695,1.09414,1.097375,44405.17953757942,8,0,False,False
2025-04-07 09:00:00-04:00,1.097635,1.097635,1.09398,1.094155,45164.06946501881,9,0,False,False
2025-04-07 10:00:00-04:00,1.094475,1.0971,1.09182,1.092215,91136.41925371438,10,0,False,True
2025-04-07 11:00:00-04:00,1.090785,1.093325,1.09024,1.091155,65530.48940374702,11,0,False,False
2025-04-07 12:00:00-04:00,1.091245,1.09322,1.0907749999999998,1.09322,38348.559617228806,12,0,False,False
2025-04-07 13:00:00-04:00,1.0930900000000001,1.0949200000000001,1.0930900000000001,1.0939,34896.65964446962,13,0,False,False
2025-04-07 14:00:00-04:00,1.093655,1.094765,1.09242,1.09336,29011.15969156474,14,0,False,False
2025-04-07 15:00:00-04:00,1.092735,1.09442,1.091615,1.091615,27394.69974912703,15,0,False,False
2025-04-07 16:00:00-04:00,1.09148,1.091895,1.090265,1.090605,9638.209893010557,16,0,False,False
2025-04-07 17:00:00-04:00,1.0906150000000001,1.091445,1.090535,1.091295,2057.7299962490797,17,0,False,False
2025-04-07 18:00:00-04:00,1.091445,1.09185,1.090835,1.09171,8466.059945836663,18,0,False,False
2025-04-07 19:00:00-04:00,1.091855,1.091855,1.090805,1.091485,6765.1299077272415,19,0,False,False
2025-04-07 20:00:00-04:00,1.092035,1.094975,1.092035,1.094,19284.039820596576,20,0,False,False
2025-04-07 21:00:00-04:00,1.09474,1.09612,1.0940699999999999,1.095985,26094.67981724441,21,0,False,False
2025-04-07 22:00:00-04:00,1.096255,1.09798,1.096205,1.0971199999999999,19072.23977369815,22,0,False,False
2025-04-07 23:00:00-04:00,1.097175,1.097175,1.09613,1.09636,10479.13986608386,23,0,False,False
2025-04-08 00:00:00-04:00,1.096345,1.0979,1.0962999999999998,1.09761,10741.629854850471,0,0,True,False
2025-04-08 01:00:00-04:00,1.09742,1.09748,1.095485,1.0968300000000002,12526.189835324883,1,0,True,False
2025-04-08 02:00:00-04:00,1.096635,1.099165,1.096635,1.097675,30159.70970159024,2,0,True,False
2025-04-08 03:00:00-04:00,1.0977000000000001,1.0978949999999998,1.092295,1.09236,46126.54956821352,3,0,True,False
2025-04-08 04:00:00-04:00,1.092595,1.09477,1.092595,1.093665,33932.139678284526,4,0,True,False
2025-04-08 05:00:00-04:00,1.09355,1.09355,1.09124,1.0919750000000001,29987.779704272747,5,0,False,False
2025-04-08 06:00:00-04:00,1.09184,1.093845,1.0915,1.092755,28391.769755601883,6,0,False,False
2025-04-08 07:00:00-04:00,1.0929250000000001,1.09443,1.092705,1.09342,33189.31971150637,7,0,False,False
2025-04-08 08:00:00-04:00,1.093695,1.0967449999999999,1.093695,1.09485,30131.42970125377,8,0,False,False
2025-04-08 09:00:00-04:00,1.09493,1.0954899999999999,1.092795,1.0935899999999998,40769.25953423232,9,0,False,False
2025-04-08 10:00:00-04:00,1.09306,1.09306,1.08921,1.0910199999999999,46044.23960617185,10,0,False,True
2025-04-08 11:00:00-04:00,1.09101,1.091935,1.08978,1.091165,34891.339682906866,11,0,False,False
2025-04-08 12:00:00-04:00,1.090855,1.0931449999999998,1.090025,1.092975,33756.57971470803,12,0,False,False
2025-04-08 13:00:00-04:00,1.092975,1.094735,1.092795,1.09338,40142.80967898667,13,0,False,False
2025-04-08 14:00:00-04:00,1.093145,1.095945,1.09306,1.0952250000000001,28352.33969256282,14,0,False,False
2025-04-08 15:00:00-04:00,1.09538,1.09779,1.095245,1.095425,26384.219704039395,15,0,False,False
2025-04-08 16:00:00-04:00,1.09573,1.096175,1.0939299999999998,1.09574,9824.359894827008,16,0,False,False
2025-04-08 17:00:00-04:00,1.09541,1.095955,1.0953,1.09588,2970.549990594387,17,0,False,False
2025-04-08 18:00:00-04:00,1.09589,1.09768,1.09589,1.0968149999999999,12713.8698983863,18,0,False,False
2025-04-08 19:00:00-04:00,1.09667,1.09843,1.09667,1.09775,13999.109838783741,19,0,False,False
2025-04-08 20:00:00-04:00,1.09759,1.10156,1.09715,1.10149,33387.749669127166,20,0,False,False
2025-04-08 21:00:00-04:00,1.10169,1.1039750000000002,1.10169,1.10203,44028.40966247767,21,0,False,False
2025-04-08 22:00:00-04:00,1.1020349999999999,1.1027749999999998,1.1010849999999999,1.101995,31886.56971528381,22,0,False,False
2025-04-08 23:00:00-04:00,1.101585,1.103505,1.1014599999999999,1.1019700000000001,30371.65974572301,23,0,False,False
2025-04-09 00:00:00-04:00,1.1019700000000001,1.106855,1.1019700000000001,1.106855,46838.52966662496,0,0,True,False
2025-04-09 01:00:00-04:00,1.10615,1.1065450000000001,1.103145,1.10616,44934.97966546565,1,0,True,False
2025-04-09 02:00:00-04:00,1.106185,1.10868,1.104455,1.107355,61198.759508781135,2,0,True,False
2025-04-09 03:00:00-04:00,1.107135,1.10777,1.101295,1.101535,68058.86942092329,3,0,True,False
2025-04-09 04:00:00-04:00,1.102025,1.10335,1.100005,1.102745,50728.90949393064,4,0,True,False
2025-04-09 05:00:00-04:00,1.102315,1.10494,1.10098,1.1044100000000001,33438.7596296221,5,0,False,False
2025-04-09 06:00:00-04:00,1.10473,1.105785,1.102705,1.10333,34124.20966421813,6,0,False,False
2025-04-09 07:00:00-04:00,1.103965,1.10549,1.102475,1.103535,68731.38931760937,7,0,False,False
2025-04-09 08:00:00-04:00,1.10437,1.1094650000000001,1.10397,1.107565,51190.909404456615,8,0,False,False
2025-04-09 09:00:00-04:00,1.1071149999999998,1.108045,1.103615,1.104505,53778.69943098724,9,0,False,False
2025-04-09 10:00:00-04:00,1.103555,1.10498,1.1031300000000002,1.104075,38456.05962692946,10,0,False,True
2025-04-09 11:00:00-04:00,1.1038350000000001,1.1067550000000002,1.1038350000000001,1.10384,30148.799752295017,11,0,False,False
2025-04-09 12:00:00-04:00,1.1036299999999999,1.104225,1.101485,1.102025,22120.44977349043,12,0,False,False
2025-04-09 13:00:00-04:00,1.1016,1.106015,1.0949550000000001,1.0977350000000001,87755.36328601092,13,0,False,False
2025-04-09 14:00:00-04:00,1.097365,1.097875,1.091685,1.0964,62512.729395627975,14,0,False,False
2025-04-09 15:00:00-04:00,1.09561,1.097455,1.093345,1.0934499999999998,41672.72962077707,15,0,False,False
2025-04-09 16:00:00-04:00,1.09359,1.095885,1.093015,1.094865,21980.37976615131,16,0,False,False
2025-04-09 17:00:00-04:00,1.09496,1.09527,1.0949200000000001,1.09524,3333.419996023178,17,0,False,False
2025-04-09 18:00:00-04:00,1.0952600000000001,1.09627,1.095085,1.0960450000000002,14086.799889370799,18,0,False,False
2025-04-09 19:00:00-04:00,1.09605,1.09605,1.0945,1.0950950000000002,11630.91981139779,19,0,False,False
2025-04-09 20:00:00-04:00,1.0952250000000001,1.098635,1.0952250000000001,1.098635,26242.10966079682,20,0,False,False
2025-04-09 21:00:00-04:00,1.09857,1.098775,1.097,1.0971899999999999,23164.559817388654,21,0,False,False
2025-04-09 22:00:00-04:00,1.0975350000000001,1.0977000000000001,1.096185,1.097185,20479.699848383665,22,0,False,False
2025-04-09 23:00:00-04:00,1.097215,1.09877,1.097215,1.098175,15499.579804643989,23,0,False,False
2025-04-10 00:00:00-04:00,1.0981100000000001,1.098495,1.097835,1.098285,12039.869830518961,0,0,True,False
2025-04-10 01:00:00-04:00,1.098205,1.099485,1.097955,1.09857,13823.889838889241,1,0,True,False
2025-04-10 02:00:00-04:00,1.098395,1.098635,1.09649,1.098325,29090.249694511294,2,0,True,False
2025-04-10 03:00:00-04:00,1.0981800000000002,1.10277,1.09701,1.10264,46424.66960976273,3,0,True,False
2025-04-10 04:00:00-04:00,1.102935,1.104635,1.1017299999999999,1.10376,36867.97960138321,4,0,True,False
2025-04-10 05:00:00-04:00,1.1038299999999999,1.105925,1.1035249999999999,1.105925,25023.529764600098,5,0,False,False
2025-04-10 06:00:00-04:00,1.106255,1.10798,1.105565,1.10798,26144.15975303948,6,0,False,False
2025-04-10 07:00:00-04:00,1.108005,1.10879,1.106925,1.107035,27082.949726484716,7,0,False,False
2025-04-10 08:00:00-04:00,1.1068799999999999,1.11308,1.1068799999999999,1.109725,41764.589651450515,8,0,False,False
2025-04-10 09:00:00-04:00,1.109345,1.11335,1.109345,1.1127,34836.9996695593,9,0,False,False
2025-04-10 10:00:00-04:00,1.113295,1.11856,1.1127500000000001,1.11856,41556.60965619981,10,0,False,True
2025-04-10 11:00:00-04:00,1.118045,1.122515,1.115415,1.119055,52198.93957529962,11,0,False,False
2025-04-10 12:00:00-04:00,1.11794,1.1207850000000001,1.117885,1.1196899999999999,45575.16953744739,12,0,False,False
2025-04-10 13:00:00-04:00,1.11906,1.121,1.11753,1.121,36435.22959957272,13,0,False,False
2025-04-10 14:00:00-04:00,1.12154,1.12411,1.120255,1.1215549999999999,31658.379640698433,14,0,False,False
2025-04-10 15:00:00-04:00,1.12154,1.1216249999999999,1.116095,1.120725,38166.69969506562,15,0,False,False
2025-04-10 16:00:00-04:00,1.11984,1.120305,1.118195,1.1200999999999999,15313.839854344726,16,0,False,False
2025-04-10 17:00:00-04:00,1.1200999999999999,1.1200999999999999,1.1192350000000002,1.1192350000000002,5041.139995008707,17,0,False,False
2025-04-10 18:00:00-04:00,1.1201400000000001,1.123465,1.120015,1.123465,15647.199917033315,18,0,False,False
2025-04-10 19:00:00-04:00,1.12295,1.1262349999999999,1.121505,1.125795,24590.549732215703,19,0,False,False
2025-04-10 20:00:00-04:00,1.12611,1.137165,1.12544,1.131035,51908.249397970736,20,0,False,False
2025-04-10 21:00:00-04:00,1.1298949999999999,1.131625,1.127935,1.1305800000000001,48026.49954748899,21,0,False,False
2025-04-10 22:00:00-04:00,1.13105,1.132225,1.12965,1.13026,35112.48958732933,22,0,False,False
2025-04-10 23:00:00-04:00,1.130445,1.13529,1.13041,1.1341,26152.759695470333,23,0,False,False
2025-04-11 00:00:00-04:00,1.133705,1.133705,1.13111,1.132255,20264.709737569094,0,0,True,False
2025-04-11 01:00:00-04:00,1.131615,1.131615,1.127325,1.128525,23716.18965677917,1,0,True,False
2025-04-11 02:00:00-04:00,1.128185,1.1287099999999999,1.1250200000000001,1.1287099999999999,34669.29961986095,2,0,True,False
2025-04-11 03:00:00-04:00,1.128755,1.136795,1.128755,1.13645,47121.429611586034,3,0,True,False
2025-04-11 04:00:00-04:00,1.1367349999999998,1.147135,1.135295,1.1427399999999999,70563.71943299472,4,0,True,False
2025-04-11 05:00:00-04:00,1.1423999999999999,1.1423999999999999,1.13857,1.13857,49149.29956062138,5,0,False,False
2025-04-11 06:00:00-04:00,1.136795,1.13831,1.1325,1.133675,52045.17953310907,6,0,False,False
2025-04-11 07:00:00-04:00,1.1333199999999999,1.137065,1.1329150000000001,1.1329150000000001,41260.29954776168,7,0,False,False
2025-04-11 08:00:00-04:00,1.133385,1.1398,1.133295,1.139555,52735.879516884685,8,0,False,False
2025-04-11 09:00:00-04:00,1.13957,1.141115,1.13309,1.136095,68028.91941221803,9,0,False,False
2025-04-11 10:00:00-04:00,1.135575,1.13815,1.13303,1.134035,78122.31931520998,10,0,False,True
2025-04-11 11:00:00-04:00,1.1341350000000001,1.1349049999999998,1.1318100000000002,1.1325,47575.859523661435,11,0,False,False
2025-04-11 12:00:00-04:00,1.131815,1.132445,1.12779,1.130605,46896.749556712806,12,0,False,False
2025-04-11 13:00:00-04:00,1.1304349999999999,1.1326049999999999,1.12855,1.12855,30334.819651715457,13,0,False,False
2025-04-11 14:00:00-04:00,1.129335,1.13192,1.129335,1.13126,28342.799684673548,14,0,False,False
2025-04-11 15:00:00-04:00,1.131105,1.1343299999999998,1.131105,1.134185,20675.949773959816,15,0,False,False
2025-04-11 16:00:00-04:00,1.134025,1.136005,1.134025,1.13595,13722.059851326048,16,0,False,False
2025-04-13 17:00:00-04:00,1.13164,1.13242,1.13164,1.131935,835.1099828630686,17,0,False,False
2025-04-13 18:00:00-04:00,1.13235,1.135415,1.13235,1.1334300000000002,23554.22969494015,18,0,False,False
2025-04-13 19:00:00-04:00,1.133805,1.134665,1.1326450000000001,1.134225,16948.219787344337,19,0,False,False
2025-04-13 20:00:00-04:00,1.13469,1.137,1.13469,1.136555,26696.749671965837,20,0,False,False
2025-04-13 21:00:00-04:00,1.13693,1.1408399999999999,1.1368800000000001,1.13855,31445.59964480996,21,0,False,False
2025-04-13 22:00:00-04:00,1.13852,1.14001,1.1372399999999998,1.1372399999999998,24892.00969374925,22,0,False,False
2025-04-13 23:00:00-04:00,1.137295,1.138025,1.135935,1.1371600000000002,16488.329735316336,23,0,False,False
2025-04-14 00:00:00-04:00,1.137125,1.13822,1.136635,1.136775,12110.329811751842,0,0,True,False
2025-04-14 01:00:00-04:00,1.137235,1.1387749999999999,1.135405,1.138535,13912.739784568548,1,0,True,False
2025-04-14 02:00:00-04:00,1.138455,1.14233,1.1379000000000001,1.14169,30609.919584713876,2,0,True,False
2025-04-14 03:00:00-04:00,1.1421350000000001,1.1423,1.1385999999999998,1.139,33970.09962783754,3,0,True,False
2025-04-14 04:00:00-04:00,1.1388150000000001,1.14085,1.138025,1.13877,30182.7496201396,4,0,True,False
2025-04-14 05:00:00-04:00,1.139075,1.140695,1.138695,1.138695,26335.80968056619,5,0,False,False
2025-04-14 06:00:00-04:00,1.13834,1.139175,1.137275,1.13874,21993.889736935496,6,0,False,False
2025-04-14 07:00:00-04:00,1.138615,1.140435,1.137475,1.138395,17885.90980182588,7,0,False,False
2025-04-14 08:00:00-04:00,1.1385450000000001,1.138775,1.13368,1.1339000000000001,29407.989694088697,8,0,False,False
2025-04-14 09:00:00-04:00,1.13382,1.13382,1.1298599999999999,1.13274,41035.519595101476,9,0,False,False
2025-04-14 10:00:00-04:00,1.133,1.13677,1.13222,1.13677,30224.9997067675,10,0,False,True
2025-04-14 11:00:00-04:00,1.1368800000000001,1.1379700000000001,1.13532,1.135735,31359.73969089985,11,0,False,False
2025-04-14 12:00:00-04:00,1.135675,1.13686,1.13305,1.13307,27508.49973705411,12,0,False,False
2025-04-14 13:00:00-04:00,1.13402,1.134585,1.13296,1.133845,21206.19977799803,13,0,False,False
2025-04-14 14:00:00-04:00,1.134055,1.135635,1.13385,1.135445,14688.189883358777,14,0,False,False
2025-04-14 15:00:00-04:00,1.1355849999999998,1.136885,1.1351550000000001,1.135485,11723.299890466034,15,0,False,False
2025-04-14 16:00:00-04:00,1.134965,1.13582,1.13455,1.13502,7534.899905972183,16,0,False,False
2025-04-14 17:00:00-04:00,1.13503,1.135595,1.13463,1.13537,1972.0671957060695,17,0,False,False
2025-04-14 18:00:00-04:00,1.1360100000000002,1.1360100000000002,1.13457,1.13538,5629.319956727326,18,0,False,False
2025-04-14 19:00:00-04:00,1.135325,1.135325,1.13337,1.13363,6417.789902731776,19,0,False,False
2025-04-14 20:00:00-04:00,1.133655,1.133655,1.13184,1.132885,14274.189817786217,20,0,False,False
2025-04-14 21:00:00-04:00,1.1330149999999999,1.1334149999999998,1.13164,1.132425,12615.619869530201,21,0,False,False
2025-04-14 22:00:00-04:00,1.1325500000000002,1.135215,1.1325500000000002,1.134965,15088.469817601144,22,0,False,False
2025-04-14 23:00:00-04:00,1.13524,1.135245,1.13442,1.134765,10338.839879520237,23,0,False,False
2025-04-15 00:00:00-04:00,1.1348099999999999,1.13625,1.1345200000000002,1.1356899999999999,10345.839850224555,0,0,True,False
2025-04-15 01:00:00-04:00,1.135605,1.136745,1.135075,1.135075,10701.009844444692,1,0,True,False
2025-04-15 02:00:00-04:00,1.1352250000000002,1.13635,1.13287,1.13321,31541.149742029607,2,0,True,False
2025-04-15 03:00:00-04:00,1.132925,1.13586,1.13243,1.1357300000000001,34817.96973440796,3,0,True,False
2025-04-15 04:00:00-04:00,1.13615,1.13773,1.134515,1.134695,31361.24970319122,4,0,True,False
2025-04-15 05:00:00-04:00,1.1345049999999999,1.13533,1.13361,1.13388,24176.859785676003,5,0,False,False
2025-04-15 06:00:00-04:00,1.13374,1.134905,1.133235,1.1344400000000001,19809.169818527997,6,0,False,False
2025-04-15 07:00:00-04:00,1.134245,1.134245,1.13158,1.132655,22036.479776993394,7,0,False,False
2025-04-15 08:00:00-04:00,1.132675,1.13396,1.1312950000000002,1.1312950000000002,28706.419693112373,8,0,False,False
2025-04-15 09:00:00-04:00,1.130965,1.132685,1.130785,1.1317650000000001,28588.519675008953,9,0,False,False
2025-04-15 10:00:00-04:00,1.13162,1.1329,1.128665,1.1329,44837.92954991758,10,0,False,True
2025-04-15 11:00:00-04:00,1.13283,1.13283,1.128495,1.1288749999999999,28054.509729243815,11,0,False,False
2025-04-15 12:00:00-04:00,1.129025,1.1292,1.12666,1.12745,21601.299784749746,12,0,False,False
2025-04-15 13:00:00-04:00,1.12726,1.128085,1.1268449999999999,1.127275,17322.669825144112,13,0,False,False
2025-04-15 14:00:00-04:00,1.12695,1.12759,1.126805,1.12736,13834.55985698849,14,0,False,False
2025-04-15 15:00:00-04:00,1.12732,1.12875,1.1271849999999999,1.12825,8353.72992245853,15,0,False,False
2025-04-15 16:00:00-04:00,1.12846,1.128925,1.1280299999999999,1.12822,4948.039933152497,16,0,False,False
2025-04-15 17:00:00-04:00,1.12836,1.12856,1.1281750000000001,1.1283050000000001,1923.549997471273,17,0,False,False
2025-04-15 18:00:00-04:00,1.128525,1.129945,1.128525,1.129575,7130.349941931665,18,0,False,False
2025-04-15 19:00:00-04:00,1.12924,1.12987,1.128505,1.129365,10122.829889558256,19,0,False,False
2025-04-15 20:00:00-04:00,1.129515,1.13205,1.129515,1.1317149999999998,20353.07978180051,20,0,False,False
2025-04-15 21:00:00-04:00,1.131835,1.132995,1.131785,1.132365,21357.0298198238,21,0,False,False
2025-04-15 22:00:00-04:00,1.13248,1.133195,1.1320700000000001,1.1327699999999998,18261.789847791195,22,0,False,False
2025-04-15 23:00:00-04:00,1.133,1.134335,1.132495,1.134335,12390.359864510596,23,0,False,False
2025-04-16 00:00:00-04:00,1.134375,1.1347450000000001,1.133355,1.134625,12232.179877072573,0,0,True,False
2025-04-16 01:00:00-04:00,1.134325,1.138245,1.134325,1.13809,22324.499800033867,1,0,True,False
2025-04-16 02:00:00-04:00,1.137745,1.1382750000000001,1.13608,1.13608,24770.229764439166,2,0,True,False
2025-04-16 03:00:00-04:00,1.1363850000000002,1.139015,1.13598,1.1387049999999999,24982.669720754027,3,0,True,False
2025-04-16 04:00:00-04:00,1.138825,1.138825,1.1339700000000001,1.13697,44656.01961366832,4,0,True,False
2025-04-16 05:00:00-04:00,1.13687,1.137715,1.13575,1.136015,28846.969753205776,5,0,False,False
2025-04-16 06:00:00-04:00,1.13577,1.13736,1.135465,1.13581,20926.549780853093,6,0,False,False
2025-04-16 07:00:00-04:00,1.1360000000000001,1.13711,1.1356,1.13633,17040.21980778873,7,0,False,False
2025-04-16 08:00:00-04:00,1.13652,1.13652,1.134215,1.13516,28862.17969312519,8,0,False,False
2025-04-16 09:00:00-04:00,1.1354899999999999,1.137315,1.13522,1.1366800000000001,30255.01969409734,9,0,False,False
2025-04-16 10:00:00-04:00,1.136905,1.13839,1.135715,1.13839,27890.219710163772,10,0,False,True
2025-04-16 11:00:00-04:00,1.138185,1.1385200000000002,1.1357949999999999,1.138165,27839.579747140408,11,0,False,False
2025-04-16 12:00:00-04:00,1.138305,1.13864,1.1371950000000002,1.137515,18156.969847291708,12,0,False,False
2025-04-16 13:00:00-04:00,1.13715,1.13872,1.13631,1.1375250000000001,26978.02972997725,13,0,False,False
2025-04-16 14:00:00-04:00,1.13747,1.13884,1.136535,1.1386500000000002,18926.75979077816,14,0,False,False
2025-04-16 15:00:00-04:00,1.1386349999999998,1.141205,1.1386349999999998,1.13867,19504.789832547307,15,0,False,False
2025-04-16 16:00:00-04:00,1.138475,1.13992,1.13823,1.1399050000000002,9037.309889398515,16,0,False,False
2025-04-16 17:00:00-04:00,1.13988,1.13995,1.13971,1.1397599999999999,6378.299978516996,17,0,False,False
2025-04-16 18:00:00-04:00,1.13999,1.13999,1.139565,1.1399599999999999,5984.099941179156,18,0,False,False
2025-04-16 19:00:00-04:00,1.139985,1.140935,1.139565,1.139565,6853.599912390113,19,0,False,False
2025-04-16 20:00:00-04:00,1.13961,1.13961,1.136545,1.136825,18377.29973113537,20,0,False,False
2025-04-16 21:00:00-04:00,1.13662,1.1368800000000001,1.135685,1.136555,20534.79978135228,21,0,False,False
2025-04-16 22:00:00-04:00,1.136715,1.138115,1.13656,1.1378249999999999,10292.36986553669,22,0,False,False
2025-04-16 23:00:00-04:00,1.1380249999999998,1.1380249999999998,1.136435,1.136435,6544.449904941022,23,0,False,False
2025-04-17 00:00:00-04:00,1.136495,1.1369799999999999,1.136155,1.136225,5961.459915697575,0,0,True,False
2025-04-17 01:00:00-04:00,1.13625,1.137005,1.1344750000000001,1.135235,10456.21986450255,1,0,True,False
2025-04-17 02:00:00-04:00,1.13531,1.136965,1.1345399999999999,1.135895,15588.589791171253,2,0,True,False
2025-04-17 03:00:00-04:00,1.13639,1.1378300000000001,1.1354600000000001,1.13768,20853.12974512577,3,0,True,False
2025-04-17 04:00:00-04:00,1.1380249999999998,1.13882,1.13701,1.1378650000000001,16048.79980584234,4,0,True,False
2025-04-17 05:00:00-04:00,1.1378300000000001,1.13797,1.137105,1.13726,13628.219822317362,5,0,False,False
2025-04-17 06:00:00-04:00,1.13742,1.1376149999999998,1.13581,1.13597,17290.579779319465,6,0,False,False
2025-04-17 07:00:00-04:00,1.1356350000000002,1.13687,1.1356350000000002,1.13567,13614.549819938838,7,0,False,False
2025-04-17 08:00:00-04:00,1.1354600000000001,1.1366200000000002,1.13411,1.13565,39451.77963068336,8,0,False,False
2025-04-17 09:00:00-04:00,1.1365850000000002,1.137375,1.13537,1.13613,38875.34959875792,9,0,False,False
2025-04-17 10:00:00-04:00,1.13622,1.1385399999999999,1.1344349999999999,1.13496,29120.939632862806,10,0,False,True
2025-04-17 11:00:00-04:00,1.1350500000000001,1.1375600000000001,1.1350449999999999,1.1363400000000001,20698.399783708155,11,0,False,False
2025-04-17 12:00:00-04:00,1.1359650000000001,1.1370149999999999,1.13423,1.1350799999999999,26550.89972770214,12,0,False,False
2025-04-17 13:00:00-04:00,1.1351149999999999,1.1353,1.134245,1.13511,13032.42986228317,13,0,False,False
2025-04-17 14:00:00-04:00,1.1350850000000001,1.13737,1.1345100000000001,1.13736,13526.40984467417,14,0,False,False
2025-04-17 15:00:00-04:00,1.137365,1.1375899999999999,1.1369799999999999,1.13733,12888.419871270657,15,0,False,False
2025-04-17 16:00:00-04:00,1.13727,1.1375950000000001,1.13626,1.1364450000000001,8764.149897813797,16,0,False,False
2025-04-17 17:00:00-04:00,1.136665,1.137035,1.1362649999999999,1.136905,2853.5099911540747,17,0,False,False
2025-04-17 18:00:00-04:00,1.13699,1.1372,1.1367099999999999,1.13702,15451.06986104697,18,0,False,False
2025-04-17 19:00:00-04:00,1.137035,1.13727,1.13687,1.1372300000000002,15623.399974413216,19,0,False,False
2025-04-17 20:00:00-04:00,1.1372499999999999,1.13826,1.13652,1.1374900000000001,30755.179819643497,20,0,False,False
2025-04-17 21:00:00-04:00,1.1374499999999999,1.1375950000000001,1.1369449999999999,1.13716,38164.73987519741,21,0,False,False
2025-04-17 22:00:00-04:00,1.13724,1.137815,1.137075,1.137275,30901.08983258903,22,0,False,False
2025-04-17 23:00:00-04:00,1.137445,1.1376249999999999,1.13701,1.13737,30607.49979598075,23,0,False,False
2025-04-18 00:00:00-04:00,1.1372499999999999,1.137445,1.136955,1.136955,25795.369899764657,0,0,True,False
2025-04-18 01:00:00-04:00,1.1372149999999999,1.137425,1.1367150000000001,1.1370900000000002,23220.299864970148,1,0,True,False
2025-04-18 02:00:00-04:00,1.13717,1.13766,1.13622,1.13622,44008.72975767404,2,0,True,False
2025-04-18 03:00:00-04:00,1.136025,1.137545,1.136025,1.13699,53164.54289930314,3,0,True,False
2025-04-18 04:00:00-04:00,1.1370399999999998,1.137165,1.1368399999999999,1.137105,60909.39985345304,4,0,True,False
2025-04-18 05:00:00-04:00,1.137165,1.137165,1.136845,1.13695,70667.31997783482,5,0,False,False
2025-04-18 06:00:00-04:00,1.136925,1.13746,1.136925,1.13744,41391.36356878281,6,0,False,False
2025-04-18 07:00:00-04:00,1.13753,1.13827,1.13734,1.1381199999999998,66187.72992819548,7,0,False,False
2025-04-18 08:00:00-04:00,1.13811,1.138645,1.13811,1.138285,28150.839934930205,8,0,False,False
2025-04-18 09:00:00-04:00,1.13829,1.13829,1.13782,1.137945,37028.78996313363,9,0,False,False
2025-04-18 10:00:00-04:00,1.1380750000000002,1.1396950000000001,1.1380750000000002,1.1396549999999999,44618.26997938007,10,0,False,True
2025-04-18 11:00:00-04:00,1.13932,1.1393300000000002,1.138875,1.13923,44786.82995472103,11,0,False,False
2025-04-18 12:00:00-04:00,1.1391550000000001,1.139475,1.1388349999999998,1.13945,42856.69000530243,12,0,False,False
2025-04-18 13:00:00-04:00,1.139485,1.13949,1.139075,1.1392600000000002,21038.66996536404,13,0,False,False
2025-04-18 14:00:00-04:00,1.139405,1.1395300000000002,1.1392000000000002,1.13945,12517.629928551614,14,0,False,False
2025-04-18 15:00:00-04:00,1.13944,1.13968,1.1393550000000001,1.1394700000000002,5306.719983197749,15,0,False,False
2025-04-18 16:00:00-04:00,1.139465,1.139465,1.1391499999999999,1.13935,6128.569962695241,16,0,False,False
2025-04-20 17:00:00-04:00,1.139625,1.142465,1.139585,1.142465,2533.7999461963773,17,0,False,False
2025-04-20 18:00:00-04:00,1.140165,1.143715,1.13951,1.14329,22298.889734216034,18,0,False,False
2025-04-20 19:00:00-04:00,1.1436950000000001,1.1457199999999998,1.1434950000000002,1.14492,21706.019829578698,19,0,False,False
2025-04-20 20:00:00-04:00,1.1453799999999998,1.1486,1.1453799999999998,1.14663,32442.799710266292,20,0,False,False
2025-04-20 21:00:00-04:00,1.147335,1.147825,1.1466349999999998,1.147685,15816.419778831303,21,0,False,False
2025-04-20 22:00:00-04:00,1.14768,1.15178,1.147275,1.15048,24300.139715895057,22,0,False,False
2025-04-20 23:00:00-04:00,1.15066,1.152205,1.15066,1.15152,11786.32983250916,23,0,False,False
2025-04-21 00:00:00-04:00,1.15115,1.151755,1.14991,1.151755,13476.019829832017,0,0,True,False
2025-04-21 01:00:00-04:00,1.151825,1.15341,1.151495,1.1531500000000001,15741.939805082977,1,0,True,False
2025-04-21 02:00:00-04:00,1.15269,1.153285,1.150585,1.15156,16457.099790468812,2,0,True,False
2025-04-21 03:00:00-04:00,1.15113,1.15577,1.15106,1.15556,25591.759735167027,3,0,True,False
2025-04-21 04:00:00-04:00,1.15578,1.156335,1.153885,1.155825,25566.729761257768,4,0,True,False
2025-04-21 05:00:00-04:00,1.15565,1.157255,1.154685,1.154725,21505.499779894948,5,0,False,False
2025-04-21 06:00:00-04:00,1.154325,1.15479,1.152215,1.15236,15260.899830155075,6,0,False,False
2025-04-21 07:00:00-04:00,1.15235,1.15458,1.15149,1.154305,18708.679779022932,7,0,False,False
2025-04-21 08:00:00-04:00,1.154455,1.15494,1.152435,1.15427,21197.939736917615,8,0,False,False
2025-04-21 09:00:00-04:00,1.154175,1.154175,1.15031,1.151915,27155.339717939496,9,0,False,False
2025-04-21 10:00:00-04:00,1.1521949999999999,1.1521949999999999,1.149215,1.149785,26975.51971913129,10,0,False,True
2025-04-21 11:00:00-04:00,1.149475,1.150715,1.14822,1.150715,22991.45977628231,11,0,False,False
2025-04-21 12:00:00-04:00,1.150515,1.15131,1.15008,1.15095,13796.52985368669,12,0,False,False
2025-04-21 13:00:00-04:00,1.1506,1.151395,1.14945,1.151395,11528.949873402715,13,0,False,False
2025-04-21 14:00:00-04:00,1.1513200000000001,1.152435,1.1513200000000001,1.1522299999999999,10536.919879972935,14,0,False,False
2025-04-21 15:00:00-04:00,1.1522350000000001,1.152675,1.1512850000000001,1.1512850000000001,9534.489893704653,15,0,False,False
2025-04-21 16:00:00-04:00,1.151345,1.15156,1.150525,1.15149,5978.649930506945,16,0,False,False
2025-04-21 17:00:00-04:00,1.151535,1.151535,1.1510150000000001,1.15111,3614.309995621443,17,0,False,False
2025-04-21 18:00:00-04:00,1.15125,1.1525050000000001,1.15076,1.15233,5119.979954943061,18,0,False,False
2025-04-21 19:00:00-04:00,1.15235,1.15235,1.1508850000000002,1.1514,6977.429908886552,19,0,False,False
2025-04-21 20:00:00-04:00,1.1510449999999999,1.1510449999999999,1.14825,1.14906,16788.909783765674,20,0,False,False
2025-04-21 21:00:00-04:00,1.1491250000000002,1.149815,1.1486450000000001,1.149465,19700.499807715416,21,0,False,False
2025-04-21 22:00:00-04:00,1.149585,1.15206,1.14943,1.15206,13044.619873099029,22,0,False,False
2025-04-21 23:00:00-04:00,1.152055,1.153995,1.152055,1.1534900000000001,22857.50980912149,23,0,False,False
2025-04-22 00:00:00-04:00,1.15347,1.154,1.15278,1.15303,14430.969880364835,0,0,True,False
2025-04-22 01:00:00-04:00,1.152855,1.15469,1.15191,1.15425,26674.65979102999,1,0,True,False
2025-04-22 02:00:00-04:00,1.1541350000000001,1.1541350000000001,1.14978,1.15009,44389.46963208169,2,0,True,False
2025-04-22 03:00:00-04:00,1.150255,1.15086,1.148405,1.15056,46334.76972526312,3,0,True,False
2025-04-22 04:00:00-04:00,1.150665,1.1513200000000001,1.1495549999999999,1.149985,29177.889736890793,4,0,True,False
2025-04-22 05:00:00-04:00,1.1498,1.15056,1.148795,1.149065,20190.719774104655,5,0,False,False
2025-04-22 06:00:00-04:00,1.14903,1.14992,1.14886,1.14886,15640.919811062515,6,0,False,False
2025-04-22 07:00:00-04:00,1.1485699999999999,1.149985,1.14851,1.148595,16287.439807966352,7,0,False,False
2025-04-22 08:00:00-04:00,1.14844,1.149,1.14641,1.147035,26582.199734911323,8,0,False,False
2025-04-22 09:00:00-04:00,1.146915,1.148415,1.145805,1.147445,23729.4897332564,9,0,False,False
2025-04-22 10:00:00-04:00,1.14726,1.1491,1.146215,1.147815,25749.52970044315,10,0,False,True
2025-04-22 11:00:00-04:00,1.1477650000000001,1.1484649999999998,1.1465,1.1465,22100.969778239727,11,0,False,False
2025-04-22 12:00:00-04:00,1.1452550000000001,1.14682,1.143405,1.143405,27538.92971305549,12,0,False,False
2025-04-22 13:00:00-04:00,1.1433499999999999,1.14527,1.143185,1.1450399999999998,22718.169788002968,13,0,False,False
2025-04-22 14:00:00-04:00,1.144865,1.144865,1.142355,1.14272,10820.549884073436,14,0,False,False
2025-04-22 15:00:00-04:00,1.142585,1.1434099999999998,1.1420949999999999,1.1420949999999999,10391.089859090745,15,0,False,False
2025-04-22 16:00:00-04:00,1.1420249999999998,1.142965,1.141775,1.14212,6465.899919368327,16,0,False,False
2025-04-22 17:00:00-04:00,1.14221,1.142855,1.13645,1.13645,9689.449951149523,17,0,False,False
2025-04-22 18:00:00-04:00,1.135825,1.13694,1.130925,1.133725,35785.69963222742,18,0,False,False
2025-04-22 19:00:00-04:00,1.134375,1.136255,1.1342050000000001,1.135065,24573.609740443528,19,0,False,False
2025-04-22 20:00:00-04:00,1.13598,1.13975,1.13598,1.13975,30271.479666166008,20,0,False,False
2025-04-22 21:00:00-04:00,1.14013,1.1414499999999999,1.138535,1.140725,20827.539739705622,21,0,False,False
2025-04-22 22:00:00-04:00,1.1409850000000001,1.1409850000000001,1.13919,1.14048,17155.21980627626,22,0,False,False
2025-04-22 23:00:00-04:00,1.140375,1.14045,1.13755,1.137925,16869.349798701704,23,0,False,False
2025-04-23 00:00:00-04:00,1.13794,1.139165,1.13715,1.139015,9569.699863351882,0,0,True,False
2025-04-23 01:00:00-04:00,1.1386699999999998,1.139945,1.1375,1.13768,14368.979820035398,1,0,True,False
2025-04-23 02:00:00-04:00,1.13784,1.1394549999999999,1.13767,1.1385100000000001,26937.339695714414,2,0,True,False
2025-04-23 03:00:00-04:00,1.13875,1.1406399999999999,1.138055,1.138595,32251.869644887745,3,0,True,False
2025-04-23 04:00:00-04:00,1.138865,1.1414499999999999,1.13816,1.14131,20705.019755497575,4,0,True,False
2025-04-23 05:00:00-04:00,1.1415199999999999,1.1439849999999998,1.1415199999999999,1.1418300000000001,21899.31975032389,5,0,False,False
2025-04-23 06:00:00-04:00,1.141545,1.1418,1.13918,1.140215,17240.999808855355,6,0,False,False
2025-04-23 07:00:00-04:00,1.140205,1.14148,1.13875,1.1411,16777.219807222486,7,0,False,False
2025-04-23 08:00:00-04:00,1.14141,1.1418949999999999,1.1402899999999998,1.140555,17328.319798104465,8,0,False,False
2025-04-23 09:00:00-04:00,1.1406,1.14108,1.133365,1.133365,44654.08952832222,9,0,False,False
2025-04-23 10:00:00-04:00,1.133845,1.13751,1.133845,1.135335,51667.719423510134,10,0,False,True
2025-04-23 11:00:00-04:00,1.134905,1.13821,1.1345399999999999,1.13489,41108.139570735395,11,0,False,False
2025-04-23 12:00:00-04:00,1.1350449999999999,1.1364100000000001,1.133925,1.133995,24742.189705885947,12,0,False,False
2025-04-23 13:00:00-04:00,1.13428,1.13428,1.13256,1.1329699999999998,15533.059831403196,13,0,False,False
2025-04-23 14:00:00-04:00,1.132725,1.13294,1.131635,1.13239,13819.439866133034,14,0,False,False
2025-04-23 15:00:00-04:00,1.132235,1.13312,1.131985,1.1327500000000001,11638.119866758585,15,0,False,False
2025-04-23 16:00:00-04:00,1.132345,1.13255,1.13116,1.131545,7686.889911271632,16,0,False,False
2025-04-23 17:00:00-04:00,1.1317249999999999,1.132395,1.1316549999999999,1.132395,2349.5699937939644,17,0,False,False
2025-04-23 18:00:00-04:00,1.13267,1.13464,1.132485,1.133245,9271.199898667634,18,0,False,False
2025-04-23 19:00:00-04:00,1.13336,1.133705,1.1328,1.1329449999999999,8373.939882919192,19,0,False,False
2025-04-23 20:00:00-04:00,1.132725,1.1344699999999999,1.13217,1.1343800000000002,12725.539815157652,20,0,False,False
2025-04-23 21:00:00-04:00,1.1347200000000002,1.13572,1.13407,1.134975,17191.679769180715,21,0,False,False
2025-04-23 22:00:00-04:00,1.134825,1.1357,1.13469,1.13553,11637.099865607917,22,0,False,False
2025-04-23 23:00:00-04:00,1.135435,1.13555,1.1337,1.13382,8377.659897364676,23,0,False,False
2025-04-24 00:00:00-04:00,1.13413,1.13421,1.133295,1.133925,7511.7499077916145,0,0,True,False
2025-04-24 01:00:00-04:00,1.133995,1.1345100000000001,1.13337,1.133645,11709.879831328988,1,0,True,False
2025-04-24 02:00:00-04:00,1.13376,1.135365,1.13376,1.135235,14410.719813540578,2,0,True,False
2025-04-24 03:00:00-04:00,1.135955,1.1379899999999998,1.135485,1.1379899999999998,18261.769803516567,3,0,True,False
2025-04-24 04:00:00-04:00,1.138585,1.139195,1.13721,1.138065,22970.209761850536,4,0,True,False
2025-04-24 05:00:00-04:00,1.13797,1.13899,1.13754,1.138445,13728.529823042452,5,0,False,False
2025-04-24 06:00:00-04:00,1.1385100000000001,1.1394,1.137765,1.13794,15953.409811586142,6,0,False,False
2025-04-24 07:00:00-04:00,1.138265,1.13899,1.1369799999999999,1.137295,15197.009810812771,7,0,False,False
2025-04-24 08:00:00-04:00,1.13735,1.13769,1.136075,1.13766,22255.979741714895,8,0,False,False
2025-04-24 09:00:00-04:00,1.13827,1.1383299999999998,1.13646,1.13761,20513.569759644568,9,0,False,False
2025-04-24 10:00:00-04:00,1.137785,1.1385450000000001,1.1364049999999999,1.1372749999999998,26026.28969846666,10,0,False,True
2025-04-24 11:00:00-04:00,1.137165,1.137505,1.1348150000000001,1.13609,23849.889758363366,11,0,False,False
2025-04-24 12:00:00-04:00,1.1362100000000002,1.138035,1.135805,1.137995,15536.559818126261,12,0,False,False
2025-04-24 13:00:00-04:00,1.1381450000000002,1.138305,1.1368,1.13694,10471.479890406132,13,0,False,False
2025-04-24 14:00:00-04:00,1.136655,1.13787,1.136495,1.1378,9183.959891013801,14,0,False,False
2025-04-24 15:00:00-04:00,1.1379000000000001,1.1396700000000002,1.1379000000000001,1.138465,10001.809913270175,15,0,False,False
2025-04-24 16:00:00-04:00,1.13848,1.139785,1.13828,1.13887,7419.619916036725,16,0,False,False
2025-04-24 17:00:00-04:00,1.1389,1.13936,1.138585,1.1388500000000001,8157.159982174635,17,0,False,False
2025-04-24 18:00:00-04:00,1.13879,1.1390850000000001,1.138445,1.138655,3749.429954648018,18,0,False,False
2025-04-24 19:00:00-04:00,1.1387200000000002,1.138805,1.13709,1.137275,4304.39993609488,19,0,False,False
2025-04-24 20:00:00-04:00,1.1368800000000001,1.1369,1.13473,1.13473,12219.519844166934,20,0,False,False
2025-04-24 21:00:00-04:00,1.134575,1.13545,1.1343800000000002,1.13439,20543.009812548757,21,0,False,False
2025-04-24 22:00:00-04:00,1.134315,1.13509,1.13425,1.134805,14695.879874885082,22,0,False,False
2025-04-24 23:00:00-04:00,1.134905,1.135715,1.1326100000000001,1.1326100000000001,21413.13978910446,23,0,False,False
2025-04-25 00:00:00-04:00,1.13222,1.1335549999999999,1.131645,1.13351,16888.029813602567,0,0,True,False
2025-04-25 01:00:00-04:00,1.133605,1.134125,1.1326450000000001,1.13314,17599.929828748107,1,0,True,False
2025-04-25 02:00:00-04:00,1.1329150000000001,1.135405,1.13219,1.134185,26026.189736627042,2,0,True,False
2025-04-25 03:00:00-04:00,1.13455,1.13676,1.13455,1.1360000000000001,22290.91971169412,3,0,True,False
2025-04-25 04:00:00-04:00,1.1358000000000001,1.13639,1.13408,1.135055,14861.979815930128,4,0,True,False
2025-04-25 05:00:00-04:00,1.135285,1.13595,1.13462,1.134625,13747.90981604904,5,0,False,False
2025-04-25 06:00:00-04:00,1.135,1.135845,1.133745,1.1356000000000002,20402.889784246683,6,0,False,False
2025-04-25 07:00:00-04:00,1.135315,1.1366,1.13463,1.1349399999999998,13351.689847804606,7,0,False,False
2025-04-25 08:00:00-04:00,1.1351200000000001,1.13589,1.1350349999999998,1.135235,12757.249839819968,8,0,False,False
2025-04-25 09:00:00-04:00,1.135285,1.135485,1.133405,1.1353550000000001,21895.05973943323,9,0,False,False
2025-04-25 10:00:00-04:00,1.1354199999999999,1.13784,1.1354199999999999,1.13685,24223.459703326225,10,0,False,True
2025-04-25 11:00:00-04:00,1.13674,1.13816,1.13584,1.13803,13222.079840391874,11,0,False,False
2025-04-25 12:00:00-04:00,1.138055,1.1387800000000001,1.1368800000000001,1.1368800000000001,9796.299881212413,12,0,False,False
2025-04-25 13:00:00-04:00,1.1372300000000002,1.13818,1.136545,1.137675,10350.289893068373,13,0,False,False
2025-04-25 14:00:00-04:00,1.13766,1.13807,1.13701,1.137975,7818.509913727641,14,0,False,False
2025-04-25 15:00:00-04:00,1.138035,1.138035,1.1359400000000002,1.1359400000000002,8266.619919031858,15,0,False,False
2025-04-25 16:00:00-04:00,1.13642,1.136505,1.1358,1.136505,5424.479936659336,16,0,False,False
2025-04-27 17:00:00-04:00,1.1366299999999998,1.136745,1.1359599999999999,1.1360899999999998,302.0099931284785,17,0,False,False
2025-04-27 18:00:00-04:00,1.13651,1.13651,1.1341899999999998,1.135,8100.389945030212,18,0,False,False
2025-04-27 19:00:00-04:00,1.135,1.135465,1.134265,1.134515,7562.3499477133155,19,0,False,False
2025-04-27 20:00:00-04:00,1.13475,1.1364450000000001,1.13475,1.1363949999999998,8358.869865857065,20,0,False,False
2025-04-27 21:00:00-04:00,1.1364649999999998,1.136645,1.1350850000000001,1.135135,9214.319865584373,21,0,False,False
2025-04-27 22:00:00-04:00,1.134985,1.13564,1.1344349999999999,1.13535,7860.389886900783,22,0,False,False
2025-04-27 23:00:00-04:00,1.13522,1.1360000000000001,1.1351499999999999,1.13564,4495.949931979179,23,0,False,False
2025-04-28 00:00:00-04:00,1.135465,1.137235,1.13532,1.137235,6736.779906563461,0,0,True,False
2025-04-28 01:00:00-04:00,1.137355,1.13806,1.137315,1.13745,10208.659882180393,1,0,True,False
2025-04-28 02:00:00-04:00,1.1373250000000001,1.137395,1.132975,1.133165,18099.099762946367,2,0,True,False
2025-04-28 03:00:00-04:00,1.13357,1.1360199999999998,1.13337,1.1348500000000001,16696.739793904126,3,0,True,False
2025-04-28 04:00:00-04:00,1.1347200000000002,1.13504,1.13363,1.13439,13644.589833758771,4,0,True,False
2025-04-28 05:00:00-04:00,1.13428,1.135845,1.13428,1.135,12814.839830204844,5,0,False,False
2025-04-28 06:00:00-04:00,1.13514,1.13593,1.13469,1.1350600000000002,8770.659866295755,6,0,False,False
2025-04-28 07:00:00-04:00,1.1347800000000001,1.1354899999999999,1.1341700000000001,1.135165,9372.359872974455,7,0,False,False
2025-04-28 08:00:00-04:00,1.13529,1.13718,1.13511,1.13511,14958.229800313711,8,0,False,False
2025-04-28 09:00:00-04:00,1.1351900000000001,1.1372300000000002,1.13408,1.136495,20731.02976002544,9,0,False,False
2025-04-28 10:00:00-04:00,1.13654,1.14068,1.13579,1.1378650000000001,30189.359704054892,10,0,False,True
2025-04-28 11:00:00-04:00,1.137705,1.13916,1.137305,1.1386349999999998,20413.429771624506,11,0,False,False
2025-04-28 12:00:00-04:00,1.13874,1.142035,1.13863,1.1411600000000002,15445.229835301638,12,0,False,False
2025-04-28 13:00:00-04:00,1.140895,1.14182,1.1401050000000001,1.1401050000000001,13814.179850891232,13,0,False,False
2025-04-28 14:00:00-04:00,1.140095,1.14135,1.140095,1.14135,8847.799907647073,14,0,False,False
2025-04-28 15:00:00-04:00,1.1415899999999999,1.14248,1.14154,1.142195,7211.549919709563,15,0,False,False
2025-04-28 16:00:00-04:00,1.142125,1.1424500000000002,1.141975,1.142025,5834.7199437990785,16,0,False,False
2025-04-28 17:00:00-04:00,1.1420050000000002,1.14221,1.14198,1.14209,1534.1199996471405,17,0,False,False
2025-04-28 18:00:00-04:00,1.142175,1.1421800000000002,1.141205,1.141295,4651.419956453145,18,0,False,False
2025-04-28 19:00:00-04:00,1.1414900000000001,1.142175,1.14014,1.14078,5946.689917713404,19,0,False,False
2025-04-28 20:00:00-04:00,1.14096,1.141575,1.139985,1.139985,8433.889889918268,20,0,False,False
2025-04-28 21:00:00-04:00,1.13999,1.1408800000000001,1.138805,1.13926,12812.209869354963,21,0,False,False
2025-04-28 22:00:00-04:00,1.13949,1.14194,1.13949,1.13983,12978.179835438728,22,0,False,False
2025-04-28 23:00:00-04:00,1.139825,1.1399949999999999,1.13869,1.139065,8980.789887703955,23,0,False,False
2025-04-29 00:00:00-04:00,1.139125,1.139365,1.137495,1.137815,8137.229914657772,0,0,True,False
2025-04-29 01:00:00-04:00,1.138,1.138805,1.13768,1.1387,10503.65990126878,1,0,True,False
2025-04-29 02:00:00-04:00,1.1386500000000002,1.13987,1.138495,1.1389749999999998,14508.7698251158,2,0,True,False
2025-04-29 03:00:00-04:00,1.1388099999999999,1.141175,1.1388099999999999,1.1403750000000001,18776.439772844315,3,0,True,False
2025-04-29 04:00:00-04:00,1.14042,1.14066,1.13836,1.1385450000000001,16915.709820985794,4,0,True,False
2025-04-29 05:00:00-04:00,1.13866,1.1396600000000001,1.1380400000000002,1.1380400000000002,11516.869856186211,5,0,False,False
2025-04-29 06:00:00-04:00,1.1380249999999998,1.1385,1.137455,1.13779,11552.33985169977,6,0,False,False
2025-04-29 07:00:00-04:00,1.13785,1.13867,1.137275,1.137465,13974.459854766726,7,0,False,False
2025-04-29 08:00:00-04:00,1.137385,1.1414149999999998,1.1370200000000001,1.14107,21453.669787056744,8,0,False,False
2025-04-29 09:00:00-04:00,1.14087,1.141475,1.139265,1.1401599999999998,25164.119747817516,9,0,False,False
2025-04-29 10:00:00-04:00,1.1411799999999999,1.1411799999999999,1.138185,1.138305,35801.78963817656,10,0,False,True
2025-04-29 11:00:00-04:00,1.1383649999999998,1.14032,1.1383649999999998,1.139615,18500.659824974835,11,0,False,False
2025-04-29 12:00:00-04:00,1.139655,1.141785,1.139655,1.14033,15979.379856780171,12,0,False,False
2025-04-29 13:00:00-04:00,1.140435,1.140435,1.1385100000000001,1.1385999999999998,9183.319919891655,13,0,False,False
2025-04-29 14:00:00-04:00,1.1387399999999999,1.13917,1.13767,1.1382349999999999,7752.1799225360155,14,0,False,False
2025-04-29 15:00:00-04:00,1.1383999999999999,1.138725,1.137645,1.1381649999999999,8381.849925987422,15,0,False,False
2025-04-29 16:00:00-04:00,1.138285,1.1392,1.13815,1.13858,5384.209938496351,16,0,False,False
2025-04-29 17:00:00-04:00,1.13869,1.1390449999999999,1.1380050000000002,1.1387,5229.919982098043,17,0,False,False
2025-04-29 18:00:00-04:00,1.13871,1.13956,1.13871,1.139195,4097.3859661147,18,0,False,False
2025-04-29 19:00:00-04:00,1.1391200000000001,1.13929,1.138605,1.13906,3294.8399625197053,19,0,False,False
2025-04-29 20:00:00-04:00,1.13903,1.139485,1.137765,1.13826,10014.319870315492,20,0,False,False
2025-04-29 21:00:00-04:00,1.138245,1.138585,1.13583,1.135875,13518.539868079126,21,0,False,False
2025-04-29 22:00:00-04:00,1.135745,1.13724,1.1357300000000001,1.13705,13563.379883259535,22,0,False,False
2025-04-29 23:00:00-04:00,1.1373099999999998,1.1378599999999999,1.13676,1.1368800000000001,11295.429894454777,23,0,False,False
2025-04-30 00:00:00-04:00,1.13687,1.1378,1.136695,1.13733,11574.439905300736,0,0,True,False
2025-04-30 01:00:00-04:00,1.137315,1.1384,1.1372499999999999,1.1382949999999998,9549.829909488559,1,0,True,False
2025-04-30 02:00:00-04:00,1.13805,1.13983,1.13672,1.13901,18273.38983888924,2,0,True,False
2025-04-30 03:00:00-04:00,1.13864,1.13899,1.137465,1.137785,16008.96983524412,3,0,True,False
2025-04-30 04:00:00-04:00,1.1372300000000002,1.138455,1.1362999999999999,1.13713,17957.07980004698,4,0,True,False
2025-04-30 05:00:00-04:00,1.137655,1.13794,1.136075,1.136245,12515.149850793183,5,0,False,False
2025-04-30 06:00:00-04:00,1.1363400000000001,1.13692,1.13615,1.136205,11040.939878493547,6,0,False,False
2025-04-30 07:00:00-04:00,1.13615,1.138,1.1356799999999998,1.13734,15415.119840450585,7,0,False,False
2025-04-30 08:00:00-04:00,1.13735,1.13858,1.13666,1.137355,28285.369692966342,8,0,False,False
2025-04-30 09:00:00-04:00,1.1373199999999999,1.137615,1.1361949999999998,1.1369250000000002,25577.199706926942,9,0,False,False
2025-04-30 10:00:00-04:00,1.136425,1.136705,1.1350099999999999,1.136705,34677.47964012623,10,0,False,True
2025-04-30 11:00:00-04:00,1.136925,1.13717,1.1325850000000002,1.13482,35076.79964855313,11,0,False,False
2025-04-30 12:00:00-04:00,1.134865,1.1357599999999999,1.134665,1.13555,14019.789844304323,12,0,False,False
2025-04-30 13:00:00-04:00,1.135585,1.13646,1.13457,1.13457,9861.86989159137,13,0,False,False
2025-04-30 14:00:00-04:00,1.134655,1.13585,1.1343649999999998,1.1349,11888.669868439436,14,0,False,False
2025-04-30 15:00:00-04:00,1.13503,1.13529,1.13288,1.133,8474.089913457632,15,0,False,False
2025-04-30 16:00:00-04:00,1.1326299999999998,1.13305,1.13202,1.13285,8961.819895006716,16,0,False,False
2025-04-30 17:00:00-04:00,1.1328550000000002,1.13311,1.132765,1.13294,1753.3000010997057,17,0,False,False
2025-04-30 18:00:00-04:00,1.13293,1.13305,1.13227,1.1325699999999999,5596.469954408705,18,0,False,False
2025-04-30 19:00:00-04:00,1.13243,1.1326,1.131895,1.13223,3188.1399539262056,19,0,False,False
2025-04-30 20:00:00-04:00,1.13255,1.1329150000000001,1.132165,1.1321949999999998,5208.449919208884,20,0,False,False
2025-04-30 21:00:00-04:00,1.132155,1.132155,1.130315,1.13083,9799.609895661473,21,0,False,False
2025-04-30 22:00:00-04:00,1.13076,1.131575,1.13068,1.13153,5572.299938559532,22,0,False,False
2025-04-30 23:00:00-04:00,1.131585,1.13167,1.130015,1.131215,12020.139857076108,23,0,False,False
2025-05-01 00:00:00-04:00,1.131335,1.131335,1.130285,1.130285,8016.119909897447,0,0,True,False
2025-05-01 01:00:00-04:00,1.130125,1.13063,1.12886,1.13001,11565.379858620465,1,0,True,False
2025-05-01 02:00:00-04:00,1.129975,1.131145,1.129975,1.13026,13507.669825613499,2,0,True,False
2025-05-01 03:00:00-04:00,1.13007,1.1310099999999998,1.12881,1.1310099999999998,13167.759816229343,3,0,True,False
2025-05-01 04:00:00-04:00,1.13137,1.13303,1.13137,1.1319750000000002,11265.579858109355,4,0,True,False
2025-05-01 05:00:00-04:00,1.132055,1.13246,1.131435,1.131445,9246.919878430665,5,0,False,False
2025-05-01 06:00:00-04:00,1.131365,1.133385,1.131335,1.1332200000000001,10591.339874453843,6,0,False,False
2025-05-01 07:00:00-04:00,1.133355,1.1340949999999999,1.1317300000000001,1.1320100000000002,11813.5098509714,7,0,False,False
2025-05-01 08:00:00-04:00,1.131845,1.13361,1.1308600000000002,1.131525,20721.449757725,8,0,False,False
2025-05-01 09:00:00-04:00,1.13138,1.132715,1.131215,1.132195,19596.779768943787,9,0,False,False
2025-05-01 10:00:00-04:00,1.130255,1.131015,1.1271049999999998,1.128165,30337.249695040286,10,0,False,True
2025-05-01 11:00:00-04:00,1.1283400000000001,1.12893,1.1266500000000002,1.12792,19197.40981013328,11,0,False,False
2025-05-01 12:00:00-04:00,1.12755,1.1291799999999999,1.127325,1.1290749999999998,15655.819862291217,12,0,False,False
2025-05-01 13:00:00-04:00,1.1289850000000001,1.1291250000000002,1.12801,1.1283050000000001,7246.369933731854,13,0,False,False
2025-05-01 14:00:00-04:00,1.128075,1.12935,1.12762,1.12856,8929.64989425987,14,0,False,False
2025-05-01 15:00:00-04:00,1.12872,1.1292049999999998,1.12817,1.12886,8316.889937490225,15,0,False,False
2025-05-01 16:00:00-04:00,1.128925,1.12937,1.128525,1.129025,4950.579953983426,16,0,False,False
2025-05-01 17:00:00-04:00,1.129115,1.129115,1.1287349999999998,1.1288,1818.8899924010038,17,0,False,False
2025-05-01 18:00:00-04:00,1.129185,1.12987,1.12903,1.1295199999999999,4204.139974154532,18,0,False,False
2025-05-01 19:00:00-04:00,1.12947,1.12971,1.1291449999999998,1.12958,4198.029962472618,19,0,False,False
2025-05-01 20:00:00-04:00,1.129885,1.129885,1.127445,1.128225,10118.709856897593,20,0,False,False
2025-05-01 21:00:00-04:00,1.12829,1.129575,1.127935,1.129575,17005.60986047238,21,0,False,False
2025-05-01 22:00:00-04:00,1.12965,1.1303100000000001,1.12938,1.12942,11821.239875033498,22,0,False,False
2025-05-01 23:00:00-04:00,1.1294300000000002,1.1315,1.1294300000000002,1.1312799999999998,8218.479897722602,23,0,False,False
2025-05-02 00:00:00-04:00,1.13108,1.1314000000000002,1.1301649999999999,1.130425,13741.519854195416,0,0,True,False
2025-05-02 01:00:00-04:00,1.1302750000000001,1.131305,1.1302750000000001,1.130785,10427.959871061146,1,0,True,False
2025-05-02 02:00:00-04:00,1.1307399999999999,1.132895,1.1307399999999999,1.13259,16046.639786168933,2,0,True,False
2025-05-02 03:00:00-04:00,1.132365,1.13361,1.13184,1.132835,17493.24980672449,3,0,True,False
2025-05-02 04:00:00-04:00,1.132525,1.1334650000000002,1.131735,1.133245,18106.059800975025,4,0,True,False
2025-05-02 05:00:00-04:00,1.133405,1.13534,1.1326399999999999,1.1350449999999999,21710.77980977297,5,0,False,False
2025-05-02 06:00:00-04:00,1.1349550000000002,1.1351,1.13287,1.133125,12787.259861394763,6,0,False,False
2025-05-02 07:00:00-04:00,1.13326,1.1349900000000002,1.13244,1.13465,16428.35985199362,7,0,False,False
2025-05-02 08:00:00-04:00,1.13464,1.13464,1.130785,1.13188,40911.109587959945,8,0,False,False
2025-05-02 09:00:00-04:00,1.132115,1.137815,1.131535,1.137275,40030.259547151625,9,0,False,False
2025-05-02 10:00:00-04:00,1.13755,1.13755,1.1359,1.13686,34002.14964431524,10,0,False,True
2025-05-02 11:00:00-04:00,1.13659,1.136645,1.13209,1.1329,24438.059782475233,11,0,False,False
2025-05-02 12:00:00-04:00,1.132965,1.1337700000000002,1.131805,1.132005,24720.63976237923,12,0,False,False
2025-05-02 13:00:00-04:00,1.13196,1.13196,1.12987,1.13041,15115.819886103272,13,0,False,False
2025-05-02 14:00:00-04:00,1.13059,1.13084,1.1292900000000001,1.12998,11992.069921888411,14,0,False,False
2025-05-02 15:00:00-04:00,1.130285,1.130875,1.13011,1.13046,9581.579924069345,15,0,False,False
2025-05-02 16:00:00-04:00,1.1304500000000002,1.1304699999999999,1.129435,1.129795,4886.559931561351,16,0,False,False
2025-05-04 17:00:00-04:00,1.1304400000000001,1.13084,1.1295000000000002,1.130215,948.8199755772948,17,0,False,False
2025-05-04 18:00:00-04:00,1.130385,1.131465,1.1298,1.130565,8534.069874286652,18,0,False,False
2025-05-04 19:00:00-04:00,1.130485,1.1327150000000001,1.13031,1.13212,7694.189861945808,19,0,False,False
2025-05-04 20:00:00-04:00,1.131935,1.1323400000000001,1.1315,1.13225,10992.469819940627,20,0,False,False
2025-05-04 21:00:00-04:00,1.13241,1.1339350000000001,1.13241,1.133505,19442.11975339055,21,0,False,False
2025-05-04 22:00:00-04:00,1.13347,1.1346699999999998,1.133195,1.1342349999999999,13773.789836347103,22,0,False,False
2025-05-04 23:00:00-04:00,1.134055,1.1341350000000001,1.132845,1.1332300000000002,10011.70987354964,23,0,False,False
2025-05-05 00:00:00-04:00,1.1332499999999999,1.133835,1.133,1.13374,7827.599916897714,0,0,True,False
2025-05-05 01:00:00-04:00,1.13363,1.13469,1.133085,1.13335,15643.829903960228,1,0,True,False
2025-05-05 02:00:00-04:00,1.13316,1.1336300000000001,1.1319050000000002,1.1326200000000002,20279.699756368995,2,0,True,False
2025-05-05 03:00:00-04:00,1.1328399999999998,1.1330550000000001,1.13132,1.13132,19046.279817014933,3,0,True,False
2025-05-05 04:00:00-04:00,1.131445,1.133205,1.13129,1.1326,21806.19979148358,4,0,True,False
2025-05-05 05:00:00-04:00,1.13279,1.134335,1.13279,1.134125,21090.229796104133,5,0,False,False
2025-05-05 06:00:00-04:00,1.134305,1.1344699999999999,1.133335,1.134465,16331.569830164313,6,0,False,False
2025-05-05 07:00:00-04:00,1.13459,1.1356950000000001,1.13412,1.134255,16491.38984683901,7,0,False,False
2025-05-05 08:00:00-04:00,1.13433,1.13612,1.134205,1.1359949999999999,21948.239822655916,8,0,False,False
2025-05-05 09:00:00-04:00,1.135785,1.136455,1.135275,1.13538,19061.81985349208,9,0,False,False
2025-05-05 10:00:00-04:00,1.1338949999999999,1.1351849999999999,1.133275,1.13385,28868.76978313178,10,0,False,True
2025-05-05 11:00:00-04:00,1.13398,1.13398,1.131335,1.131445,19698.419847495854,11,0,False,False
2025-05-05 12:00:00-04:00,1.131235,1.131305,1.129995,1.130225,18850.739861749113,12,0,False,False
2025-05-05 13:00:00-04:00,1.13038,1.13106,1.13,1.13,11366.029930219054,13,0,False,False
2025-05-05 14:00:00-04:00,1.1298599999999999,1.131485,1.1298599999999999,1.13132,10036.659934595227,14,0,False,False
2025-05-05 15:00:00-04:00,1.13116,1.132075,1.13113,1.1314899999999999,8411.449933558702,15,0,False,False
2025-05-05 16:00:00-04:00,1.131605,1.13201,1.131225,1.131395,4650.319960080087,16,0,False,False
2025-05-05 17:00:00-04:00,1.131435,1.131875,1.131435,1.13166,1632.9100005999207,17,0,False,False
2025-05-05 18:00:00-04:00,1.131825,1.13197,1.13134,1.1314600000000001,2939.3899854943156,18,0,False,False
2025-05-05 19:00:00-04:00,1.1314600000000001,1.1316350000000002,1.1310250000000002,1.13123,1851.4399801716208,19,0,False,False
2025-05-05 20:00:00-04:00,1.131095,1.131195,1.128185,1.12862,13226.299887940288,20,0,False,False
2025-05-05 21:00:00-04:00,1.128285,1.129625,1.12804,1.12937,18967.109827414155,21,0,False,False
2025-05-05 22:00:00-04:00,1.129405,1.131315,1.129405,1.1307200000000002,13666.919877246022,22,0,False,False
2025-05-05 23:00:00-04:00,1.1307,1.1316950000000001,1.13039,1.13152,11191.909897521138,23,0,False,False
2025-05-06 00:00:00-04:00,1.13161,1.13273,1.131595,1.1324450000000001,8450.709953472018,0,0,True,False
2025-05-06 01:00:00-04:00,1.132515,1.1325500000000002,1.1314250000000001,1.13184,8324.829944081604,1,0,True,False
2025-05-06 02:00:00-04:00,1.131605,1.13345,1.131485,1.132615,16428.739906206727,2,0,True,False
2025-05-06 03:00:00-04:00,1.13321,1.1346699999999998,1.132555,1.1339199999999998,23741.149827949703,3,0,True,False
2025-05-06 04:00:00-04:00,1.1339000000000001,1.1348099999999999,1.13263,1.132745,19172.399760372937,4,0,True,False
2025-05-06 05:00:00-04:00,1.132615,1.132955,1.130565,1.13118,16116.169828645885,5,0,False,False
2025-05-06 06:00:00-04:00,1.13108,1.13273,1.13108,1.1326,13969.919839270413,6,0,False,False
2025-05-06 07:00:00-04:00,1.1323400000000001,1.133415,1.1323050000000001,1.13273,14411.629855923355,7,0,False,False
2025-05-06 08:00:00-04:00,1.13259,1.13429,1.131775,1.134055,16075.729831241071,8,0,False,False
2025-05-06 09:00:00-04:00,1.133825,1.135695,1.1326749999999999,1.13532,21216.61979366839,9,0,False,False
2025-05-06 10:00:00-04:00,1.1353849999999999,1.1360999999999999,1.134115,1.134115,26060.869759842753,10,0,False,True
2025-05-06 11:00:00-04:00,1.13416,1.1348500000000001,1.133605,1.134365,14112.189853161573,11,0,False,False
2025-05-06 12:00:00-04:00,1.13432,1.135465,1.13317,1.1348850000000001,12150.009869270027,12,0,False,False
2025-05-06 13:00:00-04:00,1.13495,1.13697,1.13495,1.1364450000000001,11824.659889318049,13,0,False,False
2025-05-06 14:00:00-04:00,1.136315,1.137165,1.13552,1.137165,8053.979935221374,14,0,False,False
2025-05-06 15:00:00-04:00,1.1372,1.13799,1.136725,1.137265,8891.749991051853,15,0,False,False
2025-05-06 16:00:00-04:00,1.13747,1.13796,1.136665,1.1369250000000002,9150.540004201233,16,0,False,False
2025-05-06 17:00:00-04:00,1.1369099999999999,1.137395,1.1367,1.13734,1152.1299938634038,17,0,False,False
2025-05-06 18:00:00-04:00,1.13721,1.13721,1.1327850000000002,1.134265,22324.709794215858,18,0,False,False
2025-05-06 19:00:00-04:00,1.1339299999999999,1.134535,1.133455,1.13401,12832.599857471883,19,0,False,False
2025-05-06 20:00:00-04:00,1.134175,1.135055,1.13266,1.13411,21450.019724212587,20,0,False,False
2025-05-06 21:00:00-04:00,1.1341700000000001,1.135065,1.13278,1.13448,24705.839788131416,21,0,False,False
2025-05-06 22:00:00-04:00,1.13407,1.134915,1.1336249999999999,1.134095,18134.98983566463,22,0,False,False
2025-05-06 23:00:00-04:00,1.13419,1.13473,1.133725,1.13458,8305.49989657849,23,0,False,False
2025-05-07 00:00:00-04:00,1.13463,1.1351399999999998,1.134375,1.13438,8990.309893280268,0,0,True,False
2025-05-07 01:00:00-04:00,1.134345,1.1366100000000001,1.134345,1.136535,12794.169881880283,1,0,True,False
2025-05-07 02:00:00-04:00,1.13674,1.137675,1.13617,1.1374,15302.519812613726,2,0,True,False
2025-05-07 03:00:00-04:00,1.137175,1.137175,1.1356600000000001,1.13623,16655.699809730053,3,0,True,False
2025-05-07 04:00:00-04:00,1.1363850000000002,1.13734,1.1354899999999999,1.135825,14813.63982181251,4,0,True,False
2025-05-07 05:00:00-04:00,1.1360350000000001,1.13617,1.13474,1.1356899999999999,14073.72986984998,5,0,False,False
2025-05-07 06:00:00-04:00,1.1356600000000001,1.1366450000000001,1.1356600000000001,1.136565,9582.699874408543,6,0,False,False
2025-05-07 07:00:00-04:00,1.136425,1.137115,1.1356600000000001,1.1357599999999999,10336.319885209203,7,0,False,False
2025-05-07 08:00:00-04:00,1.1357,1.13654,1.1357,1.1359249999999999,12921.849856130779,8,0,False,False
2025-05-07 09:00:00-04:00,1.135995,1.136695,1.135475,1.136695,18840.089812152088,9,0,False,False
2025-05-07 10:00:00-04:00,1.1366100000000001,1.137,1.13551,1.1367250000000002,19118.28981527686,10,0,False,True
2025-05-07 11:00:00-04:00,1.1366800000000001,1.136725,1.1343800000000002,1.134715,19749.759823180735,11,0,False,False
2025-05-07 12:00:00-04:00,1.134355,1.1354250000000001,1.133745,1.1348850000000001,13491.309891618788,12,0,False,False
2025-05-07 13:00:00-04:00,1.13477,1.134775,1.1335250000000001,1.1342349999999999,12465.759900227189,13,0,False,False
2025-05-07 14:00:00-04:00,1.1336050000000002,1.13642,1.132335,1.13339,39555.38334491104,14,0,False,False
2025-05-07 15:00:00-04:00,1.13303,1.13303,1.130265,1.13069,27019.2496798411,15,0,False,False
2025-05-07 16:00:00-04:00,1.13041,1.13045,1.129305,1.13016,7360.9599376395345,16,0,False,False
2025-05-07 17:00:00-04:00,1.13035,1.131565,1.13035,1.13143,1985.7799924835563,17,0,False,False
2025-05-07 18:00:00-04:00,1.130805,1.13094,1.13001,1.130145,7218.699942246079,18,0,False,False
2025-05-07 19:00:00-04:00,1.13034,1.13101,1.1303,1.1303,3756.219957768917,19,0,False,False
2025-05-07 20:00:00-04:00,1.13038,1.132045,1.13035,1.131025,9572.899894550443,20,0,False,False
2025-05-07 21:00:00-04:00,1.13091,1.133175,1.13091,1.133175,18760.089930705726,21,0,False,False
2025-05-07 22:00:00-04:00,1.13339,1.13339,1.132275,1.132275,13180.009897626936,22,0,False,False
2025-05-07 23:00:00-04:00,1.132495,1.1336,1.132495,1.132745,9621.76993919164,23,0,False,False
2025-05-08 00:00:00-04:00,1.1326800000000001,1.132995,1.131815,1.131815,6889.289959892631,0,0,True,False
2025-05-08 01:00:00-04:00,1.131765,1.131765,1.129755,1.13039,14827.909910872579,1,0,True,False
2025-05-08 02:00:00-04:00,1.13045,1.13056,1.1277400000000002,1.128235,26100.959899783134,2,0,True,False
2025-05-08 03:00:00-04:00,1.127715,1.1297350000000002,1.1271499999999999,1.1297350000000002,22437.449845321476,3,0,True,False
2025-05-08 04:00:00-04:00,1.129785,1.130205,1.128455,1.128795,16272.049816519022,4,0,True,False
2025-05-08 05:00:00-04:00,1.1287,1.12961,1.1284100000000001,1.1284800000000001,12926.569879077375,5,0,False,False
2025-05-08 06:00:00-04:00,1.12824,1.129945,1.127605,1.12873,12181.989881299436,6,0,False,False
2025-05-08 07:00:00-04:00,1.128865,1.13015,1.1286100000000001,1.1295950000000001,15572.339813798666,7,0,False,False
2025-05-08 08:00:00-04:00,1.129585,1.13183,1.12939,1.1299700000000001,20034.49981467426,8,0,False,False
2025-05-08 09:00:00-04:00,1.13016,1.1310850000000001,1.1295950000000001,1.130645,21997.09981750697,9,0,False,False
2025-05-08 10:00:00-04:00,1.1308950000000002,1.1314199999999999,1.127625,1.1278299999999999,23873.339753963053,10,0,False,True
2025-05-08 11:00:00-04:00,1.1275849999999998,1.128875,1.12355,1.12481,42691.859803810716,11,0,False,False
2025-05-08 12:00:00-04:00,1.12484,1.12484,1.122095,1.1226150000000001,29486.389822870493,12,0,False,False
2025-05-08 13:00:00-04:00,1.1225450000000001,1.122925,1.1213,1.122675,18572.359956257045,13,0,False,False
2025-05-08 14:00:00-04:00,1.1227,1.12303,1.121975,1.1224699999999999,10015.16992238164,14,0,False,False
2025-05-08 15:00:00-04:00,1.122715,1.12276,1.1212550000000001,1.12262,12919.219890527427,15,0,False,False
2025-05-08 16:00:00-04:00,1.12244,1.12297,1.122005,1.12271,7037.979923158884,16,0,False,False
2025-05-08 17:00:00-04:00,1.12257,1.1227800000000001,1.12245,1.1227800000000001,1726.1099966168404,17,0,False,False
2025-05-08 18:00:00-04:00,1.12275,1.12324,1.122665,1.123195,3904.7499698624015,18,0,False,False
2025-05-08 19:00:00-04:00,1.123035,1.123035,1.122235,1.1227200000000002,4646.859962590039,19,0,False,False
2025-05-08 20:00:00-04:00,1.1229200000000001,1.123335,1.121335,1.122695,10277.6798864007,20,0,False,False
2025-05-08 21:00:00-04:00,1.1227049999999998,1.1228850000000001,1.12114,1.1212149999999999,15957.879880003631,21,0,False,False
2025-05-08 22:00:00-04:00,1.12112,1.121895,1.11986,1.121835,20216.219866111875,22,0,False,False
2025-05-08 23:00:00-04:00,1.1223049999999999,1.122765,1.121955,1.1222699999999999,17118.33999798447,23,0,False,False
2025-05-09 00:00:00-04:00,1.12246,1.12294,1.12239,1.122795,13387.119921445847,0,0,True,False
2025-05-09 01:00:00-04:00,1.1228500000000001,1.123595,1.1218949999999999,1.123595,12631.929941035807,1,0,True,False
2025-05-09 02:00:00-04:00,1.12358,1.124695,1.12326,1.1240450000000002,13532.48991202563,2,0,True,False
2025-05-09 03:00:00-04:00,1.1240100000000002,1.12575,1.123845,1.125165,19027.03986055404,3,0,True,False
2025-05-09 04:00:00-04:00,1.1250650000000002,1.125845,1.124355,1.125655,14320.419885724783,4,0,True,False
2025-05-09 05:00:00-04:00,1.12533,1.1259299999999999,1.12457,1.12462,14265.079909481108,5,0,False,False
2025-05-09 06:00:00-04:00,1.12456,1.12512,1.124285,1.124575,13426.599897660315,6,0,False,False
2025-05-09 07:00:00-04:00,1.12452,1.12567,1.1244399999999999,1.125445,20056.349917270243,7,0,False,False
2025-05-09 08:00:00-04:00,1.1254,1.125635,1.12479,1.125405,13052.109913542867,8,0,False,False
2025-05-09 09:00:00-04:00,1.125495,1.12662,1.12539,1.12585,15458.779846966267,9,0,False,False
2025-05-09 10:00:00-04:00,1.125765,1.12912,1.125765,1.12677,23694.18980052322,10,0,False,True
2025-05-09 11:00:00-04:00,1.1267999999999998,1.1272000000000002,1.126085,1.1269749999999998,14625.639844678342,11,0,False,False
2025-05-09 12:00:00-04:00,1.12718,1.1274600000000001,1.125795,1.1258650000000001,8260.3199089095,12,0,False,False
2025-05-09 13:00:00-04:00,1.125725,1.12646,1.1253600000000001,1.12621,7368.329929679632,13,0,False,False
2025-05-09 14:00:00-04:00,1.12632,1.1266150000000001,1.12548,1.125905,6808.749964773655,14,0,False,False
2025-05-09 15:00:00-04:00,1.12601,1.12601,1.124885,1.125735,8197.659985542297,15,0,False,False
2025-05-09 16:00:00-04:00,1.1257000000000001,1.1257000000000001,1.12477,1.12491,4642.239947631955,16,0,False,False
2025-05-11 17:00:00-04:00,1.119715,1.1222599999999998,1.1195249999999999,1.121445,2028.6499491035938,17,0,False,False
2025-05-11 18:00:00-04:00,1.1216949999999999,1.1231550000000001,1.1216949999999999,1.122535,11534.719884224236,18,0,False,False
2025-05-11 19:00:00-04:00,1.1226,1.12355,1.12244,1.1228099999999999,8024.789877995849,19,0,False,False
2025-05-11 20:00:00-04:00,1.12316,1.1238700000000001,1.1226,1.1238700000000001,14061.549784481525,20,0,False,False
2025-05-11 21:00:00-04:00,1.124085,1.124225,1.122275,1.1226,16526.36976671964,21,0,False,False
2025-05-11 22:00:00-04:00,1.12272,1.12369,1.12272,1.1228500000000001,9671.37986586988,22,0,False,False
2025-05-11 23:00:00-04:00,1.123055,1.12337,1.122585,1.12331,8025.469890862703,23,0,False,False
2025-05-12 00:00:00-04:00,1.123205,1.12344,1.12266,1.1227399999999998,4970.129933424294,0,0,True,False
2025-05-12 01:00:00-04:00,1.122735,1.122975,1.1216,1.122225,10550.01993983239,1,0,True,False
2025-05-12 02:00:00-04:00,1.12243,1.12352,1.12179,1.121815,17186.399903930724,2,0,True,False
2025-05-12 03:00:00-04:00,1.11914,1.11964,1.109925,1.11051,67989.62952864915,3,0,True,False
2025-05-12 04:00:00-04:00,1.110835,1.1143450000000001,1.1093549999999999,1.1137700000000001,53365.309626854956,4,0,True,False
2025-05-12 05:00:00-04:00,1.113375,1.1139649999999999,1.11151,1.111875,25804.059796772897,5,0,False,False
2025-05-12 06:00:00-04:00,1.111385,1.111475,1.1074950000000001,1.107975,32133.47979450971,6,0,False,False
2025-05-12 07:00:00-04:00,1.107725,1.11157,1.107725,1.1111300000000002,30496.599762938917,7,0,False,False
2025-05-12 08:00:00-04:00,1.1109,1.11253,1.110185,1.11135,21193.209819734097,8,0,False,False
2025-05-12 09:00:00-04:00,1.111305,1.11341,1.111305,1.1118999999999999,23600.70973711461,9,0,False,False
2025-05-12 10:00:00-04:00,1.111685,1.11325,1.110795,1.1111550000000001,30313.539701208472,10,0,False,True
2025-05-12 11:00:00-04:00,1.1110950000000002,1.11229,1.11007,1.110515,19545.979824259877,11,0,False,False
2025-05-12 12:00:00-04:00,1.11077,1.110975,1.10845,1.10847,14450.289863333106,12,0,False,False
2025-05-12 13:00:00-04:00,1.108565,1.1087850000000001,1.107265,1.10792,13288.159908339381,13,0,False,False
2025-05-12 14:00:00-04:00,1.1080649999999999,1.1090900000000001,1.106685,1.108955,14835.47990681231,14,0,False,False
2025-05-12 15:00:00-04:00,1.109135,1.109635,1.108315,1.109225,9190.749920234084,15,0,False,False
2025-05-12 16:00:00-04:00,1.10926,1.109465,1.1087150000000001,1.1087150000000001,4651.279946625233,16,0,False,False
2025-05-12 17:00:00-04:00,1.1090499999999999,1.10926,1.10879,1.109065,2422.4599956423044,17,0,False,False
2025-05-12 18:00:00-04:00,1.1091000000000002,1.109405,1.109,1.1093549999999999,6015.839959286153,18,0,False,False
2025-05-12 19:00:00-04:00,1.109335,1.10992,1.108975,1.1095799999999998,5116.519950307906,19,0,False,False
2025-05-12 20:00:00-04:00,1.1097350000000001,1.11064,1.109685,1.110455,11466.659851968288,20,0,False,False
2025-05-12 21:00:00-04:00,1.11039,1.1109,1.1100400000000001,1.110665,19567.209836810827,21,0,False,False
2025-05-12 22:00:00-04:00,1.110725,1.11114,1.1100050000000001,1.110275,10780.649882696569,22,0,False,False
2025-05-12 23:00:00-04:00,1.110445,1.111675,1.109915,1.111645,9018.719928458333,23,0,False,False
2025-05-13 00:00:00-04:00,1.11165,1.11171,1.1109499999999999,1.111685,7962.759932383895,0,0,True,False
2025-05-13 01:00:00-04:00,1.111545,1.1118350000000001,1.1109,1.111055,9415.32990796119,1,0,True,False
2025-05-13 02:00:00-04:00,1.110965,1.111735,1.110215,1.1111499999999999,22087.889796108007,2,0,True,False
2025-05-13 03:00:00-04:00,1.11132,1.11234,1.110395,1.111585,26753.599824890494,3,0,True,False
2025-05-13 04:00:00-04:00,1.11164,1.11164,1.11036,1.111205,18152.459846273065,4,0,True,False
2025-05-13 05:00:00-04:00,1.110955,1.111415,1.110385,1.11071,16973.779847428203,5,0,False,False
2025-05-13 06:00:00-04:00,1.11078,1.110945,1.10987,1.110485,13458.759901359677,6,0,False,False
2025-05-13 07:00:00-04:00,1.11059,1.1111849999999999,1.1104850000000002,1.1107,11504.909884914756,7,0,False,False
2025-05-13 08:00:00-04:00,1.110955,1.113065,1.110905,1.113065,23485.789793387055,8,0,False,False
2025-05-13 09:00:00-04:00,1.112955,1.11483,1.112955,1.113565,29637.839744120836,9,0,False,False
2025-05-13 10:00:00-04:00,1.113505,1.11625,1.1131199999999999,1.11615,26542.339758448303,10,0,False,True
2025-05-13 11:00:00-04:00,1.1162800000000002,1.117785,1.1158000000000001,1.11751,21043.0698210001,11,0,False,False
2025-05-13 12:00:00-04:00,1.1176650000000001,1.1181999999999999,1.11653,1.117605,14328.849896855652,12,0,False,False
2025-05-13 13:00:00-04:00,1.11769,1.117945,1.1167850000000001,1.11771,8357.039923928678,13,0,False,False
2025-05-13 14:00:00-04:00,1.117785,1.118595,1.11755,1.1185,8439.259938180447,14,0,False,False
2025-05-13 15:00:00-04:00,1.118745,1.119095,1.11829,1.119,8873.389969229698,15,0,False,False
2025-05-13 16:00:00-04:00,1.118925,1.1194549999999999,1.11845,1.11855,4833.1199629455805,16,0,False,False
2025-05-13 17:00:00-04:00,1.1185900000000002,1.1188150000000001,1.11845,1.118715,1216.6299951449037,17,0,False,False
2025-05-13 18:00:00-04:00,1.11898,1.1197300000000001,1.11884,1.1197300000000001,5720.079963214695,18,0,False,False
2025-05-13 19:00:00-04:00,1.119565,1.119565,1.11853,1.1186,3616.289961233735,19,0,False,False
2025-05-13 20:00:00-04:00,1.1188150000000001,1.11964,1.118295,1.11924,10238.80988933891,20,0,False,False
2025-05-13 21:00:00-04:00,1.1192199999999999,1.119775,1.11857,1.11884,19694.479844853282,21,0,False,False
2025-05-13 22:00:00-04:00,1.11881,1.11924,1.11833,1.1188799999999999,15255.829860128462,22,0,False,False
2025-05-13 23:00:00-04:00,1.11865,1.1195400000000002,1.118465,1.1195400000000002,7844.199942097068,23,0,False,False
2025-05-14 00:00:00-04:00,1.11992,1.1199949999999999,1.1188799999999999,1.11889,10075.209942094982,0,0,True,False
2025-05-14 01:00:00-04:00,1.1188099999999999,1.1192,1.1185399999999999,1.118645,9294.319918498397,1,0,True,False
2025-05-14 02:00:00-04:00,1.118745,1.11971,1.118235,1.11882,13459.279856286943,2,0,True,False
2025-05-14 03:00:00-04:00,1.11904,1.1216249999999999,1.118265,1.121505,21445.039879746735,3,0,True,False
2025-05-14 04:00:00-04:00,1.12131,1.12512,1.12131,1.12387,42838.79978813976,4,0,True,False
2025-05-14 05:00:00-04:00,1.1237,1.12642,1.1231900000000001,1.125235,30981.989824526012,5,0,False,False
2025-05-14 06:00:00-04:00,1.12508,1.1252,1.1228099999999999,1.123105,16748.10987855494,6,0,False,False
2025-05-14 07:00:00-04:00,1.1228699999999998,1.123475,1.12146,1.12174,17247.269936822355,7,0,False,False
2025-05-14 08:00:00-04:00,1.121965,1.12333,1.12103,1.122525,24342.469820924103,8,0,False,False
2025-05-14 09:00:00-04:00,1.122065,1.12333,1.121095,1.122015,28460.739767588675,9,0,False,False
2025-05-14 10:00:00-04:00,1.121535,1.1221649999999999,1.120315,1.12121,28728.459766462445,10,0,False,True
2025-05-14 11:00:00-04:00,1.12115,1.12144,1.119825,1.120515,25795.07982172817,11,0,False,False
2025-05-14 12:00:00-04:00,1.12054,1.12127,1.1178400000000002,1.118925,25128.859787665308,12,0,False,False
2025-05-14 13:00:00-04:00,1.11878,1.119685,1.118295,1.118935,10816.959882453084,13,0,False,False
2025-05-14 14:00:00-04:00,1.11875,1.11875,1.117335,1.11784,9975.259885415435,14,0,False,False
2025-05-14 15:00:00-04:00,1.1176650000000001,1.117685,1.11663,1.1167500000000001,10681.429880075157,15,0,False,False
2025-05-14 16:00:00-04:00,1.116865,1.11749,1.11657,1.1173950000000001,3916.639955163002,16,0,False,False
2025-05-14 17:00:00-04:00,1.1173199999999999,1.1178599999999999,1.11708,1.117725,1842.4499886780977,17,0,False,False
2025-05-14 18:00:00-04:00,1.11787,1.11841,1.117865,1.1182699999999999,3425.2199628576636,18,0,False,False
2025-05-14 19:00:00-04:00,1.118325,1.11879,1.1181450000000002,1.1181450000000002,3769.02996493876,19,0,False,False
2025-05-14 20:00:00-04:00,1.117985,1.11944,1.117725,1.1191499999999999,12008.359866768122,20,0,False,False
2025-05-14 21:00:00-04:00,1.1193149999999998,1.11993,1.119195,1.119345,15475.05984096229,21,0,False,False
2025-05-14 22:00:00-04:00,1.1193650000000002,1.11957,1.118995,1.11948,10779.499904923141,22,0,False,False
2025-05-14 23:00:00-04:00,1.11934,1.120075,1.11931,1.11968,10789.479896187782,23,0,False,False
2025-05-15 00:00:00-04:00,1.119825,1.11997,1.1192000000000002,1.1192950000000002,7646.689914867282,0,0,True,False
2025-05-15 01:00:00-04:00,1.119125,1.1198700000000001,1.11863,1.119325,12442.169894814491,1,0,True,False
2025-05-15 02:00:00-04:00,1.119175,1.122725,1.11905,1.122725,17324.839844360948,2,0,True,False
2025-05-15 03:00:00-04:00,1.122595,1.122595,1.11918,1.119735,15828.839800022542,3,0,True,False
2025-05-15 04:00:00-04:00,1.1193,1.12108,1.1193,1.12101,14235.659847222269,4,0,True,False
2025-05-15 05:00:00-04:00,1.1206999999999998,1.121235,1.1200999999999999,1.12024,12088.059864103794,5,0,False,False
2025-05-15 06:00:00-04:00,1.12009,1.1210300000000002,1.1199249999999998,1.1200350000000001,9996.359867416322,6,0,False,False
2025-05-15 07:00:00-04:00,1.119875,1.1202999999999999,1.1180949999999998,1.11829,14072.689847566187,7,0,False,False
2025-05-15 08:00:00-04:00,1.11847,1.1212550000000001,1.11843,1.120995,24640.659773036838,8,0,False,False
2025-05-15 09:00:00-04:00,1.1211449999999998,1.122245,1.1195300000000001,1.120085,26209.449693903327,9,0,False,False
2025-05-15 10:00:00-04:00,1.12031,1.1209799999999999,1.1176599999999999,1.11863,21426.40975306183,10,0,False,True
2025-05-15 11:00:00-04:00,1.11864,1.11951,1.1173950000000001,1.118805,17638.799804657698,11,0,False,False
2025-05-15 12:00:00-04:00,1.1188,1.118975,1.11733,1.118085,10952.299866244197,12,0,False,False
2025-05-15 13:00:00-04:00,1.1180400000000001,1.1188449999999999,1.11708,1.11713,10560.979878723621,13,0,False,False
2025-05-15 14:00:00-04:00,1.117225,1.1179000000000001,1.11712,1.1177,8021.8799290061,14,0,False,False
2025-05-15 15:00:00-04:00,1.117665,1.118635,1.1173549999999999,1.118385,7229.529924571514,15,0,False,False
2025-05-15 16:00:00-04:00,1.1185049999999999,1.118725,1.1182699999999999,1.118725,3833.479961462319,16,0,False,False
2025-05-15 17:00:00-04:00,1.1187,1.1190950000000002,1.11822,1.1189550000000001,1952.4899845048785,17,0,False,False
2025-05-15 18:00:00-04:00,1.118645,1.119305,1.11857,1.1191900000000001,4472.889961846173,18,0,False,False
2025-05-15 19:00:00-04:00,1.119335,1.11937,1.118995,1.119205,3298.609956048429,19,0,False,False
2025-05-15 20:00:00-04:00,1.1192600000000001,1.1207799999999999,1.1192600000000001,1.12049,14800.91982075572,20,0,False,False
2025-05-15 21:00:00-04:00,1.120395,1.120765,1.1198700000000001,1.12033,10599.369871295989,21,0,False,False
2025-05-15 22:00:00-04:00,1.12032,1.120825,1.1201249999999998,1.12022,9992.319898031652,22,0,False,False
2025-05-15 23:00:00-04:00,1.1203400000000001,1.12055,1.120025,1.12005,7847.549897395074,23,0,False,False
2025-05-16 00:00:00-04:00,1.120025,1.12039,1.11965,1.120335,5790.759935051203,0,0,True,False
2025-05-16 01:00:00-04:00,1.12019,1.121855,1.12019,1.12157,13732.059893839061,1,0,True,False
2025-05-16 02:00:00-04:00,1.12157,1.121935,1.120845,1.12124,14010.089862160385,2,0,True,False
2025-05-16 03:00:00-04:00,1.121235,1.121725,1.1207,1.12087,15694.099830016494,3,0,True,False
2025-05-16 04:00:00-04:00,1.12061,1.12085,1.11978,1.1199,12436.669856794178,4,0,True,False
2025-05-16 05:00:00-04:00,1.11982,1.12087,1.1194600000000001,1.1194600000000001,11137.459852434695,5,0,False,False
2025-05-16 06:00:00-04:00,1.119355,1.11999,1.11886,1.11999,12503.399848520756,6,0,False,False
2025-05-16 07:00:00-04:00,1.1199750000000002,1.12065,1.1190799999999999,1.11945,11367.66986593604,7,0,False,False
2025-05-16 08:00:00-04:00,1.11934,1.1198649999999999,1.11911,1.119725,12554.83985452354,8,0,False,False
2025-05-16 09:00:00-04:00,1.1195249999999999,1.1204,1.118945,1.1200350000000001,14904.459819860756,9,0,False,False
2025-05-16 10:00:00-04:00,1.119665,1.119665,1.1152950000000001,1.115465,28765.459707774222,10,0,False,True
2025-05-16 11:00:00-04:00,1.115515,1.1158649999999999,1.114045,1.114045,18204.64981587231,11,0,False,False
2025-05-16 12:00:00-04:00,1.11422,1.11463,1.11321,1.114495,14164.34986565262,12,0,False,False
2025-05-16 13:00:00-04:00,1.114675,1.114725,1.1139700000000001,1.1145049999999999,8255.819914996624,13,0,False,False
2025-05-16 14:00:00-04:00,1.11457,1.11552,1.1143999999999998,1.115265,9084.289915584028,14,0,False,False
2025-05-16 15:00:00-04:00,1.115465,1.115695,1.114805,1.114925,6801.229928173125,15,0,False,False
2025-05-16 16:00:00-04:00,1.11509,1.11652,1.1145100000000001,1.116465,7164.749941937625,16,0,False,False
2025-05-18 17:00:00-04:00,1.1179000000000001,1.1182750000000001,1.117385,1.117705,1454.9849651306868,17,0,False,False
2025-05-18 18:00:00-04:00,1.1179000000000001,1.1193849999999999,1.11756,1.119035,8873.57989950478,18,0,False,False
2025-05-18 19:00:00-04:00,1.11889,1.11939,1.118215,1.1188850000000001,7175.399904847145,19,0,False,False
2025-05-18 20:00:00-04:00,1.1188850000000001,1.1197400000000002,1.118085,1.1197400000000002,17419.209761828184,20,0,False,False
2025-05-18 21:00:00-04:00,1.119785,1.119785,1.117535,1.117625,13310.649814240634,21,0,False,False
2025-05-18 22:00:00-04:00,1.11751,1.118825,1.117335,1.118235,11510.949859321117,22,0,False,False
2025-05-18 23:00:00-04:00,1.118175,1.118475,1.11791,1.11812,7143.879893086851,23,0,False,False
2025-05-19 00:00:00-04:00,1.118115,1.1187,1.11781,1.11839,6360.169925376773,0,0,True,False
2025-05-19 01:00:00-04:00,1.1184699999999999,1.118795,1.11774,1.1185100000000001,9908.809919439256,1,0,True,False
2025-05-19 02:00:00-04:00,1.11834,1.1211449999999998,1.11834,1.120935,17082.349832884967,2,0,True,False
2025-05-19 03:00:00-04:00,1.12089,1.124425,1.12077,1.1238450000000002,25279.49978914112,3,0,True,False
2025-05-19 04:00:00-04:00,1.1236350000000002,1.12574,1.1236350000000002,1.12574,21091.919840686023,4,0,True,False
2025-05-19 05:00:00-04:00,1.125805,1.12799,1.125805,1.12799,23093.49987859279,5,0,False,False
2025-05-19 06:00:00-04:00,1.1278000000000001,1.12858,1.12693,1.12784,18413.14983265847,6,0,False,False
2025-05-19 07:00:00-04:00,1.12765,1.12772,1.12626,1.1273,15512.759844608605,7,0,False,False
2025-05-19 08:00:00-04:00,1.12724,1.1273,1.1257,1.1257,15199.83983464539,8,0,False,False
2025-05-19 09:00:00-04:00,1.1254149999999998,1.1264150000000002,1.124825,1.125155,25268.98974312097,9,0,False,False
2025-05-19 10:00:00-04:00,1.1253000000000002,1.12568,1.124255,1.12537,22160.769793592393,10,0,False,True
2025-05-19 11:00:00-04:00,1.12525,1.1258949999999999,1.12362,1.123625,15672.759847007692,11,0,False,False
2025-05-19 12:00:00-04:00,1.123565,1.1238899999999998,1.123125,1.1235249999999999,11095.729934811592,12,0,False,False
2025-05-19 13:00:00-04:00,1.1237249999999999,1.1238299999999999,1.122445,1.12303,7619.3799441978335,13,0,False,False
2025-05-19 14:00:00-04:00,1.122965,1.1236199999999998,1.1225100000000001,1.1234899999999999,7237.349966086447,14,0,False,False
2025-05-19 15:00:00-04:00,1.123455,1.12415,1.12334,1.124015,4119.969974949956,15,0,False,False
2025-05-19 16:00:00-04:00,1.1240299999999999,1.124455,1.1240100000000002,1.12415,3440.5099771097302,16,0,False,False
2025-05-19 17:00:00-04:00,1.1241349999999999,1.124435,1.124075,1.124365,604.1487911976874,17,0,False,False
2025-05-19 18:00:00-04:00,1.1241949999999998,1.1243,1.123535,1.123535,1877.7299831062555,18,0,False,False
2025-05-19 19:00:00-04:00,1.12356,1.123605,1.1231900000000001,1.12324,2108.6199902519584,19,0,False,False
2025-05-19 20:00:00-04:00,1.12311,1.12311,1.1218400000000002,1.12279,10724.519892513752,20,0,False,False
2025-05-19 21:00:00-04:00,1.123035,1.1250550000000001,1.123035,1.123845,13249.509946860373,21,0,False,False
2025-05-19 22:00:00-04:00,1.124095,1.1246049999999999,1.123135,1.1232099999999998,8773.859971553087,22,0,False,False
2025-05-19 23:00:00-04:00,1.12302,1.1246900000000002,1.12302,1.12451,7826.539959602058,23,0,False,False
2025-05-20 00:00:00-04:00,1.12476,1.124985,1.124155,1.124235,6378.049954846501,0,0,True,False
2025-05-20 01:00:00-04:00,1.1244450000000001,1.12583,1.1244450000000001,1.12546,11453.89993724227,1,0,True,False
2025-05-20 02:00:00-04:00,1.125575,1.126195,1.12519,1.125765,15864.229911379516,2,0,True,False
2025-05-20 03:00:00-04:00,1.12575,1.127645,1.1256599999999999,1.12764,18686.259889692068,3,0,True,False
2025-05-20 04:00:00-04:00,1.1276199999999998,1.1276199999999998,1.12487,1.1258400000000002,14879.189925134182,4,0,True,False
2025-05-20 05:00:00-04:00,1.12598,1.126655,1.12504,1.125525,13198.899942927063,5,0,False,False
2025-05-20 06:00:00-04:00,1.12555,1.12578,1.12433,1.12446,13445.469961613417,6,0,False,False
2025-05-20 07:00:00-04:00,1.12457,1.12514,1.12449,1.124595,12474.359947241843,7,0,False,False
2025-05-20 08:00:00-04:00,1.1245850000000002,1.1246800000000001,1.1225200000000002,1.12344,12735.069937929511,8,0,False,False
2025-05-20 09:00:00-04:00,1.1231650000000002,1.124905,1.12253,1.1245850000000002,15903.109905004501,9,0,False,False
2025-05-20 10:00:00-04:00,1.1252499999999999,1.1268600000000002,1.124865,1.1268600000000002,19437.19991197437,10,0,False,True
2025-05-20 11:00:00-04:00,1.126795,1.126795,1.125075,1.125315,13176.069924019277,11,0,False,False
2025-05-20 12:00:00-04:00,1.12543,1.125735,1.124635,1.12567,10731.42994914949,12,0,False,False
2025-05-20 13:00:00-04:00,1.1257199999999998,1.1276899999999999,1.1255000000000002,1.1273900000000001,8521.829962104559,13,0,False,False
2025-05-20 14:00:00-04:00,1.127325,1.12796,1.127175,1.12725,11301.819982722402,14,0,False,False
2025-05-20 15:00:00-04:00,1.1272799999999998,1.12823,1.1272799999999998,1.12806,7560.719986103475,15,0,False,False
2025-05-20 16:00:00-04:00,1.12785,1.12853,1.12785,1.128295,4029.067588828504,16,0,False,False
2025-05-20 17:00:00-04:00,1.12831,1.128455,1.12811,1.12831,1453.8399820551276,17,0,False,False
2025-05-20 18:00:00-04:00,1.128365,1.1286100000000001,1.128055,1.12812,3500.749976605177,18,0,False,False
2025-05-20 19:00:00-04:00,1.1281349999999999,1.1288900000000002,1.128125,1.12884,2834.139980711043,19,0,False,False
2025-05-20 20:00:00-04:00,1.1289150000000001,1.130035,1.128835,1.12954,9620.099891424179,20,0,False,False
2025-05-20 21:00:00-04:00,1.12985,1.1301999999999999,1.12872,1.1298599999999999,8654.49995458126,21,0,False,False
2025-05-20 22:00:00-04:00,1.129745,1.132535,1.129745,1.1322100000000002,13260.779927708209,22,0,False,False
2025-05-20 23:00:00-04:00,1.132045,1.133665,1.13201,1.1334149999999998,10220.569953352213,23,0,False,False
2025-05-21 00:00:00-04:00,1.1335,1.133635,1.13273,1.1329,7008.009940683842,0,0,True,False
2025-05-21 01:00:00-04:00,1.1328399999999998,1.13369,1.132745,1.13319,9374.349957630038,1,0,True,False
2025-05-21 02:00:00-04:00,1.132995,1.13518,1.132425,1.1332749999999998,17319.079887606204,2,0,True,False
2025-05-21 03:00:00-04:00,1.133025,1.1332049999999998,1.131585,1.132345,16979.919885121286,3,0,True,False
2025-05-21 04:00:00-04:00,1.132755,1.133385,1.131325,1.132275,13521.329915866256,4,0,True,False
2025-05-21 05:00:00-04:00,1.13246,1.1334849999999999,1.13161,1.1334849999999999,11221.959934651852,5,0,False,False
2025-05-21 06:00:00-04:00,1.1336050000000002,1.1360549999999998,1.1332200000000001,1.13388,15991.909906364977,6,0,False,False
2025-05-21 07:00:00-04:00,1.133855,1.134415,1.1319949999999999,1.132365,12843.599930211902,7,0,False,False
2025-05-21 08:00:00-04:00,1.132485,1.13346,1.131885,1.13346,15837.919904790819,8,0,False,False
2025-05-21 09:00:00-04:00,1.1336,1.13382,1.132575,1.13369,17267.509906984866,9,0,False,False
2025-05-21 10:00:00-04:00,1.1336849999999998,1.1353900000000001,1.133435,1.1340750000000002,21266.1098793149,10,0,False,True
2025-05-21 11:00:00-04:00,1.1342150000000002,1.13484,1.1333250000000001,1.13427,16940.019921280444,11,0,False,False
2025-05-21 12:00:00-04:00,1.1341999999999999,1.13509,1.133965,1.13405,11281.179945923388,12,0,False,False
2025-05-21 13:00:00-04:00,1.133985,1.136025,1.1338300000000001,1.13482,29685.179833337665,13,0,False,False
2025-05-21 14:00:00-04:00,1.134785,1.134785,1.1332,1.13333,14457.549927398562,14,0,False,False
2025-05-21 15:00:00-04:00,1.133295,1.13387,1.1319050000000002,1.1319050000000002,15702.979885540903,15,0,False,False
2025-05-21 16:00:00-04:00,1.13157,1.1331449999999998,1.13157,1.13307,6677.3099165558815,16,0,False,False
2025-05-21 17:00:00-04:00,1.133075,1.133125,1.132895,1.1329600000000002,3092.959992364049,17,0,False,False
2025-05-21 18:00:00-04:00,1.1329449999999999,1.1329449999999999,1.13154,1.13154,7747.269954554737,18,0,False,False
2025-05-21 19:00:00-04:00,1.131575,1.133235,1.13114,1.1332,4827.049953088164,19,0,False,False
2025-05-21 20:00:00-04:00,1.13321,1.13408,1.13267,1.132745,13269.669809110463,20,0,False,False
2025-05-21 21:00:00-04:00,1.13276,1.13405,1.13177,1.133785,16395.1799095273,21,0,False,False
2025-05-21 22:00:00-04:00,1.1339100000000002,1.13441,1.1329600000000002,1.13387,12899.779981188476,22,0,False,False
2025-05-21 23:00:00-04:00,1.133795,1.134125,1.13315,1.1333250000000001,10916.319942310452,23,0,False,False
2025-05-22 00:00:00-04:00,1.133265,1.13338,1.132595,1.133335,8516.169935181737,0,0,True,False
2025-05-22 01:00:00-04:00,1.133235,1.133385,1.1326399999999999,1.13335,10685.209932357073,1,0,True,False
2025-05-22 02:00:00-04:00,1.13335,1.1341100000000002,1.132005,1.13226,19618.18990380317,2,0,True,False
2025-05-22 03:00:00-04:00,1.132345,1.132345,1.13008,1.1321400000000001,24141.339863464236,3,0,True,False
2025-05-22 04:00:00-04:00,1.131895,1.13326,1.1302050000000001,1.1302050000000001,21273.249880753458,4,0,True,False
2025-05-22 05:00:00-04:00,1.13016,1.130305,1.1291449999999998,1.129435,16844.269934035838,5,0,False,False
2025-05-22 06:00:00-04:00,1.12934,1.129915,1.1290550000000001,1.12921,11197.989930033684,6,0,False,False
2025-05-22 07:00:00-04:00,1.12927,1.1312449999999998,1.12927,1.130875,14755.82993491739,7,0,False,False
2025-05-22 08:00:00-04:00,1.1309049999999998,1.1314000000000002,1.12858,1.12951,17731.81991634518,8,0,False,False
2025-05-22 09:00:00-04:00,1.129975,1.130805,1.1283349999999999,1.1283349999999999,20756.829891055822,9,0,False,False
2025-05-22 10:00:00-04:00,1.1282999999999999,1.12974,1.12774,1.12774,21546.389905057847,10,0,False,True
2025-05-22 11:00:00-04:00,1.127805,1.1287699999999998,1.1266500000000002,1.128055,20372.109877236187,11,0,False,False
2025-05-22 12:00:00-04:00,1.1279249999999998,1.128795,1.1269049999999998,1.12694,15188.289910018444,12,0,False,False
2025-05-22 13:00:00-04:00,1.126735,1.1270099999999998,1.125715,1.1268099999999999,13575.53988328576,13,0,False,False
2025-05-22 14:00:00-04:00,1.126855,1.1280100000000002,1.126855,1.1278100000000002,7215.7699409127235,14,0,False,False
2025-05-22 15:00:00-04:00,1.1279949999999999,1.12854,1.1278350000000001,1.127875,7201.5399599820375,15,0,False,False
2025-05-22 16:00:00-04:00,1.127895,1.12833,1.1278100000000002,1.12806,4362.75997697562,16,0,False,False
2025-05-22 17:00:00-04:00,1.1281050000000001,1.1281750000000001,1.127985,1.12813,1058.2199936807156,17,0,False,False
2025-05-22 18:00:00-04:00,1.1283699999999999,1.128725,1.12827,1.128645,3151.919980093837,18,0,False,False
2025-05-22 19:00:00-04:00,1.12865,1.12887,1.128155,1.12823,2481.4499885886908,19,0,False,False
2025-05-22 20:00:00-04:00,1.128195,1.1299899999999998,1.127955,1.129705,10371.529913127422,20,0,False,False
2025-05-22 21:00:00-04:00,1.129775,1.13178,1.1295899999999999,1.131425,11435.129919491708,21,0,False,False
2025-05-22 22:00:00-04:00,1.131405,1.13178,1.130845,1.1315,9316.039967633784,22,0,False,False
2025-05-22 23:00:00-04:00,1.131595,1.131735,1.1311499999999999,1.1311499999999999,5266.799984790385,23,0,False,False
2025-05-23 00:00:00-04:00,1.131355,1.132045,1.13091,1.131805,7043.699949428439,0,0,True,False
2025-05-23 01:00:00-04:00,1.13179,1.13256,1.13083,1.1323050000000001,9215.71991494298,1,0,True,False
2025-05-23 02:00:00-04:00,1.1323750000000001,1.1326450000000001,1.131135,1.131215,13248.259932212532,2,0,True,False
2025-05-23 03:00:00-04:00,1.131325,1.134285,1.1313149999999998,1.13396,15067.08993101865,3,0,True,False
2025-05-23 04:00:00-04:00,1.13367,1.13441,1.13337,1.1341999999999999,10572.349947087467,4,0,True,False
2025-05-23 05:00:00-04:00,1.13435,1.135255,1.134015,1.134915,11636.619944229722,5,0,False,False
2025-05-23 06:00:00-04:00,1.134865,1.1357750000000002,1.134515,1.13489,12686.41995216906,6,0,False,False
2025-05-23 07:00:00-04:00,1.13509,1.1372849999999999,1.13033,1.132155,36018.1697647199,7,0,False,False
2025-05-23 08:00:00-04:00,1.1324,1.13489,1.13007,1.13335,31970.399746261537,8,0,False,False
2025-05-23 09:00:00-04:00,1.13355,1.13355,1.131435,1.13148,22670.019872136414,9,0,False,False
2025-05-23 10:00:00-04:00,1.1314799999999998,1.1345100000000001,1.13145,1.1345100000000001,20580.40991497785,10,0,False,True
2025-05-23 11:00:00-04:00,1.1344,1.13583,1.1332300000000002,1.134935,18395.95989893377,11,0,False,False
2025-05-23 12:00:00-04:00,1.1347200000000002,1.13589,1.134275,1.1358350000000002,10754.439903728664,12,0,False,False
2025-05-23 13:00:00-04:00,1.1357,1.1367150000000001,1.135265,1.13608,9074.429954513907,13,0,False,False
2025-05-23 14:00:00-04:00,1.135985,1.136875,1.13565,1.13595,10096.649952448905,14,0,False,False
2025-05-23 15:00:00-04:00,1.135975,1.1365150000000002,1.1356549999999999,1.13636,6759.2999732121825,15,0,False,False
2025-05-23 16:00:00-04:00,1.1362649999999999,1.136795,1.13597,1.136355,5476.899970434606,16,0,False,False
2025-05-25 17:00:00-04:00,1.1365699999999999,1.1368550000000002,1.136235,1.1368,708.3299876078963,17,0,False,False
2025-05-25 18:00:00-04:00,1.13669,1.1379350000000001,1.1362649999999999,1.137425,17326.94989296049,18,0,False,False
2025-05-25 19:00:00-04:00,1.137505,1.1381299999999999,1.13714,1.13748,6964.469962365925,19,0,False,False
2025-05-25 20:00:00-04:00,1.137965,1.139705,1.1375199999999999,1.139705,20517.689783394337,20,0,False,False
2025-05-25 21:00:00-04:00,1.13962,1.1415549999999999,1.13887,1.14127,19242.599889732897,21,0,False,False
2025-05-25 22:00:00-04:00,1.141065,1.1418499999999998,1.14097,1.14097,12860.55991704017,22,0,False,False
2025-05-25 23:00:00-04:00,1.1408,1.14124,1.14056,1.14117,9464.71993201226,23,0,False,False
2025-05-26 00:00:00-04:00,1.14114,1.14126,1.1403699999999999,1.14094,7558.4499446973205,0,0,True,False
2025-05-26 01:00:00-04:00,1.141115,1.14181,1.14008,1.141715,12271.419943869114,1,0,True,False
2025-05-26 02:00:00-04:00,1.141705,1.1417199999999998,1.1409,1.1409150000000001,15975.489923544228,2,0,True,False
2025-05-26 03:00:00-04:00,1.14116,1.14116,1.1389049999999998,1.138925,16809.579892396927,3,0,True,False
2025-05-26 04:00:00-04:00,1.13916,1.1394350000000002,1.13832,1.1384599999999998,11639.979972146451,4,0,True,False
2025-05-26 05:00:00-04:00,1.1384050000000001,1.138525,1.1376499999999998,1.137905,8767.099973127246,5,0,False,False
2025-05-26 06:00:00-04:00,1.138,1.1385999999999998,1.137715,1.13842,10180.139985337853,6,0,False,False
2025-05-26 07:00:00-04:00,1.1383649999999998,1.13869,1.13745,1.13771,8022.2199730575085,7,0,False,False
2025-05-26 08:00:00-04:00,1.13792,1.13823,1.1369150000000001,1.1375250000000001,8999.639912039042,8,0,False,False
2025-05-26 09:00:00-04:00,1.1374300000000002,1.1382349999999999,1.13741,1.138175,8729.529913626611,9,0,False,False
2025-05-26 10:00:00-04:00,1.1381999999999999,1.138455,1.137715,1.1384400000000001,9353.42990525812,10,0,False,True
2025-05-26 11:00:00-04:00,1.138495,1.138495,1.137785,1.1381299999999999,7642.51992791146,11,0,False,False
2025-05-26 12:00:00-04:00,1.137965,1.138335,1.1377,1.138335,4722.689957849681,12,0,False,False
2025-05-26 13:00:00-04:00,1.13836,1.13836,1.1378650000000001,1.138075,2107.4099799394608,13,0,False,False
2025-05-26 14:00:00-04:00,1.138055,1.13832,1.13801,1.1381000000000001,1603.7299826517701,14,0,False,False
2025-05-26 15:00:00-04:00,1.13806,1.1385450000000001,1.1380599999999998,1.1385399999999999,1389.739989489317,15,0,False,False
2025-05-26 16:00:00-04:00,1.13841,1.1387800000000001,1.13841,1.13865,2493.91996845603,16,0,False,False
2025-05-26 17:00:00-04:00,1.138735,1.138735,1.138225,1.138595,1684.1000011116266,17,0,False,False
2025-05-26 18:00:00-04:00,1.138745,1.1394,1.138745,1.1390500000000001,4296.759966254234,18,0,False,False
2025-05-26 19:00:00-04:00,1.1390799999999999,1.139125,1.13872,1.138865,3413.0399653166533,19,0,False,False
2025-05-26 20:00:00-04:00,1.1388850000000001,1.140225,1.138825,1.140015,9268.529857724905,20,0,False,False
2025-05-26 21:00:00-04:00,1.1401050000000001,1.1406399999999999,1.1392250000000002,1.139525,10640.619916275144,21,0,False,False
2025-05-26 22:00:00-04:00,1.139475,1.14023,1.139175,1.139265,8967.059922426939,22,0,False,False
2025-05-26 23:00:00-04:00,1.1390799999999999,1.1400199999999998,1.1390799999999999,1.13937,6691.489943996072,23,0,False,False
2025-05-27 00:00:00-04:00,1.139465,1.13978,1.137805,1.137855,7465.379924699664,0,0,True,False
2025-05-27 01:00:00-04:00,1.137785,1.13788,1.13674,1.13788,16086.129860199988,1,0,True,False
2025-05-27 02:00:00-04:00,1.137945,1.13918,1.1364999999999998,1.1365150000000002,19468.949920386076,2,0,True,False
2025-05-27 03:00:00-04:00,1.136665,1.136935,1.1337899999999999,1.134085,20550.35993538052,3,0,True,False
2025-05-27 04:00:00-04:00,1.134375,1.1356799999999998,1.1339899999999998,1.134865,13592.68995257467,4,0,True,False
2025-05-27 05:00:00-04:00,1.13483,1.135715,1.134655,1.13484,13649.33994679153,5,0,False,False
2025-05-27 06:00:00-04:00,1.1348250000000002,1.135135,1.134145,1.13439,13607.379958830774,6,0,False,False
2025-05-27 07:00:00-04:00,1.13443,1.1354000000000002,1.134175,1.1351149999999999,11401.269973509014,7,0,False,False
2025-05-27 08:00:00-04:00,1.135275,1.1366800000000001,1.13522,1.1366800000000001,12182.189959459007,8,0,False,False
2025-05-27 09:00:00-04:00,1.13693,1.13741,1.135625,1.135825,16251.729941941798,9,0,False,False
2025-05-27 10:00:00-04:00,1.13463,1.1360350000000001,1.1339100000000002,1.134125,21043.099937304854,10,0,False,True
2025-05-27 11:00:00-04:00,1.13389,1.133995,1.1324450000000001,1.13254,16481.80992524326,11,0,False,False
2025-05-27 12:00:00-04:00,1.132525,1.13353,1.132375,1.133175,12600.74992749095,12,0,False,False
2025-05-27 13:00:00-04:00,1.13317,1.1336650000000001,1.13308,1.1332900000000001,10379.989933855832,13,0,False,False
2025-05-27 14:00:00-04:00,1.1332399999999998,1.13388,1.1329799999999999,1.133725,10807.129956580698,14,0,False,False
2025-05-27 15:00:00-04:00,1.1335899999999999,1.13388,1.1330149999999999,1.1330900000000002,11088.809943921864,15,0,False,False
2025-05-27 16:00:00-04:00,1.133105,1.133265,1.1327699999999998,1.133035,8557.871739983559,16,0,False,False
2025-05-27 17:00:00-04:00,1.1328,1.133265,1.1327699999999998,1.1332149999999999,2445.9899667426944,17,0,False,False
2025-05-27 18:00:00-04:00,1.13317,1.133695,1.133125,1.13366,3285.8199892267585,18,0,False,False
2025-05-27 19:00:00-04:00,1.1336300000000001,1.133795,1.13319,1.133695,2785.1799892261624,19,0,False,False
2025-05-27 20:00:00-04:00,1.133885,1.134485,1.13346,1.13346,10273.39991697669,20,0,False,False
2025-05-27 21:00:00-04:00,1.13344,1.1338249999999999,1.1316,1.131755,18260.179925069213,21,0,False,False
2025-05-27 22:00:00-04:00,1.1318000000000001,1.1325150000000002,1.130205,1.13055,15807.91988223046,22,0,False,False
2025-05-27 23:00:00-04:00,1.1306500000000002,1.131285,1.130115,1.130755,12667.999927155674,23,0,False,False
2025-05-28 00:00:00-04:00,1.1308500000000001,1.13106,1.1303,1.13062,7765.369942627847,0,0,True,False
2025-05-28 01:00:00-04:00,1.13048,1.131485,1.1296,1.131485,11809.119933389127,1,0,True,False
2025-05-28 02:00:00-04:00,1.131435,1.1316,1.130455,1.130455,15108.409935966134,2,0,True,False
2025-05-28 03:00:00-04:00,1.13063,1.1329850000000001,1.13063,1.13267,13604.219938248396,3,0,True,False
2025-05-28 04:00:00-04:00,1.132795,1.13327,1.13186,1.1332200000000001,13776.709971107543,4,0,True,False
2025-05-28 05:00:00-04:00,1.1333199999999999,1.134015,1.132835,1.133355,11985.069949120283,5,0,False,False
2025-05-28 06:00:00-04:00,1.13326,1.1340249999999998,1.1324800000000002,1.13259,11178.18996207416,6,0,False,False
2025-05-28 07:00:00-04:00,1.132505,1.13286,1.13178,1.13178,12914.779970377684,7,0,False,False
2025-05-28 08:00:00-04:00,1.131825,1.13213,1.1308500000000001,1.1311049999999998,14066.419960744679,8,0,False,False
2025-05-28 09:00:00-04:00,1.130985,1.13131,1.1298849999999998,1.1308850000000001,21600.92992054671,9,0,False,False
2025-05-28 10:00:00-04:00,1.13091,1.13232,1.1302050000000001,1.1302249999999998,22868.649888820946,10,0,False,True
2025-05-28 11:00:00-04:00,1.1302050000000001,1.13076,1.128425,1.12847,21837.93989240378,11,0,False,False
2025-05-28 12:00:00-04:00,1.1285500000000002,1.12967,1.1285500000000002,1.1294149999999998,13105.259959034622,12,0,False,False
2025-05-28 13:00:00-04:00,1.129315,1.1300249999999998,1.12911,1.129155,9602.229941651225,13,0,False,False
2025-05-28 14:00:00-04:00,1.1289600000000002,1.129695,1.12847,1.1293600000000001,12542.449958465993,14,0,False,False
2025-05-28 15:00:00-04:00,1.129375,1.12948,1.128835,1.128955,9558.939960993826,15,0,False,False
2025-05-28 16:00:00-04:00,1.129085,1.1295449999999998,1.129025,1.129305,8635.129882000387,16,0,False,False
2025-05-28 17:00:00-04:00,1.129475,1.129585,1.1293250000000001,1.12951,1630.7099895328283,17,0,False,False
2025-05-28 18:00:00-04:00,1.12938,1.129725,1.129065,1.1291699999999998,4234.14997279644,18,0,False,False
2025-05-28 19:00:00-04:00,1.12904,1.12904,1.1210550000000001,1.122995,26919.189935535192,19,0,False,False
2025-05-28 20:00:00-04:00,1.122895,1.124885,1.122795,1.12348,35345.599824242294,20,0,False,False
2025-05-28 21:00:00-04:00,1.123065,1.125285,1.122585,1.12518,21079.07988164574,21,0,False,False
2025-05-28 22:00:00-04:00,1.1252749999999998,1.1256300000000001,1.12424,1.124605,12681.939873434603,22,0,False,False
2025-05-28 23:00:00-04:00,1.12451,1.1254149999999998,1.124345,1.124865,10323.249908953905,23,0,False,False
2025-05-29 00:00:00-04:00,1.124775,1.1254,1.124445,1.124785,7156.849949516356,0,0,True,False
2025-05-29 01:00:00-04:00,1.124765,1.12508,1.123295,1.124375,13696.319927603006,1,0,True,False
2025-05-29 02:00:00-04:00,1.1247150000000001,1.12736,1.12453,1.127135,20403.62995773554,2,0,True,False
2025-05-29 03:00:00-04:00,1.1274600000000001,1.128255,1.127245,1.1275650000000002,19833.349935933948,3,0,True,False
2025-05-29 04:00:00-04:00,1.12764,1.127815,1.1262750000000001,1.1272000000000002,15026.799942664802,4,0,True,False
2025-05-29 05:00:00-04:00,1.12721,1.1283500000000002,1.12721,1.1278000000000001,10694.21996678412,5,0,False,False
2025-05-29 06:00:00-04:00,1.12789,1.1290550000000001,1.12779,1.1286450000000001,11331.759973920882,6,0,False,False
2025-05-29 07:00:00-04:00,1.1287,1.128995,1.1269550000000002,1.1271049999999998,12375.159959353507,7,0,False,False
2025-05-29 08:00:00-04:00,1.12734,1.1349550000000002,1.12734,1.1349550000000002,27158.349889278412,8,0,False,False
2025-05-29 09:00:00-04:00,1.1356600000000001,1.13577,1.1340249999999998,1.13514,24055.309869363904,9,0,False,False
2025-05-29 10:00:00-04:00,1.1357400000000002,1.136085,1.1344349999999999,1.135005,20188.7199498415,10,0,False,True
2025-05-29 11:00:00-04:00,1.134985,1.136975,1.134985,1.13697,18325.11986503005,11,0,False,False
2025-05-29 12:00:00-04:00,1.1368550000000002,1.13794,1.13674,1.13714,15163.989861883223,12,0,False,False
2025-05-29 13:00:00-04:00,1.1371,1.138285,1.13623,1.137715,11582.769892305136,13,0,False,False
2025-05-29 14:00:00-04:00,1.138065,1.138375,1.13748,1.137525,8771.659912750125,14,0,False,False
2025-05-29 15:00:00-04:00,1.137515,1.137805,1.13667,1.1366800000000001,10524.419910281897,15,0,False,False
2025-05-29 16:00:00-04:00,1.13663,1.136995,1.1360999999999999,1.136755,5057.969946704805,16,0,False,False
2025-05-29 17:00:00-04:00,1.13693,1.1372650000000002,1.13685,1.136965,2726.669970728457,17,0,False,False
2025-05-29 18:00:00-04:00,1.1368800000000001,1.137615,1.136765,1.1371,8570.309961885214,18,0,False,False
2025-05-29 19:00:00-04:00,1.137115,1.1379000000000001,1.13694,1.13769,5068.599967807531,19,0,False,False
2025-05-29 20:00:00-04:00,1.1378949999999999,1.1384699999999999,1.136635,1.1372499999999999,16468.789846375585,20,0,False,False
2025-05-29 21:00:00-04:00,1.137385,1.13897,1.1354899999999999,1.1354899999999999,20447.849904343486,21,0,False,False
2025-05-29 22:00:00-04:00,1.135635,1.135895,1.134875,1.134945,12206.339912079275,22,0,False,False
2025-05-29 23:00:00-04:00,1.1352,1.135635,1.134645,1.13496,10524.639903314412,23,0,False,False
2025-05-30 00:00:00-04:00,1.13517,1.135285,1.134575,1.1346,8872.539932094514,0,0,True,False
2025-05-30 01:00:00-04:00,1.134515,1.1354250000000001,1.134325,1.135125,9037.549930684268,1,0,True,False
2025-05-30 02:00:00-04:00,1.1348449999999999,1.1350500000000001,1.133675,1.134655,15557.029932551086,2,0,True,False
2025-05-30 03:00:00-04:00,1.1339350000000001,1.134245,1.13283,1.133795,20291.0799042508,3,0,True,False
2025-05-30 04:00:00-04:00,1.13399,1.13429,1.13241,1.13241,16418.479934901,4,0,True,False
2025-05-30 05:00:00-04:00,1.132575,1.13312,1.13241,1.132555,12126.009951397777,5,0,False,False
2025-05-30 06:00:00-04:00,1.1326,1.13347,1.132525,1.132755,10751.2299464643,6,0,False,False
2025-05-30 07:00:00-04:00,1.132745,1.133855,1.13243,1.1338249999999999,10810.189964309335,7,0,False,False
2025-05-30 08:00:00-04:00,1.1337,1.1357599999999999,1.133575,1.13462,25939.479855388403,8,0,False,False
2025-05-30 09:00:00-04:00,1.1346,1.1346150000000002,1.1314199999999999,1.131775,20120.53994292766,9,0,False,False
2025-05-30 10:00:00-04:00,1.13197,1.13544,1.13181,1.1352250000000002,23645.599872268736,10,0,False,True
2025-05-30 11:00:00-04:00,1.1351200000000001,1.1357650000000001,1.134395,1.134645,22591.259854234755,11,0,False,False
2025-05-30 12:00:00-04:00,1.1348449999999999,1.135395,1.1344400000000001,1.1350500000000001,20180.929872073233,12,0,False,False
2025-05-30 13:00:00-04:00,1.135205,1.1367,1.1350500000000001,1.1357300000000001,13080.09990761429,13,0,False,False
2025-05-30 14:00:00-04:00,1.13587,1.1364049999999999,1.1355300000000002,1.1358700000000002,11136.90990459174,14,0,False,False
2025-05-30 15:00:00-04:00,1.135785,1.136025,1.13497,1.13565,14660.729970544577,15,0,False,False
2025-05-30 16:00:00-04:00,1.1355499999999998,1.13555,1.134515,1.1347800000000001,7448.589993819594,16,0,False,False
2025-06-01 17:00:00-04:00,1.13483,1.13524,1.13462,1.135075,1047.3199877291918,17,0,False,False
2025-06-01 18:00:00-04:00,1.135055,1.135755,1.13489,1.135525,8022.339957930148,18,0,False,False
2025-06-01 19:00:00-04:00,1.135415,1.13602,1.135145,1.135305,6585.229963488877,19,0,False,False
2025-06-01 20:00:00-04:00,1.135535,1.137435,1.135535,1.13687,14374.51994125545,20,0,False,False
2025-06-01 21:00:00-04:00,1.136895,1.13811,1.1368200000000002,1.137025,15212.999913461506,21,0,False,False
2025-06-01 22:00:00-04:00,1.13704,1.1372300000000002,1.136275,1.13645,9850.30997530371,22,0,False,False
2025-06-01 23:00:00-04:00,1.1364049999999999,1.13653,1.13554,1.13619,7459.2499580308795,23,0,False,False
2025-06-02 00:00:00-04:00,1.13628,1.136635,1.136095,1.136555,7751.0299331098795,0,0,True,False
2025-06-02 01:00:00-04:00,1.136665,1.13803,1.136665,1.137955,11041.419888719916,1,0,True,False
2025-06-02 02:00:00-04:00,1.137945,1.1406399999999999,1.137945,1.14013,13746.76988221705,2,0,True,False
2025-06-02 03:00:00-04:00,1.1401949999999998,1.1436799999999998,1.1401,1.1423800000000002,16571.439931936562,3,0,True,False
2025-06-02 04:00:00-04:00,1.142325,1.1427450000000001,1.1413600000000002,1.1420249999999998,15414.079977668822,4,0,True,False
2025-06-02 05:00:00-04:00,1.142335,1.143685,1.142265,1.14234,14642.689973406494,5,0,False,False
2025-06-02 06:00:00-04:00,1.14207,1.1427450000000001,1.1414,1.1415250000000001,11186.329985260963,6,0,False,False
2025-06-02 07:00:00-04:00,1.14142,1.142595,1.1409850000000001,1.141425,11231.239985063672,7,0,False,False
2025-06-02 08:00:00-04:00,1.141425,1.142835,1.141225,1.14184,12107.909983828664,8,0,False,False
2025-06-02 09:00:00-04:00,1.14179,1.14207,1.140555,1.14198,16529.049977608025,9,0,False,False
2025-06-02 10:00:00-04:00,1.1434600000000001,1.144905,1.143325,1.143485,20878.80994156003,10,0,False,True
2025-06-02 11:00:00-04:00,1.1434799999999998,1.14379,1.1424599999999998,1.143055,18049.22985418141,11,0,False,False
2025-06-02 12:00:00-04:00,1.142865,1.142865,1.141305,1.1418650000000001,12977.859866157174,12,0,False,False
2025-06-02 13:00:00-04:00,1.1418,1.14258,1.14174,1.1422750000000002,9598.8699041605,13,0,False,False
2025-06-02 14:00:00-04:00,1.14197,1.14422,1.14197,1.1441599999999998,9285.789889283478,14,0,False,False
2025-06-02 15:00:00-04:00,1.14418,1.14453,1.14349,1.14453,12416.009781457484,15,0,False,False
2025-06-02 16:00:00-04:00,1.144455,1.1446450000000001,1.1440299999999999,1.14438,4992.819908492267,16,0,False,False
2025-06-02 17:00:00-04:00,1.144095,1.144155,1.1438899999999999,1.14405,7067.379925169051,17,0,False,False
2025-06-02 18:00:00-04:00,1.1439949999999999,1.14458,1.1438549999999998,1.144535,3446.419975966215,18,0,False,False
2025-06-02 19:00:00-04:00,1.14471,1.14539,1.1445599999999998,1.14533,5692.01990672946,19,0,False,False
2025-06-02 20:00:00-04:00,1.145445,1.145445,1.14395,1.14435,10477.239890120924,20,0,False,False
2025-06-02 21:00:00-04:00,1.14406,1.14406,1.1427399999999999,1.1427900000000002,16036.179728113115,21,0,False,False
2025-06-02 22:00:00-04:00,1.142645,1.1430150000000001,1.141945,1.1425649999999998,11324.629796154797,22,0,False,False
2025-06-02 23:00:00-04:00,1.142395,1.1427100000000001,1.1416300000000001,1.141985,9571.05984928459,23,0,False,False
2025-06-03 00:00:00-04:00,1.142075,1.1425299999999998,1.14178,1.1425299999999998,6920.249838106334,0,0,True,False
2025-06-03 01:00:00-04:00,1.142595,1.14265,1.1413449999999998,1.1422050000000001,10177.759799845517,1,0,True,False
2025-06-03 02:00:00-04:00,1.1424750000000001,1.14309,1.14176,1.14288,13103.41995114088,2,0,True,False
2025-06-03 03:00:00-04:00,1.1428150000000001,1.14316,1.1415,1.1415899999999999,14415.789971537888,3,0,True,False
2025-06-03 04:00:00-04:00,1.141275,1.141695,1.14056,1.1411799999999999,12263.099975124002,4,0,True,False
2025-06-03 05:00:00-04:00,1.1409699999999998,1.1417199999999998,1.140255,1.1411850000000001,10023.889963641763,5,0,False,False
2025-06-03 06:00:00-04:00,1.141115,1.14115,1.1397849999999998,1.139785,9619.319981820881,6,0,False,False
2025-06-03 07:00:00-04:00,1.139735,1.139735,1.138695,1.139055,10822.369975663722,7,0,False,False
2025-06-03 08:00:00-04:00,1.139055,1.139345,1.137845,1.138195,12021.969973899424,8,0,False,False
2025-06-03 09:00:00-04:00,1.1381000000000001,1.1393900000000001,1.1379199999999998,1.13883,15452.779968373477,9,0,False,False
2025-06-03 10:00:00-04:00,1.138135,1.139285,1.136585,1.139195,22148.43995054066,10,0,False,True
2025-06-03 11:00:00-04:00,1.139095,1.1392250000000002,1.1371,1.13721,14787.789848521352,11,0,False,False
2025-06-03 12:00:00-04:00,1.137505,1.138305,1.13687,1.13735,10530.08990047127,12,0,False,False
2025-06-03 13:00:00-04:00,1.13742,1.13816,1.13734,1.13782,8864.4799214378,13,0,False,False
2025-06-03 14:00:00-04:00,1.13764,1.137705,1.137135,1.1374900000000001,6880.169935539365,14,0,False,False
2025-06-03 15:00:00-04:00,1.137605,1.137605,1.136825,1.1368800000000001,5707.409960098565,15,0,False,False
2025-06-03 16:00:00-04:00,1.136955,1.137425,1.13689,1.137175,3037.799988217652,16,0,False,False
2025-06-03 17:00:00-04:00,1.137345,1.1377350000000002,1.13721,1.13771,2555.4299918562174,17,0,False,False
2025-06-03 18:00:00-04:00,1.1372900000000001,1.1375099999999998,1.1371449999999999,1.137425,2901.1694782711565,18,0,False,False
2025-06-03 19:00:00-04:00,1.1375199999999999,1.13855,1.13744,1.1384150000000002,5014.049935512245,19,0,False,False
2025-06-03 20:00:00-04:00,1.138595,1.1389049999999998,1.137885,1.138285,16444.479777388275,20,0,False,False
2025-06-03 21:00:00-04:00,1.13726,1.139275,1.13726,1.13859,22574.11977005005,21,0,False,False
2025-06-03 22:00:00-04:00,1.138455,1.13877,1.1374,1.13761,10854.769892007113,22,0,False,False
2025-06-03 23:00:00-04:00,1.13765,1.138055,1.13667,1.13678,10037.019871480763,23,0,False,False
2025-06-04 00:00:00-04:00,1.13685,1.13791,1.1365150000000002,1.13667,11800.0098329857,0,0,True,False
2025-06-04 01:00:00-04:00,1.1367500000000001,1.137165,1.135845,1.136255,14003.949890345335,1,0,True,False
2025-06-04 02:00:00-04:00,1.13644,1.1377950000000001,1.13592,1.1377950000000001,16583.73990430683,2,0,True,False
2025-06-04 03:00:00-04:00,1.1378599999999999,1.13958,1.1377199999999998,1.138675,14151.059968277812,3,0,True,False
2025-06-04 04:00:00-04:00,1.138585,1.1403400000000001,1.13835,1.1399650000000001,11895.179951265454,4,0,True,False
2025-06-04 05:00:00-04:00,1.1398,1.13982,1.1381800000000002,1.138285,10786.519960999489,5,0,False,False
2025-06-04 06:00:00-04:00,1.1382949999999998,1.13848,1.137515,1.13822,9857.429968722165,6,0,False,False
2025-06-04 07:00:00-04:00,1.13849,1.138695,1.1377950000000001,1.1379350000000001,8894.419982612133,7,0,False,False
2025-06-04 08:00:00-04:00,1.13827,1.14093,1.13808,1.14093,22737.099934086204,8,0,False,False
2025-06-04 09:00:00-04:00,1.141235,1.141235,1.139375,1.140025,16664.97995033115,9,0,False,False
2025-06-04 10:00:00-04:00,1.14099,1.14337,1.14099,1.14327,24941.409924775362,10,0,False,True
2025-06-04 11:00:00-04:00,1.143235,1.143235,1.141765,1.14235,22636.999887637794,11,0,False,False
2025-06-04 12:00:00-04:00,1.142185,1.143395,1.142015,1.1433049999999998,9344.999897681177,12,0,False,False
2025-06-04 13:00:00-04:00,1.143215,1.143255,1.142375,1.1425,6245.419929526746,13,0,False,False
2025-06-04 14:00:00-04:00,1.14243,1.1427800000000001,1.14205,1.14206,6797.389938794076,14,0,False,False
2025-06-04 15:00:00-04:00,1.1421299999999999,1.1421299999999999,1.1412399999999998,1.1412399999999998,8183.519947655499,15,0,False,False
2025-06-04 16:00:00-04:00,1.141105,1.14223,1.141105,1.141605,6454.929939985275,16,0,False,False
2025-06-04 17:00:00-04:00,1.1418499999999998,1.1419350000000001,1.1415950000000001,1.141855,1885.9399966746569,17,0,False,False
2025-06-04 18:00:00-04:00,1.14189,1.1422949999999998,1.14178,1.142,2474.5699728801847,18,0,False,False
2025-06-04 19:00:00-04:00,1.142065,1.142805,1.14193,1.14209,3404.349944524467,19,0,False,False
2025-06-04 20:00:00-04:00,1.142125,1.142915,1.1417549999999999,1.142915,8933.589877285063,20,0,False,False
2025-06-04 21:00:00-04:00,1.14303,1.143435,1.1414,1.14167,13656.479825764894,21,0,False,False
2025-06-04 22:00:00-04:00,1.14176,1.1419350000000001,1.141125,1.141785,9302.909883394837,22,0,False,False
2025-06-04 23:00:00-04:00,1.141605,1.142225,1.141035,1.14107,12264.919873595238,23,0,False,False
2025-06-05 00:00:00-04:00,1.14092,1.1413950000000002,1.140855,1.14105,8605.939920827746,0,0,True,False
2025-06-05 01:00:00-04:00,1.141195,1.1412550000000001,1.14059,1.14063,9573.159918420017,1,0,True,False
2025-06-05 02:00:00-04:00,1.140595,1.141715,1.140595,1.1409150000000001,13057.389964267612,2,0,True,False
2025-06-05 03:00:00-04:00,1.14108,1.142515,1.140975,1.141205,13054.929952554405,3,0,True,False
2025-06-05 04:00:00-04:00,1.141335,1.141905,1.140975,1.141295,10541.789962254465,4,0,True,False
2025-06-05 05:00:00-04:00,1.14146,1.1420599999999999,1.141005,1.1418650000000001,9837.279965005815,5,0,False,False
2025-06-05 06:00:00-04:00,1.1418400000000002,1.143235,1.1418400000000002,1.142425,9252.339972995222,6,0,False,False
2025-06-05 07:00:00-04:00,1.14257,1.142825,1.141675,1.14261,10200.309979006648,7,0,False,False
2025-06-05 08:00:00-04:00,1.14286,1.1445400000000001,1.14137,1.14296,27956.899875827134,8,0,False,False
2025-06-05 09:00:00-04:00,1.14277,1.149305,1.1418599999999999,1.148055,38295.70983988047,9,0,False,False
2025-06-05 10:00:00-04:00,1.1479599999999999,1.1481,1.1455700000000002,1.145805,28304.409885831177,10,0,False,True
2025-06-05 11:00:00-04:00,1.14578,1.145845,1.143535,1.143925,19194.2598548159,11,0,False,False
2025-06-05 12:00:00-04:00,1.1434950000000002,1.1448,1.143215,1.1448,13858.669854871929,12,0,False,False
2025-06-05 13:00:00-04:00,1.144745,1.144745,1.14327,1.1443050000000001,8438.959892638028,13,0,False,False
2025-06-05 14:00:00-04:00,1.14407,1.1443750000000001,1.143305,1.144225,9420.269913516939,14,0,False,False
2025-06-05 15:00:00-04:00,1.1440649999999999,1.1447500000000002,1.143415,1.143815,15935.689763084054,15,0,False,False
2025-06-05 16:00:00-04:00,1.1438000000000001,1.144495,1.143775,1.144495,6926.079880185425,16,0,False,False
2025-06-05 17:00:00-04:00,1.14465,1.144905,1.144355,1.144425,3201.9999983534217,17,0,False,False
2025-06-05 18:00:00-04:00,1.14456,1.145165,1.14456,1.145165,4371.259998112917,18,0,False,False
2025-06-05 19:00:00-04:00,1.145195,1.145375,1.144735,1.14536,3569.5699864923954,19,0,False,False
2025-06-05 20:00:00-04:00,1.145315,1.14569,1.145035,1.145035,8375.709960147738,20,0,False,False
2025-06-05 21:00:00-04:00,1.14472,1.14523,1.1442350000000001,1.144265,13624.519980579615,21,0,False,False
2025-06-05 22:00:00-04:00,1.14429,1.14429,1.143365,1.143785,12056.569957382977,22,0,False,False
2025-06-05 23:00:00-04:00,1.143795,1.14436,1.14363,1.1440350000000001,6610.619961902499,23,0,False,False
2025-06-06 00:00:00-04:00,1.144005,1.14419,1.143745,1.14398,4609.509967580438,0,0,True,False
2025-06-06 01:00:00-04:00,1.14386,1.144025,1.1431,1.1436000000000002,6909.8399581462145,1,0,True,False
2025-06-06 02:00:00-04:00,1.14375,1.1441750000000002,1.1425649999999998,1.143555,11279.929954789579,2,0,True,False
2025-06-06 03:00:00-04:00,1.143435,1.143435,1.14223,1.142695,15177.389970235527,3,0,True,False
2025-06-06 04:00:00-04:00,1.142455,1.14293,1.141245,1.141475,10837.669964939356,4,0,True,False
2025-06-06 05:00:00-04:00,1.141315,1.14205,1.141175,1.14194,8762.479975365102,5,0,False,False
2025-06-06 06:00:00-04:00,1.141975,1.142395,1.1417899999999999,1.1422750000000002,9185.659979827702,6,0,False,False
2025-06-06 07:00:00-04:00,1.1423800000000002,1.142805,1.14176,1.141805,10157.729981660843,7,0,False,False
2025-06-06 08:00:00-04:00,1.141835,1.14295,1.139275,1.1396899999999999,31228.399823337793,8,0,False,False
2025-06-06 09:00:00-04:00,1.1398000000000001,1.140075,1.13719,1.1390349999999998,28149.399903960526,9,0,False,False
2025-06-06 10:00:00-04:00,1.1392099999999998,1.1414749999999998,1.138105,1.138945,25802.019963279366,10,0,False,True
2025-06-06 11:00:00-04:00,1.138915,1.14016,1.138155,1.139675,20860.159839503467,11,0,False,False
2025-06-06 12:00:00-04:00,1.13978,1.1400350000000001,1.138695,1.138725,13621.409861184657,12,0,False,False
2025-06-06 13:00:00-04:00,1.1387749999999999,1.1397599999999999,1.13848,1.139325,11693.2698828578,13,0,False,False
2025-06-06 14:00:00-04:00,1.1394449999999998,1.13985,1.13931,1.13972,7580.129911236465,14,0,False,False
2025-06-06 15:00:00-04:00,1.13982,1.14012,1.1393300000000002,1.1396199999999999,6355.1899295300245,15,0,False,False
2025-06-06 16:00:00-04:00,1.1395849999999998,1.13978,1.13924,1.139555,4240.549949549139,16,0,False,False
2025-06-08 17:00:00-04:00,1.139845,1.139845,1.13923,1.139445,816.7499844878912,17,0,False,False
2025-06-08 18:00:00-04:00,1.13947,1.14067,1.13947,1.14067,4176.519968152046,18,0,False,False
2025-06-08 19:00:00-04:00,1.14078,1.141105,1.14046,1.140655,3981.1299712359905,19,0,False,False
2025-06-08 20:00:00-04:00,1.140745,1.14083,1.13937,1.1394,8422.989954352379,20,0,False,False
2025-06-08 21:00:00-04:00,1.13965,1.14164,1.13965,1.14153,10827.71994432807,21,0,False,False
2025-06-08 22:00:00-04:00,1.14162,1.1425,1.14162,1.14173,8801.189923256636,22,0,False,False
2025-06-08 23:00:00-04:00,1.141675,1.142055,1.141225,1.141225,7245.179939076304,23,0,False,False
2025-06-09 00:00:00-04:00,1.14116,1.14189,1.141155,1.14184,5376.169947423041,0,0,True,False
2025-06-09 01:00:00-04:00,1.14194,1.1423999999999999,1.1412499999999999,1.142195,8028.159928455949,1,0,True,False
2025-06-09 02:00:00-04:00,1.1419700000000002,1.142945,1.141815,1.142745,12783.15990357101,2,0,True,False
2025-06-09 03:00:00-04:00,1.1425100000000001,1.14276,1.142,1.142245,14199.769894361496,3,0,True,False
2025-06-09 04:00:00-04:00,1.14227,1.14352,1.14196,1.1428449999999999,14209.389889739454,4,0,True,False
2025-06-09 05:00:00-04:00,1.14275,1.1438350000000002,1.14262,1.14262,10475.249909512699,5,0,False,False
2025-06-09 06:00:00-04:00,1.1424699999999999,1.14286,1.141695,1.1419549999999998,6600.449924491346,6,0,False,False
2025-06-09 07:00:00-04:00,1.14194,1.14228,1.140795,1.141745,10616.129976049066,7,0,False,False
2025-06-09 08:00:00-04:00,1.1416499999999998,1.141695,1.1395499999999998,1.1400350000000001,11496.139991931617,8,0,False,False
2025-06-09 09:00:00-04:00,1.140075,1.14032,1.138735,1.1402,13861.26997743547,9,0,False,False
2025-06-09 10:00:00-04:00,1.1403500000000002,1.1408800000000001,1.1393900000000001,1.140785,11921.609962247312,10,0,False,True
2025-06-09 11:00:00-04:00,1.14085,1.1425299999999998,1.14085,1.1424400000000001,9735.189914226532,11,0,False,False
2025-06-09 12:00:00-04:00,1.142305,1.1425049999999999,1.141585,1.142455,5724.349933899939,12,0,False,False
2025-06-09 13:00:00-04:00,1.142385,1.1425999999999998,1.141985,1.14222,4769.3099502548575,13,0,False,False
2025-06-09 14:00:00-04:00,1.142105,1.14304,1.14195,1.142795,6003.2999370619655,14,0,False,False
2025-06-09 15:00:00-04:00,1.14263,1.14293,1.14229,1.14229,6447.5299381017685,15,0,False,False
2025-06-09 16:00:00-04:00,1.1423100000000002,1.142625,1.14187,1.14207,2861.69997202605,16,0,False,False
2025-06-09 17:00:00-04:00,1.14216,1.14232,1.14202,1.142155,1370.7199903726578,17,0,False,False
2025-06-09 18:00:00-04:00,1.142175,1.14236,1.142045,1.142315,1251.6299895495176,18,0,False,False
2025-06-09 19:00:00-04:00,1.14228,1.1428449999999999,1.142055,1.1426349999999998,1656.5999836102128,19,0,False,False
2025-06-09 20:00:00-04:00,1.14259,1.14356,1.142235,1.1424400000000001,5885.19991504401,20,0,False,False
2025-06-09 21:00:00-04:00,1.14237,1.14277,1.13958,1.139685,11022.659880526364,21,0,False,False
2025-06-09 22:00:00-04:00,1.13889,1.140025,1.13866,1.1399,12488.689880028367,22,0,False,False
2025-06-09 23:00:00-04:00,1.1396950000000001,1.14044,1.1392799999999998,1.14032,10654.009902268648,23,0,False,False
2025-06-10 00:00:00-04:00,1.1402649999999999,1.1403750000000001,1.139205,1.13997,7014.7099357023835,0,0,True,False
2025-06-10 01:00:00-04:00,1.13998,1.1412499999999999,1.13985,1.140525,14146.679875589907,1,0,True,False
2025-06-10 02:00:00-04:00,1.140175,1.14128,1.139255,1.1394549999999999,18240.359903730452,2,0,True,False
2025-06-10 03:00:00-04:00,1.13974,1.13983,1.137445,1.1392250000000002,16244.16990250349,3,0,True,False
2025-06-10 04:00:00-04:00,1.139525,1.141035,1.139525,1.140825,13234.439917698503,4,0,True,False
2025-06-10 05:00:00-04:00,1.140705,1.1417950000000001,1.14044,1.1416849999999998,10426.599942043424,5,0,False,False
2025-06-10 06:00:00-04:00,1.141635,1.14248,1.1411850000000001,1.14237,8700.619940951467,6,0,False,False
2025-06-10 07:00:00-04:00,1.14237,1.143335,1.14194,1.142915,10220.059945844114,7,0,False,False
2025-06-10 08:00:00-04:00,1.1433550000000001,1.14391,1.1425649999999998,1.14322,11268.059956088662,8,0,False,False
2025-06-10 09:00:00-04:00,1.1433149999999999,1.14458,1.1433149999999999,1.1442899999999998,13670.52994453162,9,0,False,False
2025-06-10 10:00:00-04:00,1.1444100000000001,1.1444100000000001,1.1421999999999999,1.1425800000000002,12429.819957390428,10,0,False,True
2025-06-10 11:00:00-04:00,1.14259,1.142735,1.14169,1.14226,11092.179900154471,11,0,False,False
2025-06-10 12:00:00-04:00,1.142355,1.1426500000000002,1.14169,1.142355,6394.939925357699,12,0,False,False
2025-06-10 13:00:00-04:00,1.14234,1.1428699999999998,1.141775,1.142305,4547.149945981801,13,0,False,False
2025-06-10 14:00:00-04:00,1.142195,1.142455,1.14171,1.142035,6668.189936742187,14,0,False,False
2025-06-10 15:00:00-04:00,1.1419899999999998,1.14354,1.1419549999999998,1.14261,7022.129928380251,15,0,False,False
2025-06-10 16:00:00-04:00,1.142545,1.14297,1.14201,1.14245,5282.139962032437,16,0,False,False
2025-06-10 17:00:00-04:00,1.1425100000000001,1.14275,1.14229,1.14253,6049.149931319058,17,0,False,False
2025-06-10 18:00:00-04:00,1.1425,1.14293,1.142445,1.142865,2579.279974669218,18,0,False,False
2025-06-10 19:00:00-04:00,1.1428,1.1439,1.142315,1.14375,5147.90992937237,19,0,False,False
2025-06-10 20:00:00-04:00,1.14356,1.143885,1.142105,1.142105,8383.769870884717,20,0,False,False
2025-06-10 21:00:00-04:00,1.1421350000000001,1.14266,1.1407150000000001,1.140855,6274.369900308549,21,0,False,False
2025-06-10 22:00:00-04:00,1.14086,1.1417950000000001,1.14076,1.141555,5974.349909715354,22,0,False,False
2025-06-10 23:00:00-04:00,1.14141,1.1417350000000002,1.1411950000000002,1.141635,4028.099938057363,23,0,False,False
2025-06-11 00:00:00-04:00,1.14146,1.14178,1.14134,1.141575,6483.639930933714,0,0,True,False
2025-06-11 01:00:00-04:00,1.14151,1.142235,1.1414,1.1422249999999998,6565.219934925437,1,0,True,False
2025-06-11 02:00:00-04:00,1.142235,1.142235,1.14079,1.141005,9165.949948452413,2,0,True,False
2025-06-11 03:00:00-04:00,1.1409699999999998,1.142355,1.140555,1.141965,11167.52994646877,3,0,True,False
2025-06-11 04:00:00-04:00,1.14191,1.143805,1.14191,1.143095,8619.019964367151,4,0,True,False
2025-06-11 05:00:00-04:00,1.1431749999999998,1.144495,1.1431749999999998,1.14349,8953.749963842332,5,0,False,False
2025-06-11 06:00:00-04:00,1.143555,1.14408,1.143395,1.14383,6756.229964599013,6,0,False,False
2025-06-11 07:00:00-04:00,1.14383,1.14399,1.142725,1.143275,9274.149974130094,7,0,False,False
2025-06-11 08:00:00-04:00,1.14307,1.14883,1.14307,1.14607,27887.78982284665,8,0,False,False
2025-06-11 09:00:00-04:00,1.1459000000000001,1.1472449999999998,1.145615,1.14702,18297.639917373657,9,0,False,False
2025-06-11 10:00:00-04:00,1.14727,1.14852,1.1469399999999998,1.1481750000000002,14999.479920461774,10,0,False,True
2025-06-11 11:00:00-04:00,1.148075,1.148995,1.1476350000000002,1.14894,15814.899851202965,11,0,False,False
2025-06-11 12:00:00-04:00,1.14885,1.1495950000000001,1.148285,1.148975,10079.669883221388,12,0,False,False
2025-06-11 13:00:00-04:00,1.1488900000000002,1.1498300000000001,1.1488900000000002,1.1497449999999998,6288.809916071594,13,0,False,False
2025-06-11 14:00:00-04:00,1.1497950000000001,1.14992,1.1484450000000002,1.148625,9579.359875790775,14,0,False,False
2025-06-11 15:00:00-04:00,1.148495,1.14867,1.14797,1.148285,5082.9199257567525,15,0,False,False
2025-06-11 16:00:00-04:00,1.1483599999999998,1.148895,1.1481249999999998,1.1488,5160.789938628674,16,0,False,False
2025-06-11 17:00:00-04:00,1.1486450000000001,1.148835,1.148505,1.148835,2159.539976477623,17,0,False,False
2025-06-11 18:00:00-04:00,1.1491099999999999,1.15075,1.1491099999999999,1.150595,5705.429957360029,18,0,False,False
2025-06-11 19:00:00-04:00,1.15076,1.15125,1.1505299999999998,1.151025,8519.689926244318,19,0,False,False
2025-06-11 20:00:00-04:00,1.15117,1.152585,1.15032,1.15214,10975.239863976836,20,0,False,False
2025-06-11 21:00:00-04:00,1.151825,1.152885,1.151605,1.15189,10165.91986041516,21,0,False,False
2025-06-11 22:00:00-04:00,1.1516199999999999,1.151675,1.15079,1.151145,8858.57988549769,22,0,False,False
2025-06-11 23:00:00-04:00,1.1511149999999999,1.152205,1.1511149999999999,1.1519750000000002,6154.72991464287,23,0,False,False
2025-06-12 00:00:00-04:00,1.151875,1.151875,1.151275,1.151545,6154.049918293953,0,0,True,False
2025-06-12 01:00:00-04:00,1.15138,1.15324,1.15115,1.1528049999999999,10258.849890090525,1,0,True,False
2025-06-12 02:00:00-04:00,1.1528100000000001,1.1531449999999999,1.15128,1.1522350000000001,14138.029885403812,2,0,True,False
2025-06-12 03:00:00-04:00,1.15176,1.152765,1.150805,1.1526450000000001,14901.839900784194,3,0,True,False
2025-06-12 04:00:00-04:00,1.152615,1.15464,1.1523750000000001,1.1544400000000001,15846.529920957983,4,0,True,False
2025-06-12 05:00:00-04:00,1.15436,1.1584150000000002,1.15414,1.1572149999999999,19258.969913862646,5,0,False,False
2025-06-12 06:00:00-04:00,1.156895,1.1602350000000001,1.156835,1.1593,23396.569873414934,6,0,False,False
2025-06-12 07:00:00-04:00,1.159565,1.1605500000000002,1.15856,1.1589550000000002,17290.699925825,7,0,False,False
2025-06-12 08:00:00-04:00,1.15882,1.1628,1.15882,1.160995,22897.919856242836,8,0,False,False
2025-06-12 09:00:00-04:00,1.161375,1.161505,1.1582050000000002,1.15849,19511.649892419577,9,0,False,False
2025-06-12 10:00:00-04:00,1.158455,1.15891,1.158015,1.15821,15682.089900113642,10,0,False,True
2025-06-12 11:00:00-04:00,1.158195,1.1583899999999998,1.156765,1.157705,17112.50981027633,11,0,False,False
2025-06-12 12:00:00-04:00,1.15741,1.15784,1.15676,1.1576149999999998,13063.98983103782,12,0,False,False
2025-06-12 13:00:00-04:00,1.15737,1.1577600000000001,1.156435,1.157515,7931.819890372455,13,0,False,False
2025-06-12 14:00:00-04:00,1.15732,1.157975,1.15708,1.1577700000000002,5463.419929325581,14,0,False,False
2025-06-12 15:00:00-04:00,1.15755,1.1580249999999999,1.1575,1.15762,7024.9999210089445,15,0,False,False
2025-06-12 16:00:00-04:00,1.157625,1.1587399999999999,1.157625,1.1584249999999998,5325.669970072806,16,0,False,False
2025-06-12 17:00:00-04:00,1.15843,1.1588500000000002,1.15827,1.1588500000000002,1637.8099872767925,17,0,False,False
2025-06-12 18:00:00-04:00,1.158825,1.159265,1.15877,1.15899,2843.8499510362744,18,0,False,False
2025-06-12 19:00:00-04:00,1.1587200000000002,1.160875,1.1587200000000002,1.160875,4910.709953457117,19,0,False,False
2025-06-12 20:00:00-04:00,1.160575,1.1610800000000001,1.15397,1.1558700000000002,42543.43947605044,20,0,False,False
2025-06-12 21:00:00-04:00,1.154765,1.15538,1.15387,1.15485,24348.92958868295,21,0,False,False
2025-06-12 22:00:00-04:00,1.154875,1.15564,1.1538,1.1545100000000001,14074.799779303372,22,0,False,False
2025-06-12 23:00:00-04:00,1.154075,1.15418,1.152895,1.153735,15365.829761557281,23,0,False,False
2025-06-13 00:00:00-04:00,1.153635,1.154015,1.1517499999999998,1.1525150000000002,11226.959825024009,0,0,True,False
2025-06-13 01:00:00-04:00,1.1524649999999999,1.153585,1.15122,1.15296,13201.169818527997,1,0,True,False
2025-06-13 02:00:00-04:00,1.153335,1.15438,1.1527,1.154235,25434.89979750663,2,0,True,False
2025-06-13 03:00:00-04:00,1.15428,1.1560199999999998,1.153545,1.1535600000000001,19164.579863101244,3,0,True,False
2025-06-13 04:00:00-04:00,1.153405,1.15448,1.15262,1.152865,12939.73990675062,4,0,True,False
2025-06-13 05:00:00-04:00,1.15326,1.1534849999999999,1.1518950000000001,1.1523599999999998,13757.239875599742,5,0,False,False
2025-06-13 06:00:00-04:00,1.15251,1.1528200000000002,1.14912,1.1504699999999999,16104.859902575612,6,0,False,False
2025-06-13 07:00:00-04:00,1.15049,1.1510099999999999,1.14927,1.1510099999999999,15901.499890707433,7,0,False,False
2025-06-13 08:00:00-04:00,1.1509800000000001,1.15221,1.15086,1.15164,13412.469931215048,8,0,False,False
2025-06-13 09:00:00-04:00,1.15173,1.15274,1.150415,1.15235,14959.599932022393,9,0,False,False
2025-06-13 10:00:00-04:00,1.1525249999999998,1.154555,1.15246,1.154455,16565.94993492216,10,0,False,True
2025-06-13 11:00:00-04:00,1.154415,1.15672,1.1540050000000002,1.1556199999999999,16062.28984566778,11,0,False,False
2025-06-13 12:00:00-04:00,1.155885,1.1565400000000001,1.1553200000000001,1.15545,10072.589876241982,12,0,False,False
2025-06-13 13:00:00-04:00,1.15522,1.155485,1.1537549999999999,1.1549200000000002,8546.869893342257,13,0,False,False
2025-06-13 14:00:00-04:00,1.154915,1.1550150000000001,1.153515,1.1541350000000001,12065.369845986366,14,0,False,False
2025-06-13 15:00:00-04:00,1.15401,1.1551399999999998,1.153695,1.1550099999999999,7159.60990101099,15,0,False,False
2025-06-13 16:00:00-04:00,1.1547749999999999,1.15522,1.153885,1.15501,7371.149905331433,16,0,False,False
2025-06-15 17:00:00-04:00,1.15292,1.1537000000000002,1.15285,1.1534,1010.1299961209297,17,0,False,False
2025-06-15 18:00:00-04:00,1.153005,1.15468,1.15267,1.15411,15831.839805401862,18,0,False,False
2025-06-15 19:00:00-04:00,1.1540750000000002,1.1541549999999998,1.1528,1.153785,8622.389891430736,19,0,False,False
2025-06-15 20:00:00-04:00,1.153815,1.15452,1.1531099999999999,1.1534650000000002,12085.75979989767,20,0,False,False
2025-06-15 21:00:00-04:00,1.1534,1.1543649999999999,1.1532399999999998,1.1532399999999998,13340.279796749353,21,0,False,False
2025-06-15 22:00:00-04:00,1.153165,1.153605,1.1526999999999998,1.1530550000000002,12717.469792112708,22,0,False,False
2025-06-15 23:00:00-04:00,1.153,1.15346,1.1525349999999999,1.15274,10865.459825463593,23,0,False,False
2025-06-16 00:00:00-04:00,1.1529699999999998,1.15369,1.15294,1.15359,6188.569900020957,0,0,True,False
2025-06-16 01:00:00-04:00,1.153715,1.156185,1.153715,1.1556950000000001,12905.7498228997,1,0,True,False
2025-06-16 02:00:00-04:00,1.155755,1.157435,1.15419,1.157365,20994.56978867948,2,0,True,False
2025-06-16 03:00:00-04:00,1.157195,1.158665,1.1568450000000001,1.15788,15594.269821889699,3,0,True,False
2025-06-16 04:00:00-04:00,1.1578149999999998,1.1584400000000001,1.15759,1.15787,12305.48985862732,4,0,True,False
2025-06-16 05:00:00-04:00,1.1577899999999999,1.158415,1.1576499999999998,1.158415,12593.069917559624,5,0,False,False
2025-06-16 06:00:00-04:00,1.1583450000000002,1.15859,1.1573449999999998,1.157535,10192.799964100122,6,0,False,False
2025-06-16 07:00:00-04:00,1.157575,1.1583,1.15701,1.157295,8281.419954143465,7,0,False,False
2025-06-16 08:00:00-04:00,1.1573449999999998,1.1584050000000001,1.1571449999999999,1.1584050000000001,12151.339935794473,8,0,False,False
2025-06-16 09:00:00-04:00,1.15875,1.16033,1.158645,1.1601249999999999,17305.499912306666,9,0,False,False
2025-06-16 10:00:00-04:00,1.16033,1.1613250000000002,1.15913,1.15913,20105.50987520069,10,0,False,True
2025-06-16 11:00:00-04:00,1.15896,1.159285,1.157975,1.158015,14302.159853674471,11,0,False,False
2025-06-16 12:00:00-04:00,1.158395,1.1585649999999998,1.157875,1.1583999999999999,8955.67989128083,12,0,False,False
2025-06-16 13:00:00-04:00,1.158425,1.15843,1.157365,1.157805,6777.619918718934,13,0,False,False
2025-06-16 14:00:00-04:00,1.157845,1.158145,1.1574149999999999,1.158,9544.04990849644,14,0,False,False
2025-06-16 15:00:00-04:00,1.1576650000000002,1.15775,1.1555149999999998,1.155565,7467.079910606146,15,0,False,False
2025-06-16 16:00:00-04:00,1.155485,1.15636,1.155485,1.156125,4001.629965633154,16,0,False,False
2025-06-16 17:00:00-04:00,1.15603,1.15653,1.15603,1.1563750000000002,3448.009984061122,17,0,False,False
2025-06-16 18:00:00-04:00,1.1560549999999998,1.15622,1.1554,1.155605,6270.399094827473,18,0,False,False
2025-06-16 19:00:00-04:00,1.155645,1.156065,1.15507,1.155375,5866.969913199544,19,0,False,False
2025-06-16 20:00:00-04:00,1.15509,1.155195,1.1544750000000001,1.154995,17660.619801960886,20,0,False,False
2025-06-16 21:00:00-04:00,1.155015,1.15599,1.155015,1.155435,11612.699841916561,21,0,False,False
2025-06-16 22:00:00-04:00,1.15525,1.1559650000000001,1.1547,1.155875,10098.819870121777,22,0,False,False
2025-06-16 23:00:00-04:00,1.155805,1.1562700000000001,1.1557149999999998,1.156215,13926.039823547006,23,0,False,False
2025-06-17 00:00:00-04:00,1.1562299999999999,1.15664,1.156045,1.15611,8665.569888785481,0,0,True,False
2025-06-17 01:00:00-04:00,1.15619,1.15652,1.155275,1.15581,10306.729877740145,1,0,True,False
2025-06-17 02:00:00-04:00,1.1555849999999999,1.15699,1.15538,1.1562299999999999,12743.149943485856,2,0,True,False
2025-06-17 03:00:00-04:00,1.156085,1.156285,1.1547450000000001,1.1558000000000002,15751.219982750714,3,0,True,False
2025-06-17 04:00:00-04:00,1.15586,1.1559400000000002,1.15511,1.1552,9657.259950555861,4,0,True,False
2025-06-17 05:00:00-04:00,1.155805,1.156085,1.15515,1.155675,11286.669948250055,5,0,False,False
2025-06-17 06:00:00-04:00,1.155735,1.1568200000000002,1.155545,1.1568200000000002,8607.759956508875,6,0,False,False
2025-06-17 07:00:00-04:00,1.156795,1.15733,1.1559249999999999,1.156175,10524.359952285886,7,0,False,False
2025-06-17 08:00:00-04:00,1.15626,1.157245,1.1550349999999998,1.1550449999999999,16480.32992567867,8,0,False,False
2025-06-17 09:00:00-04:00,1.15536,1.1568800000000001,1.1553149999999999,1.15589,15017.879960119724,9,0,False,False
2025-06-17 10:00:00-04:00,1.1559050000000002,1.1560700000000002,1.15115,1.15267,19068.27991000563,10,0,False,True
2025-06-17 11:00:00-04:00,1.1528,1.153475,1.151885,1.153425,15690.98987454176,11,0,False,False
2025-06-17 12:00:00-04:00,1.1535350000000002,1.1538499999999998,1.15,1.150285,13273.8398559317,12,0,False,False
2025-06-17 13:00:00-04:00,1.1505649999999998,1.1506949999999998,1.14809,1.14865,22620.77978580445,13,0,False,False
2025-06-17 14:00:00-04:00,1.148545,1.14885,1.1476199999999999,1.1479599999999999,13626.679886110127,14,0,False,False
2025-06-17 15:00:00-04:00,1.1478899999999999,1.148865,1.14777,1.14846,10106.259897261858,15,0,False,False
2025-06-17 16:00:00-04:00,1.148415,1.148475,1.1475,1.1480199999999998,5616.3699433505535,16,0,False,False
2025-06-17 17:00:00-04:00,1.14806,1.1488200000000002,1.14806,1.1482100000000002,1702.9099873453379,17,0,False,False
2025-06-17 18:00:00-04:00,1.148215,1.14838,1.147515,1.147515,3126.841966472566,18,0,False,False
2025-06-17 19:00:00-04:00,1.14759,1.14824,1.14759,1.148195,2892.349961861968,19,0,False,False
2025-06-17 20:00:00-04:00,1.1483050000000001,1.1496149999999998,1.148095,1.149235,13064.519800901413,20,0,False,False
2025-06-17 21:00:00-04:00,1.14934,1.149995,1.14907,1.149695,18631.42983379215,21,0,False,False
2025-06-17 22:00:00-04:00,1.14959,1.15007,1.149375,1.149775,7758.469885207713,22,0,False,False
2025-06-17 23:00:00-04:00,1.1498750000000002,1.150445,1.14966,1.1499899999999998,6076.729913249612,23,0,False,False
2025-06-18 00:00:00-04:00,1.1498650000000001,1.150735,1.14969,1.15057,6365.4199200719595,0,0,True,False
2025-06-18 01:00:00-04:00,1.1504850000000002,1.150655,1.150085,1.1504400000000001,5899.6199101135135,1,0,True,False
2025-06-18 02:00:00-04:00,1.1507399999999999,1.151485,1.1501700000000001,1.15104,15576.899888791144,2,0,True,False
2025-06-18 03:00:00-04:00,1.151135,1.152205,1.151135,1.151335,11660.049943566322,3,0,True,False
2025-06-18 04:00:00-04:00,1.1513300000000002,1.15157,1.1498599999999999,1.15022,9128.069948390126,4,0,True,False
2025-06-18 05:00:00-04:00,1.150215,1.150965,1.1497950000000001,1.1503700000000001,8360.669928401709,5,0,False,False
2025-06-18 06:00:00-04:00,1.150315,1.15102,1.149205,1.14937,7166.209946073592,6,0,False,False
2025-06-18 07:00:00-04:00,1.1492399999999998,1.15076,1.1492399999999998,1.1507450000000001,8334.169957973063,7,0,False,False
2025-06-18 08:00:00-04:00,1.15059,1.15149,1.15021,1.150605,11512.35992757231,8,0,False,False
2025-06-18 09:00:00-04:00,1.1504699999999999,1.150865,1.14887,1.14887,13116.889963805676,9,0,False,False
2025-06-18 10:00:00-04:00,1.14867,1.151955,1.14867,1.15073,24757.54992339015,10,0,False,True
2025-06-18 11:00:00-04:00,1.150655,1.152965,1.150655,1.1520350000000001,13642.409873344004,11,0,False,False
2025-06-18 12:00:00-04:00,1.1521949999999999,1.15241,1.150175,1.1503100000000002,8546.06989505887,12,0,False,False
2025-06-18 13:00:00-04:00,1.150335,1.150875,1.1488550000000002,1.14985,9416.359898403287,13,0,False,False
2025-06-18 14:00:00-04:00,1.1512,1.151875,1.1475,1.1475,42363.94954254478,14,0,False,False
2025-06-18 15:00:00-04:00,1.14713,1.14849,1.1461999999999999,1.14745,33528.67960855365,15,0,False,False
2025-06-18 16:00:00-04:00,1.147255,1.148405,1.147255,1.1480299999999999,6824.249923825264,16,0,False,False
2025-06-18 17:00:00-04:00,1.14801,1.14833,1.147805,1.14829,2469.3699756339192,17,0,False,False
2025-06-18 18:00:00-04:00,1.1481949999999999,1.1488800000000001,1.147575,1.1480299999999999,3792.64994879812,18,0,False,False
2025-06-18 19:00:00-04:00,1.147895,1.14815,1.147225,1.147605,4501.349933616817,19,0,False,False
2025-06-18 20:00:00-04:00,1.1476899999999999,1.14835,1.1474600000000001,1.148095,13507.089761957526,20,0,False,False
2025-06-18 21:00:00-04:00,1.148065,1.148065,1.14532,1.14532,18078.089757740498,21,0,False,False
2025-06-18 22:00:00-04:00,1.14546,1.1458,1.145095,1.1455250000000001,9757.759879335761,22,0,False,False
2025-06-18 23:00:00-04:00,1.1455600000000001,1.1467749999999999,1.14538,1.146595,6506.739927425981,23,0,False,False
2025-06-19 00:00:00-04:00,1.146585,1.146915,1.146345,1.146915,4712.329930283129,0,0,True,False
2025-06-19 01:00:00-04:00,1.146865,1.146885,1.14512,1.145655,8096.4298928231,1,0,True,False
2025-06-19 02:00:00-04:00,1.145715,1.1467299999999998,1.144705,1.146675,11228.289904378355,2,0,True,False
2025-06-19 03:00:00-04:00,1.14663,1.1476250000000001,1.1461100000000002,1.146175,13873.399906948209,3,0,True,False
2025-06-19 04:00:00-04:00,1.145865,1.14784,1.145865,1.147675,15312.489894658327,4,0,True,False
2025-06-19 05:00:00-04:00,1.147745,1.1479249999999999,1.1470150000000001,1.147555,9520.739933520555,5,0,False,False
2025-06-19 06:00:00-04:00,1.1475499999999998,1.14783,1.1470449999999999,1.147365,9518.879934482276,6,0,False,False
2025-06-19 07:00:00-04:00,1.14713,1.148705,1.146825,1.14811,11933.35993668437,7,0,False,False
2025-06-19 08:00:00-04:00,1.14798,1.148445,1.14704,1.14777,10501.669948585331,8,0,False,False
2025-06-19 09:00:00-04:00,1.1476,1.14831,1.1472250000000002,1.147275,10491.039949461818,9,0,False,False
2025-06-19 10:00:00-04:00,1.1474250000000001,1.1480549999999998,1.14628,1.146855,12086.429941885173,10,0,False,True
2025-06-19 11:00:00-04:00,1.1470099999999999,1.14718,1.1459899999999998,1.1459899999999998,7548.9399261549115,11,0,False,False
2025-06-19 12:00:00-04:00,1.1458499999999998,1.146075,1.145495,1.145665,3677.349954560399,12,0,False,False
2025-06-19 13:00:00-04:00,1.145565,1.14816,1.145565,1.14791,3917.6999584510922,13,0,False,False
2025-06-19 14:00:00-04:00,1.1477849999999998,1.148685,1.147745,1.148515,3203.649970382452,14,0,False,False
2025-06-19 15:00:00-04:00,1.14846,1.14997,1.14846,1.14978,5208.379959017038,15,0,False,False
2025-06-19 16:00:00-04:00,1.14959,1.14994,1.1492499999999999,1.149635,3593.549978233874,16,0,False,False
2025-06-19 17:00:00-04:00,1.1496,1.14977,1.149405,1.1494849999999999,1635.1099802702665,17,0,False,False
2025-06-19 18:00:00-04:00,1.149565,1.14999,1.149285,1.1497600000000001,5194.419929392636,18,0,False,False
2025-06-19 19:00:00-04:00,1.14977,1.15117,1.1497600000000001,1.15117,4774.489939242601,19,0,False,False
2025-06-19 20:00:00-04:00,1.15117,1.152345,1.15115,1.152275,10750.559809699655,20,0,False,False
2025-06-19 21:00:00-04:00,1.152135,1.152275,1.151345,1.151345,13280.009816244245,21,0,False,False
2025-06-19 22:00:00-04:00,1.15126,1.1521599999999999,1.1511550000000002,1.151825,10215.029853880405,22,0,False,False
2025-06-19 23:00:00-04:00,1.1517,1.1529850000000001,1.151605,1.1529500000000001,10757.689858920872,23,0,False,False
2025-06-20 00:00:00-04:00,1.152885,1.15323,1.152525,1.152705,8244.32992451638,0,0,True,False
2025-06-20 01:00:00-04:00,1.152815,1.1528450000000001,1.1519650000000001,1.1527599999999998,9542.32992940396,1,0,True,False
2025-06-20 02:00:00-04:00,1.15244,1.152865,1.151485,1.151665,13880.539862446487,2,0,True,False
2025-06-20 03:00:00-04:00,1.1513550000000001,1.1518950000000001,1.15111,1.1516549999999999,12368.719959586859,3,0,True,False
2025-06-20 04:00:00-04:00,1.1517499999999998,1.1524450000000002,1.1512449999999999,1.1522700000000001,7992.009931340814,4,0,True,False
2025-06-20 05:00:00-04:00,1.152165,1.15282,1.151985,1.152695,7128.019935242832,5,0,False,False
2025-06-20 06:00:00-04:00,1.152745,1.1534149999999999,1.152315,1.1524100000000002,6497.389965936542,6,0,False,False
2025-06-20 07:00:00-04:00,1.152205,1.1525,1.15136,1.15212,9326.479952521622,7,0,False,False
2025-06-20 08:00:00-04:00,1.15186,1.1525750000000001,1.15067,1.15128,15288.519912786782,8,0,False,False
2025-06-20 09:00:00-04:00,1.15134,1.1520450000000002,1.1509200000000002,1.15184,11966.2099410519,9,0,False,False
2025-06-20 10:00:00-04:00,1.151875,1.151875,1.1497199999999999,1.151375,14812.089927561581,10,0,False,True
2025-06-20 11:00:00-04:00,1.151605,1.1528749999999999,1.15117,1.1519650000000001,12670.029880069196,11,0,False,False
2025-06-20 12:00:00-04:00,1.152225,1.1536499999999998,1.15221,1.1535950000000001,7550.289926894009,12,0,False,False
2025-06-20 13:00:00-04:00,1.153605,1.15433,1.153235,1.153235,7027.979933917522,13,0,False,False
2025-06-20 14:00:00-04:00,1.1531799999999999,1.1536849999999998,1.15273,1.1528749999999999,5141.879944905639,14,0,False,False
2025-06-20 15:00:00-04:00,1.152895,1.1531449999999999,1.151585,1.151595,5149.109943494201,15,0,False,False
2025-06-20 16:00:00-04:00,1.1514600000000002,1.1522549999999998,1.1514600000000002,1.15212,4507.819967895746,16,0,False,False
2025-06-22 17:00:00-04:00,1.145775,1.14745,1.1457549999999999,1.14745,1681.606170013547,17,0,False,False
2025-06-22 18:00:00-04:00,1.147875,1.149405,1.147875,1.148915,14062.679809771478,18,0,False,False
2025-06-22 19:00:00-04:00,1.148875,1.15073,1.148675,1.14998,5956.299919500947,19,0,False,False
2025-06-22 20:00:00-04:00,1.15036,1.1504699999999999,1.1482649999999999,1.1489349999999998,13331.959801658988,20,0,False,False
2025-06-22 21:00:00-04:00,1.1489449999999999,1.1492200000000001,1.147345,1.1492200000000001,13634.409795679152,21,0,False,False
2025-06-22 22:00:00-04:00,1.1495250000000001,1.15064,1.1495250000000001,1.149965,12935.449820026755,22,0,False,False
2025-06-22 23:00:00-04:00,1.15009,1.150115,1.1492900000000001,1.1494,8672.079878158867,23,0,False,False
2025-06-23 00:00:00-04:00,1.1493950000000002,1.1495600000000001,1.14862,1.149065,6974.979892447591,0,0,True,False
2025-06-23 01:00:00-04:00,1.149175,1.151405,1.149175,1.151325,10911.71984552592,1,0,True,False
2025-06-23 02:00:00-04:00,1.151775,1.15199,1.15042,1.150725,13764.229804292321,2,0,True,False
2025-06-23 03:00:00-04:00,1.151325,1.151325,1.149235,1.149885,17324.715813800693,3,0,True,False
2025-06-23 04:00:00-04:00,1.14999,1.14999,1.1481400000000002,1.1481750000000002,13464.83980705589,4,0,True,False
2025-06-23 05:00:00-04:00,1.14822,1.14825,1.14543,1.147215,19115.769788838923,5,0,False,False
2025-06-23 06:00:00-04:00,1.14692,1.148035,1.1460249999999998,1.146265,14651.359827876091,6,0,False,False
2025-06-23 07:00:00-04:00,1.14646,1.14737,1.1461800000000002,1.147275,12197.099853880703,7,0,False,False
2025-06-23 08:00:00-04:00,1.1473499999999999,1.1476250000000001,1.145715,1.146765,10863.299850836396,8,0,False,False
2025-06-23 09:00:00-04:00,1.146535,1.149265,1.14652,1.148975,21123.159827888012,9,0,False,False
2025-06-23 10:00:00-04:00,1.1501350000000001,1.153965,1.1501350000000001,1.153085,35217.909755550325,10,0,False,True
2025-06-23 11:00:00-04:00,1.15293,1.154965,1.15293,1.15374,20247.569803901017,11,0,False,False
2025-06-23 12:00:00-04:00,1.15381,1.155475,1.152275,1.15449,19822.999874025583,12,0,False,False
2025-06-23 13:00:00-04:00,1.15432,1.15719,1.154285,1.156935,22201.559936709702,13,0,False,False
2025-06-23 14:00:00-04:00,1.1572550000000001,1.157775,1.1567699999999999,1.1574300000000002,13862.10991499573,14,0,False,False
2025-06-23 15:00:00-04:00,1.1574900000000001,1.15786,1.157095,1.15786,6820.549919635057,15,0,False,False
2025-06-23 16:00:00-04:00,1.15758,1.15812,1.15758,1.1576650000000002,4037.749959103763,16,0,False,False
2025-06-23 17:00:00-04:00,1.157855,1.15791,1.15769,1.1577549999999999,2779.3699912652373,17,0,False,False
2025-06-23 18:00:00-04:00,1.15757,1.1601249999999999,1.157495,1.159255,11262.199864044785,18,0,False,False
2025-06-23 19:00:00-04:00,1.15869,1.160765,1.15869,1.159815,10534.529910728335,19,0,False,False
2025-06-23 20:00:00-04:00,1.159945,1.1607,1.1589900000000002,1.159925,14325.009791627526,20,0,False,False
2025-06-23 21:00:00-04:00,1.159635,1.1605400000000001,1.15903,1.1590850000000001,12683.179852582514,21,0,False,False
2025-06-23 22:00:00-04:00,1.159265,1.1600899999999998,1.158845,1.160025,6719.099899344146,22,0,False,False
2025-06-23 23:00:00-04:00,1.16008,1.16095,1.16007,1.1605750000000001,6553.069919511676,23,0,False,False
2025-06-24 00:00:00-04:00,1.160525,1.161365,1.160285,1.16064,7217.06991507858,0,0,True,False
2025-06-24 01:00:00-04:00,1.160405,1.16139,1.160205,1.1610900000000002,10591.049886129797,1,0,True,False
2025-06-24 02:00:00-04:00,1.1611600000000002,1.1620499999999998,1.160275,1.16053,18171.919895887375,2,0,True,False
2025-06-24 03:00:00-04:00,1.1601949999999999,1.1609500000000001,1.15832,1.1592,20437.00986082852,3,0,True,False
2025-06-24 04:00:00-04:00,1.159305,1.159835,1.158555,1.1592600000000002,12879.839922145009,4,0,True,False
2025-06-24 05:00:00-04:00,1.1592449999999999,1.1617549999999999,1.1592449999999999,1.160975,10904.669956989586,5,0,False,False
2025-06-24 06:00:00-04:00,1.16082,1.16082,1.1594950000000002,1.159675,7148.249974384904,6,0,False,False
2025-06-24 07:00:00-04:00,1.1599,1.1614499999999999,1.15968,1.1608550000000002,8372.949969165027,7,0,False,False
2025-06-24 08:00:00-04:00,1.16053,1.1611099999999999,1.15983,1.16007,10952.619942739606,8,0,False,False
2025-06-24 09:00:00-04:00,1.16025,1.16025,1.158305,1.1591999999999998,13131.209934875369,9,0,False,False
2025-06-24 10:00:00-04:00,1.159235,1.1641849999999998,1.159235,1.1616900000000001,24769.12989258021,10,0,False,True
2025-06-24 11:00:00-04:00,1.1617250000000001,1.163445,1.16072,1.16072,20911.159894794226,11,0,False,False
2025-06-24 12:00:00-04:00,1.161015,1.16243,1.1605699999999999,1.1624050000000001,11732.649905912578,12,0,False,False
2025-06-24 13:00:00-04:00,1.162305,1.16315,1.162305,1.162605,10322.919932641089,13,0,False,False
2025-06-24 14:00:00-04:00,1.1627800000000001,1.162905,1.1620050000000002,1.1623649999999999,5458.309921339154,14,0,False,False
2025-06-24 15:00:00-04:00,1.162395,1.16247,1.1612550000000001,1.161275,4440.929952219129,15,0,False,False
2025-06-24 16:00:00-04:00,1.161155,1.161465,1.16087,1.16093,4920.349959298968,16,0,False,False
2025-06-24 17:00:00-04:00,1.16098,1.161445,1.160625,1.16103,3023.509987361729,17,0,False,False
2025-06-24 18:00:00-04:00,1.16106,1.161155,1.16046,1.1607750000000001,2699.7899683341384,18,0,False,False
2025-06-24 19:00:00-04:00,1.16086,1.16151,1.16086,1.16124,2025.5799652785063,19,0,False,False
2025-06-24 20:00:00-04:00,1.16155,1.162595,1.16155,1.162525,6147.889904730022,20,0,False,False
2025-06-24 21:00:00-04:00,1.162515,1.1630850000000001,1.1618849999999998,1.16287,12054.379871465266,21,0,False,False
2025-06-24 22:00:00-04:00,1.162895,1.162925,1.161845,1.162075,8991.459905155003,22,0,False,False
2025-06-24 23:00:00-04:00,1.16199,1.1623100000000002,1.16113,1.16119,7060.849931076169,23,0,False,False
2025-06-25 00:00:00-04:00,1.1612900000000002,1.1616849999999999,1.16126,1.1613850000000001,4051.0799477249384,0,0,True,False
2025-06-25 01:00:00-04:00,1.1612550000000001,1.161935,1.1609850000000002,1.16192,10388.849919341505,1,0,True,False
2025-06-25 02:00:00-04:00,1.16174,1.162195,1.1604999999999999,1.16072,9730.309928648174,2,0,True,False
2025-06-25 03:00:00-04:00,1.16055,1.16085,1.15931,1.159885,9505.89993289113,3,0,True,False
2025-06-25 04:00:00-04:00,1.1599949999999999,1.1610749999999999,1.1594099999999998,1.161,8460.18995835632,4,0,True,False
2025-06-25 05:00:00-04:00,1.1610550000000002,1.1610550000000002,1.159335,1.160075,8509.989968560636,5,0,False,False
2025-06-25 06:00:00-04:00,1.1601400000000002,1.1607750000000001,1.15977,1.1603750000000002,5941.22997622937,6,0,False,False
2025-06-25 07:00:00-04:00,1.16067,1.16127,1.1598600000000001,1.15994,7187.409974128008,7,0,False,False
2025-06-25 08:00:00-04:00,1.159815,1.160355,1.159075,1.1592850000000001,8886.649948000908,8,0,False,False
2025-06-25 09:00:00-04:00,1.15911,1.1605750000000001,1.15911,1.1601249999999999,8781.179949611425,9,0,False,False
2025-06-25 10:00:00-04:00,1.16025,1.1622949999999999,1.16025,1.162105,13817.23993755132,10,0,False,True
2025-06-25 11:00:00-04:00,1.162045,1.1629200000000002,1.1617250000000001,1.1619899999999999,10507.519901685417,11,0,False,False
2025-06-25 12:00:00-04:00,1.162485,1.1635149999999999,1.162485,1.1631,9222.069919854403,12,0,False,False
2025-06-25 13:00:00-04:00,1.162915,1.1643599999999998,1.162735,1.16426,7109.479939177632,13,0,False,False
2025-06-25 14:00:00-04:00,1.1643249999999998,1.1661000000000001,1.164245,1.1661000000000001,11239.999947629869,14,0,False,False
2025-06-25 15:00:00-04:00,1.166235,1.1664949999999998,1.165695,1.16584,5150.099946849048,15,0,False,False
2025-06-25 16:00:00-04:00,1.165845,1.1661000000000001,1.165145,1.16591,4908.249960236251,16,0,False,False
2025-06-25 17:00:00-04:00,1.165845,1.165845,1.16548,1.16562,2234.399993777275,17,0,False,False
2025-06-25 18:00:00-04:00,1.1657899999999999,1.16601,1.165625,1.165945,2393.1799690574408,18,0,False,False
2025-06-25 19:00:00-04:00,1.16627,1.16845,1.16627,1.16835,5834.7099295035005,19,0,False,False
2025-06-25 20:00:00-04:00,1.168425,1.168825,1.16804,1.16822,5956.529912620783,20,0,False,False
2025-06-25 21:00:00-04:00,1.1680199999999998,1.1687699999999999,1.16688,1.1686450000000002,7212.329902090132,21,0,False,False
2025-06-25 22:00:00-04:00,1.168675,1.16941,1.168245,1.16906,7688.16990917176,22,0,False,False
2025-06-25 23:00:00-04:00,1.1690049999999998,1.17133,1.16899,1.16947,9505.609881006181,23,0,False,False
2025-06-26 00:00:00-04:00,1.16923,1.16923,1.16795,1.167995,5962.179934516549,0,0,True,False
2025-06-26 01:00:00-04:00,1.167815,1.1685850000000002,1.167645,1.16853,6846.429917648435,1,0,True,False
2025-06-26 02:00:00-04:00,1.168415,1.1699549999999999,1.1672799999999999,1.1699549999999999,13489.499901205301,2,0,True,False
2025-06-26 03:00:00-04:00,1.16957,1.1712500000000001,1.169285,1.171035,13380.569906800985,3,0,True,False
2025-06-26 04:00:00-04:00,1.1707999999999998,1.17423,1.1707299999999998,1.17278,15356.939909033477,4,0,True,False
2025-06-26 05:00:00-04:00,1.172605,1.1728100000000001,1.171415,1.17253,10122.889935337007,5,0,False,False
2025-06-26 06:00:00-04:00,1.17255,1.17293,1.17137,1.1714950000000002,7672.96994856745,6,0,False,False
2025-06-26 07:00:00-04:00,1.17136,1.1713900000000002,1.16948,1.16948,10073.069937579334,7,0,False,False
2025-06-26 08:00:00-04:00,1.1694300000000002,1.17102,1.169065,1.17068,18814.99989504367,8,0,False,False
2025-06-26 09:00:00-04:00,1.17086,1.1720000000000002,1.16954,1.1717149999999998,16167.799902670085,9,0,False,False
2025-06-26 10:00:00-04:00,1.17109,1.171875,1.17072,1.17083,16626.949896268547,10,0,False,True
2025-06-26 11:00:00-04:00,1.17103,1.171725,1.16917,1.171685,12952.069888681173,11,0,False,False
2025-06-26 12:00:00-04:00,1.1715399999999998,1.173985,1.1711900000000002,1.17294,9185.899887256324,12,0,False,False
2025-06-26 13:00:00-04:00,1.172815,1.173175,1.1721849999999998,1.172495,8117.019912175834,13,0,False,False
2025-06-26 14:00:00-04:00,1.172445,1.1727599999999998,1.1718549999999999,1.1720549999999998,4344.9399339184165,14,0,False,False
2025-06-26 15:00:00-04:00,1.17199,1.172045,1.17045,1.17045,5508.979937955737,15,0,False,False
2025-06-26 16:00:00-04:00,1.170835,1.170835,1.1694300000000002,1.17005,4444.545955494046,16,0,False,False
2025-06-26 17:00:00-04:00,1.1699199999999998,1.170375,1.169345,1.16983,5520.005987301469,17,0,False,False
2025-06-26 18:00:00-04:00,1.1696499999999999,1.1696499999999999,1.168105,1.168315,4685.9399541169405,18,0,False,False
2025-06-26 19:00:00-04:00,1.1685949999999998,1.169725,1.1685949999999998,1.169315,4239.459950976074,19,0,False,False
2025-06-26 20:00:00-04:00,1.1694849999999999,1.1697199999999999,1.16893,1.1691850000000001,10211.369877241552,20,0,False,False
2025-06-26 21:00:00-04:00,1.1690550000000002,1.1703549999999998,1.168755,1.17014,9773.729868285358,21,0,False,False
2025-06-26 22:00:00-04:00,1.170045,1.17056,1.168685,1.16998,8114.179905541241,22,0,False,False
2025-06-26 23:00:00-04:00,1.1699549999999999,1.1708699999999999,1.1696,1.1696,6861.91990339756,23,0,False,False
2025-06-27 00:00:00-04:00,1.169505,1.169775,1.16851,1.16851,4185.549947805703,0,0,True,False
2025-06-27 01:00:00-04:00,1.1688200000000002,1.1692749999999998,1.168495,1.16891,4099.999934472144,1,0,True,False
2025-06-27 02:00:00-04:00,1.16893,1.171895,1.1684700000000001,1.171895,9514.119906499982,2,0,True,False
2025-06-27 03:00:00-04:00,1.1719,1.17262,1.170825,1.171465,9403.559933543205,3,0,True,False
2025-06-27 04:00:00-04:00,1.171655,1.17249,1.170915,1.1709550000000002,7817.399948336184,4,0,True,False
2025-06-27 05:00:00-04:00,1.17096,1.17111,1.17027,1.170935,6315.209955334663,5,0,False,False
2025-06-27 06:00:00-04:00,1.17103,1.1714250000000002,1.1701350000000001,1.1713900000000002,6582.999953575432,6,0,False,False
2025-06-27 07:00:00-04:00,1.171535,1.1719650000000001,1.1712099999999999,1.17142,6685.239959299564,7,0,False,False
2025-06-27 08:00:00-04:00,1.17113,1.1747999999999998,1.17035,1.1747049999999999,18517.48989304155,8,0,False,False
2025-06-27 09:00:00-04:00,1.1749049999999999,1.1749049999999999,1.1717149999999998,1.172845,16063.679892413318,9,0,False,False
2025-06-27 10:00:00-04:00,1.1729349999999998,1.17368,1.1706750000000001,1.171845,15907.959934487939,10,0,False,True
2025-06-27 11:00:00-04:00,1.1718950000000001,1.17298,1.171265,1.172365,9794.67990604788,11,0,False,False
2025-06-27 12:00:00-04:00,1.1722700000000001,1.1732049999999998,1.1718449999999998,1.1722299999999999,7168.989918857813,12,0,False,False
2025-06-27 13:00:00-04:00,1.17197,1.17233,1.16959,1.17022,12095.17986343056,13,0,False,False
2025-06-27 14:00:00-04:00,1.170395,1.170445,1.16886,1.16996,9882.909867815673,14,0,False,False
2025-06-27 15:00:00-04:00,1.17002,1.17083,1.17002,1.17068,7241.329938672483,15,0,False,False
2025-06-27 16:00:00-04:00,1.170775,1.1720899999999999,1.17076,1.1719,5442.1799523457885,16,0,False,False
2025-06-29 17:00:00-04:00,1.17305,1.1731449999999999,1.172335,1.1731449999999999,800.1399831473827,17,0,False,False
2025-06-29 18:00:00-04:00,1.17279,1.17328,1.172205,1.173015,6141.259903669357,18,0,False,False
2025-06-29 19:00:00-04:00,1.17312,1.17383,1.172645,1.17267,5339.6099485605955,19,0,False,False
2025-06-29 20:00:00-04:00,1.17278,1.17278,1.1716600000000001,1.171805,8171.519900545478,20,0,False,False
2025-06-29 21:00:00-04:00,1.1718199999999999,1.173435,1.171525,1.17204,9908.169894509017,21,0,False,False
2025-06-29 22:00:00-04:00,1.1723,1.173085,1.171885,1.1719249999999999,8709.379901461303,22,0,False,False
2025-06-29 23:00:00-04:00,1.1717849999999999,1.17218,1.171225,1.171235,4444.339943014085,23,0,False,False
2025-06-30 00:00:00-04:00,1.17137,1.1730450000000001,1.17137,1.1730450000000001,5161.469942472875,0,0,True,False
2025-06-30 01:00:00-04:00,1.1731850000000001,1.1737549999999999,1.172445,1.17263,7649.839908570051,1,0,True,False
2025-06-30 02:00:00-04:00,1.1726649999999998,1.17486,1.1721249999999999,1.1743299999999999,11569.719894900918,2,0,True,False
2025-06-30 03:00:00-04:00,1.17402,1.17402,1.172495,1.172495,11556.81991802156,3,0,True,False
2025-06-30 04:00:00-04:00,1.17226,1.17299,1.17176,1.172965,10655.979912616313,4,0,True,False
2025-06-30 05:00:00-04:00,1.1725949999999998,1.17321,1.17179,1.17196,7999.609943851829,5,0,False,False
2025-06-30 06:00:00-04:00,1.17178,1.17246,1.17167,1.17246,6360.579952970147,6,0,False,False
2025-06-30 07:00:00-04:00,1.1726299999999998,1.173095,1.1723,1.1723,6084.1399414762855,7,0,False,False
2025-06-30 08:00:00-04:00,1.1724999999999999,1.1724999999999999,1.17089,1.1713399999999998,14465.299934282899,8,0,False,False
2025-06-30 09:00:00-04:00,1.17137,1.17214,1.17122,1.17214,11636.549885861576,9,0,False,False
2025-06-30 10:00:00-04:00,1.17199,1.17479,1.1713,1.17388,19505.039791859686,10,0,False,True
2025-06-30 11:00:00-04:00,1.17378,1.17706,1.1737000000000002,1.17699,27253.419910758734,11,0,False,False
2025-06-30 12:00:00-04:00,1.17685,1.176865,1.175005,1.17627,13151.899891391397,12,0,False,False
2025-06-30 13:00:00-04:00,1.1763400000000002,1.17696,1.17611,1.1765949999999998,8132.529923662543,13,0,False,False
2025-06-30 14:00:00-04:00,1.176625,1.17795,1.176555,1.177585,5699.499925836921,14,0,False,False
2025-06-30 15:00:00-04:00,1.1773799999999999,1.177975,1.1773799999999999,1.177975,4413.0099436193705,15,0,False,False
2025-06-30 16:00:00-04:00,1.1779899999999999,1.17881,1.17793,1.17873,4399.03996539861,16,0,False,False
2025-06-30 17:00:00-04:00,1.17869,1.17869,1.1780599999999999,1.1781,3571.9399464428425,17,0,False,False
2025-06-30 18:00:00-04:00,1.17854,1.179065,1.178165,1.178595,4631.059932842851,18,0,False,False
2025-06-30 19:00:00-04:00,1.1786050000000001,1.178735,1.178355,1.1786400000000001,2679.3199513703585,19,0,False,False
2025-06-30 20:00:00-04:00,1.17883,1.179755,1.17877,1.179755,9447.18987441063,20,0,False,False
2025-06-30 21:00:00-04:00,1.1797499999999999,1.180275,1.177975,1.178045,9713.529897294939,21,0,False,False
2025-06-30 22:00:00-04:00,1.1779600000000001,1.1789100000000001,1.17791,1.1788150000000002,5977.699936054647,22,0,False,False
2025-06-30 23:00:00-04:00,1.17878,1.17937,1.17874,1.17895,5289.499951601028,23,0,False,False
2025-07-01 00:00:00-04:00,1.17904,1.179385,1.17829,1.17863,6793.329934746027,0,0,True,False
2025-07-01 01:00:00-04:00,1.1785299999999999,1.178895,1.1780499999999998,1.178665,4148.77995069325,1,0,True,False
2025-07-01 02:00:00-04:00,1.178315,1.17861,1.1776749999999998,1.17794,9704.949893712997,2,0,True,False
2025-07-01 03:00:00-04:00,1.1777799999999998,1.178665,1.176915,1.17861,11073.479861095548,3,0,True,False
2025-07-01 04:00:00-04:00,1.178375,1.18148,1.177535,1.180465,16236.679822802544,4,0,True,False
2025-07-01 05:00:00-04:00,1.18019,1.18261,1.1798099999999998,1.181375,14883.059853546321,5,0,False,False
2025-07-01 06:00:00-04:00,1.181555,1.18222,1.1811,1.181155,7603.929894186556,6,0,False,False
2025-07-01 07:00:00-04:00,1.181015,1.18187,1.1806800000000002,1.1814049999999998,7353.329896196723,7,0,False,False
2025-07-01 08:00:00-04:00,1.181565,1.181695,1.18028,1.18037,9114.489868149161,8,0,False,False
2025-07-01 09:00:00-04:00,1.18035,1.18093,1.1795550000000001,1.180335,14762.599840305746,9,0,False,False
2025-07-01 10:00:00-04:00,1.17932,1.18005,1.177565,1.17797,24758.68971081078,10,0,False,True
2025-07-01 11:00:00-04:00,1.177875,1.177875,1.1770299999999998,1.17759,13378.419842280447,11,0,False,False
2025-07-01 12:00:00-04:00,1.17732,1.177355,1.17618,1.176545,9665.609888248146,12,0,False,False
2025-07-01 13:00:00-04:00,1.176855,1.1783299999999999,1.1765750000000001,1.17829,9713.269905552268,13,0,False,False
2025-07-01 14:00:00-04:00,1.1782400000000002,1.17828,1.17754,1.178095,4262.389946915209,14,0,False,False
2025-07-01 15:00:00-04:00,1.178215,1.179125,1.17808,1.1791,9362.36995472759,15,0,False,False
2025-07-01 16:00:00-04:00,1.1792500000000001,1.18063,1.1792500000000001,1.18063,6080.559955470264,16,0,False,False
2025-07-01 17:00:00-04:00,1.180535,1.180565,1.18012,1.18042,7737.6302526295185,17,0,False,False
2025-07-01 18:00:00-04:00,1.180545,1.18064,1.1802350000000001,1.1802700000000002,2966.16997063905,18,0,False,False
2025-07-01 19:00:00-04:00,1.18025,1.18059,1.17994,1.180525,2998.4299621656537,19,0,False,False
2025-07-01 20:00:00-04:00,1.18046,1.1807699999999999,1.179945,1.1807699999999999,4634.9199442490935,20,0,False,False
2025-07-01 21:00:00-04:00,1.18066,1.18099,1.179265,1.17938,9870.91993124783,21,0,False,False
2025-07-01 22:00:00-04:00,1.179395,1.1801300000000001,1.17909,1.18003,13068.82990603149,22,0,False,False
2025-07-01 23:00:00-04:00,1.179795,1.1802700000000002,1.17963,1.18004,4275.609965547919,23,0,False,False
2025-07-02 00:00:00-04:00,1.18004,1.18012,1.1796,1.17964,1834.2399727404118,0,0,True,False
2025-07-02 01:00:00-04:00,1.17963,1.179775,1.1785100000000002,1.178735,4599.759942479432,1,0,True,False
2025-07-02 02:00:00-04:00,1.17893,1.1793049999999998,1.177405,1.1781549999999998,19052.329993776977,2,0,True,False
2025-07-02 03:00:00-04:00,1.177875,1.178325,1.1773799999999999,1.17741,10997.189886830747,3,0,True,False
2025-07-02 04:00:00-04:00,1.177215,1.17801,1.17705,1.1775600000000002,9060.069902099669,4,0,True,False
2025-07-02 05:00:00-04:00,1.1777099999999998,1.1777199999999999,1.17676,1.177025,7645.7998903393745,5,0,False,False
2025-07-02 06:00:00-04:00,1.1772200000000002,1.178,1.176575,1.17676,7010.569919273257,6,0,False,False
2025-07-02 07:00:00-04:00,1.176635,1.17712,1.17479,1.174975,9233.299883067608,7,0,False,False
2025-07-02 08:00:00-04:00,1.1749800000000001,1.17874,1.1749800000000001,1.175655,30199.259682036936,8,0,False,False
2025-07-02 09:00:00-04:00,1.1756449999999998,1.1775449999999998,1.1756449999999998,1.17598,17609.629799075425,9,0,False,False
2025-07-02 10:00:00-04:00,1.17645,1.17699,1.17535,1.17675,22046.409812487662,10,0,False,True
2025-07-02 11:00:00-04:00,1.1767349999999999,1.17895,1.176715,1.178935,16195.649849489331,11,0,False,False
2025-07-02 12:00:00-04:00,1.17884,1.1793550000000002,1.1786050000000001,1.1788500000000002,9130.399898722768,12,0,False,False
2025-07-02 13:00:00-04:00,1.179045,1.179935,1.178935,1.1795550000000001,6165.319945901632,13,0,False,False
2025-07-02 14:00:00-04:00,1.179415,1.180005,1.179405,1.1799650000000002,4453.279938369989,14,0,False,False
2025-07-02 15:00:00-04:00,1.179885,1.180295,1.179595,1.180245,3956.129951581359,15,0,False,False
2025-07-02 16:00:00-04:00,1.180115,1.18015,1.179615,1.179875,2781.4599732607603,16,0,False,False
2025-07-02 17:00:00-04:00,1.179865,1.1799,1.1788150000000002,1.1796350000000002,2671.199978992343,17,0,False,False
2025-07-02 18:00:00-04:00,1.1797900000000001,1.179995,1.17971,1.1798449999999998,2529.0999747291207,18,0,False,False
2025-07-02 19:00:00-04:00,1.179775,1.18018,1.179775,1.1798700000000002,1807.3799838125706,19,0,False,False
2025-07-02 20:00:00-04:00,1.18012,1.18086,1.1798199999999999,1.1806649999999999,9347.429914064705,20,0,False,False
2025-07-02 21:00:00-04:00,1.180695,1.1810100000000001,1.18044,1.18044,4573.019948080182,21,0,False,False
2025-07-02 22:00:00-04:00,1.18048,1.18048,1.179475,1.179795,3803.729953587055,22,0,False,False
2025-07-02 23:00:00-04:00,1.1798000000000002,1.179915,1.17897,1.17917,3538.0899586007,23,0,False,False
2025-07-03 00:00:00-04:00,1.1792799999999999,1.1792799999999999,1.178795,1.178945,2512.4099666178226,0,0,True,False
2025-07-03 01:00:00-04:00,1.17899,1.1796,1.17876,1.1796,5905.18995398283,1,0,True,False
2025-07-03 02:00:00-04:00,1.1796449999999998,1.18024,1.17924,1.18024,10781.31991339475,2,0,True,False
2025-07-03 03:00:00-04:00,1.18014,1.180975,1.179525,1.1801400000000002,11895.069888673723,3,0,True,False
2025-07-03 04:00:00-04:00,1.180285,1.180785,1.17971,1.1798,10327.129885666072,4,0,True,False
2025-07-03 05:00:00-04:00,1.1797149999999998,1.1797149999999998,1.17888,1.17924,10248.049908146262,5,0,False,False
2025-07-03 06:00:00-04:00,1.17923,1.179995,1.1787800000000002,1.1793200000000001,10808.72996584326,6,0,False,False
2025-07-03 07:00:00-04:00,1.17951,1.179675,1.1784249999999998,1.17848,7653.78992190212,7,0,False,False
2025-07-03 08:00:00-04:00,1.178585,1.17897,1.17237,1.17384,36633.90973235667,8,0,False,False
2025-07-03 09:00:00-04:00,1.1739199999999999,1.17787,1.1739199999999999,1.17742,25838.019766792655,9,0,False,False
2025-07-03 10:00:00-04:00,1.178695,1.178695,1.17524,1.17533,22998.339817412198,10,0,False,True
2025-07-03 11:00:00-04:00,1.1751399999999999,1.17658,1.17508,1.17569,13729.05989088118,11,0,False,False
2025-07-03 12:00:00-04:00,1.1757,1.175705,1.1740300000000001,1.17523,8234.749921396375,12,0,False,False
2025-07-03 13:00:00-04:00,1.1753049999999998,1.175795,1.175115,1.1754,2897.129967086017,13,0,False,False
2025-07-03 14:00:00-04:00,1.1753399999999998,1.17564,1.174885,1.174885,2484.2099738121033,14,0,False,False
2025-07-03 15:00:00-04:00,1.1747450000000002,1.175225,1.174455,1.174785,1154.7799819484353,15,0,False,False
2025-07-03 16:00:00-04:00,1.174795,1.17598,1.1747,1.17568,2703.7399704009295,16,0,False,False
2025-07-03 17:00:00-04:00,1.175805,1.17597,1.17537,1.17576,1345.7799813970923,17,0,False,False
2025-07-03 18:00:00-04:00,1.17572,1.17596,1.1754,1.17596,2820.2799591198564,18,0,False,False
2025-07-03 19:00:00-04:00,1.176045,1.17713,1.175675,1.176915,4120.699960745871,19,0,False,False
2025-07-03 20:00:00-04:00,1.1768999999999998,1.177035,1.17644,1.17671,7818.359912708402,20,0,False,False
2025-07-03 21:00:00-04:00,1.176675,1.176905,1.17574,1.17596,7936.699929013848,21,0,False,False
2025-07-03 22:00:00-04:00,1.1760700000000002,1.1770100000000001,1.1760700000000002,1.17655,3608.9599476009607,22,0,False,False
2025-07-03 23:00:00-04:00,1.176545,1.177245,1.1764700000000001,1.177025,3141.929954998195,23,0,False,False
2025-07-04 00:00:00-04:00,1.177,1.17801,1.17696,1.17801,4250.199944712222,0,0,True,False
2025-07-04 01:00:00-04:00,1.1780499999999998,1.178515,1.17801,1.17842,3776.839950673282,1,0,True,False
2025-07-04 02:00:00-04:00,1.17809,1.1784,1.177445,1.178115,9562.319903574884,2,0,True,False
2025-07-04 03:00:00-04:00,1.17802,1.178185,1.17685,1.17699,10646.459877245128,3,0,True,False
2025-07-04 04:00:00-04:00,1.176965,1.17767,1.17686,1.17746,7738.869890086353,4,0,True,False
2025-07-04 05:00:00-04:00,1.17753,1.178215,1.17732,1.177845,7370.479904517531,5,0,False,False
2025-07-04 06:00:00-04:00,1.177785,1.1780149999999998,1.17754,1.177775,5363.609917268157,6,0,False,False
2025-07-04 07:00:00-04:00,1.177825,1.178195,1.176895,1.176895,5640.199917763472,7,0,False,False
2025-07-04 08:00:00-04:00,1.176875,1.177095,1.17641,1.17667,5441.159920170903,8,0,False,False
2025-07-04 09:00:00-04:00,1.1767599999999998,1.1780300000000001,1.1767599999999998,1.17795,3780.949945099652,9,0,False,False
2025-07-04 10:00:00-04:00,1.178085,1.178715,1.177555,1.177855,5735.669925540686,10,0,False,True
2025-07-04 11:00:00-04:00,1.1777950000000001,1.1784,1.1777350000000002,1.177875,3658.059943266213,11,0,False,False
2025-07-04 12:00:00-04:00,1.177735,1.17814,1.1774,1.1774499999999999,3760.639967814088,12,0,False,False
2025-07-04 13:00:00-04:00,1.17728,1.177715,1.1772550000000002,1.17758,16661.369773074985,13,0,False,False
2025-07-04 14:00:00-04:00,1.17752,1.177925,1.177455,1.17791,6424.169879570603,14,0,False,False
2025-07-04 15:00:00-04:00,1.17798,1.17798,1.177495,1.17752,12262.419826038182,15,0,False,False
2025-07-04 16:00:00-04:00,1.17753,1.17835,1.1775099999999998,1.1778149999999998,34568.59980880469,16,0,False,False
2025-07-06 17:00:00-04:00,1.17835,1.17844,1.177955,1.178035,984.9899906814098,17,0,False,False
2025-07-06 18:00:00-04:00,1.17773,1.178175,1.17746,1.1779899999999999,2473.3029639348388,18,0,False,False
2025-07-06 19:00:00-04:00,1.17813,1.17822,1.1775449999999998,1.1780300000000001,2049.4499711617827,19,0,False,False
2025-07-06 20:00:00-04:00,1.177985,1.17893,1.1779549999999999,1.1780050000000002,5740.159923225641,20,0,False,False
2025-07-06 21:00:00-04:00,1.1777250000000001,1.1780599999999999,1.177085,1.17719,5296.939930647612,21,0,False,False
2025-07-06 22:00:00-04:00,1.177365,1.17754,1.17653,1.1767500000000002,5581.2899316474795,22,0,False,False
2025-07-06 23:00:00-04:00,1.176745,1.1774,1.1767400000000001,1.1769150000000002,5662.36995331943,23,0,False,False
2025-07-07 00:00:00-04:00,1.176985,1.177245,1.1764649999999999,1.1766100000000002,5262.48994410038,0,0,True,False
2025-07-07 01:00:00-04:00,1.1765400000000001,1.177375,1.176445,1.17715,4216.169939592481,1,0,True,False
2025-07-07 02:00:00-04:00,1.176985,1.177285,1.17504,1.17558,8926.849894590676,2,0,True,False
2025-07-07 03:00:00-04:00,1.1755550000000001,1.175735,1.1745700000000001,1.1745700000000001,15339.799867935479,3,0,True,False
2025-07-07 04:00:00-04:00,1.17456,1.17474,1.17242,1.1724350000000001,13843.959853753448,4,0,True,False
2025-07-07 05:00:00-04:00,1.172495,1.173425,1.17225,1.1734,10005.579914011061,5,0,False,False
2025-07-07 06:00:00-04:00,1.17337,1.17341,1.1724100000000002,1.172765,8754.109892465174,6,0,False,False
2025-07-07 07:00:00-04:00,1.17268,1.1733500000000001,1.172555,1.17296,7381.659903332591,7,0,False,False
2025-07-07 08:00:00-04:00,1.17298,1.17298,1.171815,1.172255,6891.739897914231,8,0,False,False
2025-07-07 09:00:00-04:00,1.1723400000000002,1.174035,1.17233,1.173515,10521.669895619154,9,0,False,False
2025-07-07 10:00:00-04:00,1.17354,1.17448,1.17344,1.17387,8580.129888750613,10,0,False,True
2025-07-07 11:00:00-04:00,1.1739899999999999,1.1739899999999999,1.17305,1.173285,7288.519896358252,11,0,False,False
2025-07-07 12:00:00-04:00,1.1733,1.173965,1.168845,1.169425,15518.029834844172,12,0,False,False
2025-07-07 13:00:00-04:00,1.16909,1.1712850000000001,1.1688049999999999,1.1706850000000002,18160.759873382747,13,0,False,False
2025-07-07 14:00:00-04:00,1.17059,1.171905,1.170045,1.1718950000000001,15427.679982751608,14,0,False,False
2025-07-07 15:00:00-04:00,1.171945,1.17233,1.171655,1.171955,10905.409934058785,15,0,False,False
2025-07-07 16:00:00-04:00,1.172075,1.172075,1.170685,1.170845,6057.429983556271,16,0,False,False
2025-07-07 17:00:00-04:00,1.1709,1.17103,1.170865,1.1709049999999999,1516.5199923664331,17,0,False,False
2025-07-07 18:00:00-04:00,1.171265,1.1737099999999998,1.171195,1.1735449999999998,4482.628962770104,18,0,False,False
2025-07-07 19:00:00-04:00,1.1733699999999998,1.17387,1.17324,1.17366,3129.369971230626,19,0,False,False
2025-07-07 20:00:00-04:00,1.173825,1.1747649999999998,1.173825,1.17435,10738.67991990596,20,0,False,False
2025-07-07 21:00:00-04:00,1.17427,1.1743649999999999,1.1731099999999999,1.173825,6484.809928581119,21,0,False,False
2025-07-07 22:00:00-04:00,1.173675,1.17475,1.173675,1.173835,9256.58991509676,22,0,False,False
2025-07-07 23:00:00-04:00,1.1739600000000001,1.17479,1.173735,1.17469,5309.159931361675,23,0,False,False
2025-07-08 00:00:00-04:00,1.17454,1.174955,1.17411,1.17415,6120.9599230363965,0,0,True,False
2025-07-08 01:00:00-04:00,1.17427,1.1744599999999998,1.1734399999999998,1.17349,8098.369911968708,1,0,True,False
2025-07-08 02:00:00-04:00,1.173315,1.17442,1.17327,1.17418,8968.849889174104,2,0,True,False
2025-07-08 03:00:00-04:00,1.174545,1.17644,1.174545,1.17601,9818.529887512326,3,0,True,False
2025-07-08 04:00:00-04:00,1.17592,1.17592,1.1748500000000002,1.17489,8903.059882812202,4,0,True,False
2025-07-08 05:00:00-04:00,1.1749450000000001,1.17503,1.174,1.174195,5310.6399164274335,5,0,False,False
2025-07-08 06:00:00-04:00,1.174105,1.174105,1.17252,1.17282,6532.869923941791,6,0,False,False
2025-07-08 07:00:00-04:00,1.172865,1.17382,1.172155,1.17219,8077.839897327125,7,0,False,False
2025-07-08 08:00:00-04:00,1.17214,1.17244,1.1714799999999999,1.1721,11411.409898422658,8,0,False,False
2025-07-08 09:00:00-04:00,1.172155,1.1721599999999999,1.16939,1.17053,16663.94979199022,9,0,False,False
2025-07-08 10:00:00-04:00,1.17059,1.17059,1.16841,1.169225,25693.5496352911,10,0,False,True
2025-07-08 11:00:00-04:00,1.1693099999999998,1.171255,1.169135,1.1706750000000001,10944.5098638013,11,0,False,False
2025-07-08 12:00:00-04:00,1.17058,1.1712500000000001,1.16966,1.17088,12347.389862179756,12,0,False,False
2025-07-08 13:00:00-04:00,1.1709100000000001,1.17255,1.1709100000000001,1.17244,10476.849874518812,13,0,False,False
2025-07-08 14:00:00-04:00,1.17237,1.1728550000000002,1.171885,1.1725400000000001,5296.689917854965,14,0,False,False
2025-07-08 15:00:00-04:00,1.17279,1.172905,1.1719849999999998,1.1724450000000002,4519.069937616587,15,0,False,False
2025-07-08 16:00:00-04:00,1.1723400000000002,1.17288,1.1723400000000002,1.172525,4088.079944111407,16,0,False,False
2025-07-08 17:00:00-04:00,1.17259,1.17259,1.17213,1.172285,7413.260020643473,17,0,False,False
2025-07-08 18:00:00-04:00,1.172545,1.172925,1.172365,1.1728800000000001,1857.4099815189838,18,0,False,False
2025-07-08 19:00:00-04:00,1.1728200000000002,1.1728200000000002,1.172205,1.1723400000000002,1817.159978993237,19,0,False,False
2025-07-08 20:00:00-04:00,1.17248,1.172505,1.171785,1.17246,13459.899867244065,20,0,False,False
2025-07-08 21:00:00-04:00,1.17245,1.1725400000000001,1.171765,1.17206,12163.45986700058,21,0,False,False
2025-07-08 22:00:00-04:00,1.1721149999999998,1.17246,1.17057,1.171145,10735.009887643158,22,0,False,False
2025-07-08 23:00:00-04:00,1.171045,1.171045,1.1703350000000001,1.170395,7555.059914492071,23,0,False,False
2025-07-09 00:00:00-04:00,1.170395,1.171305,1.1702,1.1712500000000001,4612.929926559329,0,0,True,False
2025-07-09 01:00:00-04:00,1.1712,1.17206,1.1711399999999998,1.17167,3926.1999389603734,1,0,True,False
2025-07-09 02:00:00-04:00,1.1715900000000001,1.1727699999999999,1.1714099999999998,1.17259,7659.189882308245,2,0,True,False
2025-07-09 03:00:00-04:00,1.172695,1.17273,1.170545,1.170765,11087.189854055643,3,0,True,False
2025-07-09 04:00:00-04:00,1.170775,1.1719499999999998,1.1703899999999998,1.1713399999999998,11006.909844949841,4,0,True,False
2025-07-09 05:00:00-04:00,1.17133,1.17191,1.170795,1.1713550000000001,8065.309886403382,5,0,False,False
2025-07-09 06:00:00-04:00,1.17136,1.17176,1.17021,1.17021,9642.439874328673,6,0,False,False
2025-07-09 07:00:00-04:00,1.170175,1.17059,1.1690450000000001,1.1691099999999999,6366.299904704094,7,0,False,False
2025-07-09 08:00:00-04:00,1.1693,1.17163,1.1693,1.171545,14956.989817276597,8,0,False,False
2025-07-09 09:00:00-04:00,1.1716799999999998,1.172215,1.17034,1.17034,13260.459814094007,9,0,False,False
2025-07-09 10:00:00-04:00,1.170485,1.1724350000000001,1.170325,1.17149,14289.359816253185,10,0,False,True
2025-07-09 11:00:00-04:00,1.1716199999999999,1.1716199999999999,1.1705299999999998,1.17061,7091.639902293682,11,0,False,False
2025-07-09 12:00:00-04:00,1.1707299999999998,1.1709,1.17014,1.170505,3949.15993668139,12,0,False,False
2025-07-09 13:00:00-04:00,1.17049,1.17106,1.17042,1.1709450000000001,3798.219939149916,13,0,False,False
2025-07-09 14:00:00-04:00,1.17113,1.171745,1.170725,1.17133,5876.189922608435,14,0,False,False
2025-07-09 15:00:00-04:00,1.17144,1.17231,1.1713399999999998,1.17191,3572.1199524775147,15,0,False,False
2025-07-09 16:00:00-04:00,1.17183,1.172325,1.171175,1.17208,3412.549972705543,16,0,False,False
2025-07-09 17:00:00-04:00,1.17221,1.172295,1.17165,1.1722549999999998,3043.42999830842,17,0,False,False
2025-07-09 18:00:00-04:00,1.1723050000000002,1.1725050000000001,1.1723050000000002,1.1724450000000002,1155.6299856826663,18,0,False,False
2025-07-09 19:00:00-04:00,1.17248,1.17381,1.17232,1.17381,2465.2499730587006,19,0,False,False
2025-07-09 20:00:00-04:00,1.173635,1.174925,1.173635,1.17439,9859.839874595404,20,0,False,False
2025-07-09 21:00:00-04:00,1.17434,1.1744050000000001,1.173845,1.174085,6489.579922966659,21,0,False,False
2025-07-09 22:00:00-04:00,1.174235,1.174355,1.17379,1.17391,7731.089911796153,22,0,False,False
2025-07-09 23:00:00-04:00,1.17381,1.1739449999999998,1.173405,1.17341,4340.78995039314,23,0,False,False
2025-07-10 00:00:00-04:00,1.17339,1.17357,1.17305,1.173505,3202.749959297478,0,0,True,False
2025-07-10 01:00:00-04:00,1.173635,1.1740650000000001,1.1735099999999998,1.1739199999999999,3640.559943318367,1,0,True,False
2025-07-10 02:00:00-04:00,1.1737950000000001,1.1743350000000001,1.17306,1.173285,8477.329883649945,2,0,True,False
2025-07-10 03:00:00-04:00,1.173515,1.1737549999999999,1.17269,1.17332,12385.879910305142,3,0,True,False
2025-07-10 04:00:00-04:00,1.1733449999999999,1.173405,1.1726800000000002,1.1727750000000001,17975.74996752292,4,0,True,False
2025-07-10 05:00:00-04:00,1.1728399999999999,1.173435,1.1728399999999999,1.173095,11311.569935761392,5,0,False,False
2025-07-10 06:00:00-04:00,1.173085,1.173375,1.1728450000000001,1.1728450000000001,6277.649936772883,6,0,False,False
2025-07-10 07:00:00-04:00,1.172875,1.172905,1.1708949999999998,1.171165,7767.839908950031,7,0,False,False
2025-07-10 08:00:00-04:00,1.17127,1.1713900000000002,1.170245,1.170645,12078.0898495242,8,0,False,False
2025-07-10 09:00:00-04:00,1.1707450000000001,1.17138,1.168675,1.16927,13636.249854430556,9,0,False,False
2025-07-10 10:00:00-04:00,1.168865,1.169,1.166765,1.16799,23681.229775704443,10,0,False,True
2025-07-10 11:00:00-04:00,1.168095,1.1688049999999999,1.1674449999999998,1.1687349999999999,15372.569884248078,11,0,False,False
2025-07-10 12:00:00-04:00,1.16852,1.16898,1.1682649999999999,1.168555,13008.139889642596,12,0,False,False
2025-07-10 13:00:00-04:00,1.168455,1.1691,1.16824,1.16892,6173.549930654466,13,0,False,False
2025-07-10 14:00:00-04:00,1.168895,1.169475,1.168795,1.169215,3624.1799424290657,14,0,False,False
2025-07-10 15:00:00-04:00,1.1693099999999998,1.1698650000000002,1.16905,1.1695600000000002,3520.1599509269,15,0,False,False
2025-07-10 16:00:00-04:00,1.169475,1.17007,1.169475,1.17007,3043.8155685067177,16,0,False,False
2025-07-10 17:00:00-04:00,1.17008,1.1703649999999999,1.169775,1.17036,3276.1228113621473,17,0,False,False
2025-07-10 18:00:00-04:00,1.17035,1.170725,1.1702599999999999,1.170575,2056.7399688586593,18,0,False,False
2025-07-10 19:00:00-04:00,1.17045,1.170585,1.1699950000000001,1.1701899999999998,2634.2599589005113,19,0,False,False
2025-07-10 20:00:00-04:00,1.170345,1.1703450000000002,1.166765,1.16749,19416.4296887964,20,0,False,False
2025-07-10 21:00:00-04:00,1.167635,1.168545,1.167055,1.167535,10096.959843955934,21,0,False,False
2025-07-10 22:00:00-04:00,1.1676,1.16778,1.16711,1.167115,5148.949910640717,22,0,False,False
2025-07-10 23:00:00-04:00,1.167135,1.16844,1.167115,1.1681849999999998,3489.729945898056,23,0,False,False
2025-07-11 00:00:00-04:00,1.1680899999999999,1.16824,1.1669900000000002,1.167635,4213.51994292438,0,0,True,False
2025-07-11 01:00:00-04:00,1.1676000000000002,1.16833,1.16753,1.1678250000000001,6517.849945522845,1,0,True,False
2025-07-11 02:00:00-04:00,1.1675849999999999,1.1684350000000001,1.16707,1.16749,9113.019859872758,2,0,True,False
2025-07-11 03:00:00-04:00,1.1678000000000002,1.16953,1.1678000000000002,1.168895,8857.47986535728,3,0,True,False
2025-07-11 04:00:00-04:00,1.1689500000000002,1.1691799999999999,1.16801,1.168215,8490.459879130125,4,0,True,False
2025-07-11 05:00:00-04:00,1.16824,1.169505,1.168205,1.169505,6561.789895586669,5,0,False,False
2025-07-11 06:00:00-04:00,1.169585,1.16959,1.1688200000000002,1.1692550000000002,9343.129875265062,6,0,False,False
2025-07-11 07:00:00-04:00,1.169285,1.1700149999999998,1.16878,1.16879,12663.96989312768,7,0,False,False
2025-07-11 08:00:00-04:00,1.1686800000000002,1.16973,1.1682899999999998,1.16886,10768.489863350987,8,0,False,False
2025-07-11 09:00:00-04:00,1.1688200000000002,1.170585,1.16869,1.1688800000000001,18379.339843034744,9,0,False,False
2025-07-11 10:00:00-04:00,1.168725,1.1693099999999998,1.1674449999999998,1.169215,12656.519836701453,10,0,False,True
2025-07-11 11:00:00-04:00,1.16934,1.1703000000000001,1.1689500000000002,1.16962,9152.009878695011,11,0,False,False
2025-07-11 12:00:00-04:00,1.169625,1.1697000000000002,1.16894,1.169155,7376.709891341627,12,0,False,False
2025-07-11 13:00:00-04:00,1.1690900000000002,1.1694550000000001,1.168725,1.16933,4311.699936427176,13,0,False,False
2025-07-11 14:00:00-04:00,1.16954,1.16954,1.16885,1.16885,5165.869926661253,14,0,False,False
2025-07-11 15:00:00-04:00,1.1688450000000001,1.16916,1.168605,1.1688049999999999,5916.999928444624,15,0,False,False
2025-07-11 16:00:00-04:00,1.168695,1.169395,1.16791,1.16891,6739.919941268861,16,0,False,False
2025-07-13 17:00:00-04:00,1.1669,1.1673550000000001,1.166215,1.1669450000000001,1503.0399681925774,17,0,False,False
2025-07-13 18:00:00-04:00,1.16747,1.168405,1.166465,1.166465,6035.509894788265,18,0,False,False
2025-07-13 19:00:00-04:00,1.166465,1.1682649999999999,1.166465,1.1682649999999999,4531.91994060576,19,0,False,False
2025-07-13 20:00:00-04:00,1.16839,1.1693850000000001,1.16832,1.16934,6421.409920737147,20,0,False,False
2025-07-13 21:00:00-04:00,1.16934,1.1697350000000002,1.1684299999999999,1.1684800000000002,5656.309923328459,21,0,False,False
2025-07-13 22:00:00-04:00,1.168475,1.16899,1.1673200000000001,1.16745,5862.979927107692,22,0,False,False
2025-07-13 23:00:00-04:00,1.16739,1.1684700000000001,1.16739,1.16811,4662.309936344624,23,0,False,False
2025-07-14 00:00:00-04:00,1.16784,1.16812,1.16749,1.16749,3184.7899572253227,0,0,True,False
2025-07-14 01:00:00-04:00,1.16745,1.1677849999999999,1.16657,1.16696,5542.049929060042,1,0,True,False
2025-07-14 02:00:00-04:00,1.166925,1.1669399999999999,1.165475,1.1663700000000001,6798.519911490381,2,0,True,False
2025-07-14 03:00:00-04:00,1.166595,1.16872,1.166325,1.1685750000000001,8705.089882470667,3,0,True,False
2025-07-14 04:00:00-04:00,1.1685050000000001,1.1687949999999998,1.1681,1.1682450000000002,10139.87989256531,4,0,True,False
2025-07-14 05:00:00-04:00,1.16811,1.169105,1.167965,1.169105,9346.459912717342,5,0,False,False
2025-07-14 06:00:00-04:00,1.169255,1.16949,1.16885,1.16949,6702.8499210476875,6,0,False,False
2025-07-14 07:00:00-04:00,1.1694900000000001,1.169625,1.1687349999999999,1.1688800000000001,8314.42991836369,7,0,False,False
2025-07-14 08:00:00-04:00,1.168995,1.169135,1.168065,1.1685699999999999,6949.589899070561,8,0,False,False
2025-07-14 09:00:00-04:00,1.16848,1.168615,1.16757,1.168205,7329.099888235331,9,0,False,False
2025-07-14 10:00:00-04:00,1.16804,1.1694200000000001,1.16792,1.168345,8594.709891036153,10,0,False,True
2025-07-14 11:00:00-04:00,1.16821,1.1695600000000002,1.167025,1.16711,11957.139896981418,11,0,False,False
2025-07-14 12:00:00-04:00,1.16703,1.16724,1.166085,1.16625,8836.309922918677,12,0,False,False
2025-07-14 13:00:00-04:00,1.16645,1.1666699999999999,1.16595,1.166275,3792.039957202971,13,0,False,False
2025-07-14 14:00:00-04:00,1.1663100000000002,1.16723,1.1663100000000002,1.16702,11578.399959914386,14,0,False,False
2025-07-14 15:00:00-04:00,1.1671200000000002,1.1671200000000002,1.16648,1.16681,10397.080010324717,15,0,False,False
2025-07-14 16:00:00-04:00,1.16686,1.166905,1.166365,1.1664400000000001,2793.509971536696,16,0,False,False
2025-07-14 17:00:00-04:00,1.1664599999999998,1.1666249999999998,1.16623,1.1663899999999998,2324.8330001085997,17,0,False,False
2025-07-14 18:00:00-04:00,1.166525,1.166775,1.1664750000000002,1.1666500000000002,1145.3699892535806,18,0,False,False
2025-07-14 19:00:00-04:00,1.1666050000000001,1.166665,1.166075,1.16653,3858.239970996976,19,0,False,False
2025-07-14 20:00:00-04:00,1.166615,1.16769,1.166615,1.16723,9121.979933306575,20,0,False,False
2025-07-14 21:00:00-04:00,1.1671049999999998,1.1674,1.16661,1.1669100000000001,7284.969929695129,21,0,False,False
2025-07-14 22:00:00-04:00,1.166835,1.16746,1.16656,1.16746,10600.419908739626,22,0,False,False
2025-07-14 23:00:00-04:00,1.167485,1.1677499999999998,1.16736,1.1675900000000001,5755.939951449633,23,0,False,False
2025-07-15 00:00:00-04:00,1.16761,1.167875,1.16742,1.1676000000000002,2285.969975925982,0,0,True,False
2025-07-15 01:00:00-04:00,1.16765,1.168585,1.16765,1.168585,4658.599955908954,1,0,True,False
2025-07-15 02:00:00-04:00,1.168275,1.16879,1.16748,1.167795,7317.399920515716,2,0,True,False
2025-07-15 03:00:00-04:00,1.16772,1.1691799999999999,1.1672150000000001,1.16905,9275.12988333404,3,0,True,False
2025-07-15 04:00:00-04:00,1.1689699999999998,1.1691,1.16825,1.168695,6408.45990524441,4,0,True,False
2025-07-15 05:00:00-04:00,1.1686999999999999,1.16903,1.168175,1.1685050000000001,5955.719911761582,5,0,False,False
2025-07-15 06:00:00-04:00,1.1684700000000001,1.168635,1.167675,1.168385,5175.739921301603,6,0,False,False
2025-07-15 07:00:00-04:00,1.16839,1.16839,1.1668150000000002,1.16697,5569.309918291867,7,0,False,False
2025-07-15 08:00:00-04:00,1.1667800000000002,1.16893,1.16641,1.16781,26532.719788059592,8,0,False,False
2025-07-15 09:00:00-04:00,1.16781,1.167865,1.16412,1.16432,25430.85974173993,9,0,False,False
2025-07-15 10:00:00-04:00,1.163425,1.1639650000000001,1.16161,1.161845,42174.21984787285,10,0,False,True
2025-07-15 11:00:00-04:00,1.16175,1.1618,1.160205,1.1618,22379.379813455045,11,0,False,False
2025-07-15 12:00:00-04:00,1.161895,1.161895,1.15949,1.159615,13523.499868914485,12,0,False,False
2025-07-15 13:00:00-04:00,1.159535,1.160075,1.1593200000000001,1.159675,5132.149927988648,13,0,False,False
2025-07-15 14:00:00-04:00,1.15958,1.160405,1.15958,1.1603150000000002,10893.149980783463,14,0,False,False
2025-07-15 15:00:00-04:00,1.160335,1.160335,1.15994,1.1601,4459.749946281314,15,0,False,False
2025-07-15 16:00:00-04:00,1.1601400000000002,1.16038,1.159955,1.1601050000000002,2148.1699840053916,16,0,False,False
2025-07-15 17:00:00-04:00,1.160065,1.160095,1.159875,1.160065,1355.44999961555,17,0,False,False
2025-07-15 18:00:00-04:00,1.160045,1.160445,1.160045,1.160445,1961.0299905017018,18,0,False,False
2025-07-15 19:00:00-04:00,1.1604,1.160795,1.16035,1.16073,1230.7599843889475,19,0,False,False
2025-07-15 20:00:00-04:00,1.1608399999999999,1.16123,1.16029,1.160805,8806.229938857257,20,0,False,False
2025-07-15 21:00:00-04:00,1.16078,1.1615199999999999,1.16072,1.16137,6351.04994161427,21,0,False,False
2025-07-15 22:00:00-04:00,1.16131,1.16131,1.1608200000000002,1.16103,3515.0499644875526,22,0,False,False
2025-07-15 23:00:00-04:00,1.161105,1.1615199999999999,1.16068,1.161105,6253.459964707494,23,0,False,False
2025-07-16 00:00:00-04:00,1.1611500000000001,1.1619700000000002,1.16106,1.1619700000000002,7879.319993570447,0,0,True,False
2025-07-16 01:00:00-04:00,1.16189,1.1620650000000001,1.161475,1.1620650000000001,5136.629938952625,1,0,True,False
2025-07-16 02:00:00-04:00,1.1619000000000002,1.16277,1.1619000000000002,1.16277,9704.169887430966,2,0,True,False
2025-07-16 03:00:00-04:00,1.1626850000000002,1.16281,1.16137,1.16187,8595.39989553392,3,0,True,False
2025-07-16 04:00:00-04:00,1.16188,1.1625649999999998,1.1618249999999999,1.16255,6517.379895605147,4,0,True,False
2025-07-16 05:00:00-04:00,1.162495,1.16252,1.1613600000000002,1.16155,5651.459909625351,5,0,False,False
2025-07-16 06:00:00-04:00,1.16157,1.1618650000000001,1.1610049999999998,1.161725,4790.9299286827445,6,0,False,False
2025-07-16 07:00:00-04:00,1.16167,1.16207,1.160205,1.1603599999999998,9391.589905813336,7,0,False,False
2025-07-16 08:00:00-04:00,1.160175,1.161245,1.159365,1.159875,22137.789785817266,8,0,False,False
2025-07-16 09:00:00-04:00,1.15994,1.1602700000000001,1.1564800000000002,1.15725,18481.34977117181,9,0,False,False
2025-07-16 10:00:00-04:00,1.15766,1.160435,1.1563949999999998,1.159285,25795.76982780546,10,0,False,True
2025-07-16 11:00:00-04:00,1.15998,1.17212,1.159375,1.1629,74850.82940954715,11,0,False,False
2025-07-16 12:00:00-04:00,1.16243,1.16512,1.161945,1.16391,31030.75964460522,12,0,False,False
2025-07-16 13:00:00-04:00,1.1640350000000002,1.165765,1.16365,1.164135,14627.059841305017,13,0,False,False
2025-07-16 14:00:00-04:00,1.16417,1.16421,1.1628150000000002,1.1628150000000002,7716.429892405868,14,0,False,False
2025-07-16 15:00:00-04:00,1.1631399999999998,1.163685,1.16211,1.1635900000000001,6871.689901635051,15,0,False,False
2025-07-16 16:00:00-04:00,1.16337,1.164255,1.16337,1.16404,3868.749940112233,16,0,False,False
2025-07-16 17:00:00-04:00,1.164085,1.16412,1.16357,1.16373,4116.900012716651,17,0,False,False
2025-07-16 18:00:00-04:00,1.164025,1.1642649999999999,1.1635499999999999,1.163645,2691.9099606126547,18,0,False,False
2025-07-16 19:00:00-04:00,1.16382,1.163995,1.163345,1.163565,5435.309970907867,19,0,False,False
2025-07-16 20:00:00-04:00,1.163535,1.163535,1.161845,1.162395,16926.80994465202,20,0,False,False
2025-07-16 21:00:00-04:00,1.162315,1.16284,1.1614550000000001,1.162795,14812.359968587756,21,0,False,False
2025-07-16 22:00:00-04:00,1.162735,1.162735,1.1616849999999999,1.16182,8951.829952478409,22,0,False,False
2025-07-16 23:00:00-04:00,1.16188,1.161905,1.161445,1.161905,7181.399972058833,23,0,False,False
2025-07-17 00:00:00-04:00,1.161895,1.162445,1.1616900000000001,1.162445,5351.7999597117305,0,0,True,False
2025-07-17 01:00:00-04:00,1.162465,1.16265,1.1617000000000002,1.1617000000000002,5167.189949847758,1,0,True,False
2025-07-17 02:00:00-04:00,1.161635,1.161635,1.157575,1.1583100000000002,15785.389842405915,2,0,True,False
2025-07-17 03:00:00-04:00,1.15818,1.1595149999999999,1.15747,1.159075,10917.449873328209,3,0,True,False
2025-07-17 04:00:00-04:00,1.1590600000000002,1.160495,1.15897,1.160155,7806.92991001904,4,0,True,False
2025-07-17 05:00:00-04:00,1.1602700000000001,1.1602700000000001,1.15902,1.159075,5599.369922444224,5,0,False,False
2025-07-17 06:00:00-04:00,1.159055,1.159055,1.1584150000000002,1.1585999999999999,3978.249950222671,6,0,False,False
2025-07-17 07:00:00-04:00,1.158535,1.15889,1.1571099999999999,1.157445,5158.429932929575,7,0,False,False
2025-07-17 08:00:00-04:00,1.15757,1.159,1.15652,1.1587200000000002,24085.26987954974,8,0,False,False
2025-07-17 09:00:00-04:00,1.15886,1.159735,1.15827,1.1586400000000001,12685.169849686325,9,0,False,False
2025-07-17 10:00:00-04:00,1.158445,1.159205,1.15791,1.158795,10671.619866035879,10,0,False,True
2025-07-17 11:00:00-04:00,1.158665,1.160245,1.15862,1.15963,9180.179892025888,11,0,False,False
2025-07-17 12:00:00-04:00,1.159755,1.1601050000000002,1.1583999999999999,1.15862,7006.969913341105,12,0,False,False
2025-07-17 13:00:00-04:00,1.15861,1.159005,1.15835,1.1585100000000002,4981.379931509495,13,0,False,False
2025-07-17 14:00:00-04:00,1.15842,1.1587800000000001,1.15802,1.1584500000000002,4293.6199449673295,14,0,False,False
2025-07-17 15:00:00-04:00,1.158575,1.1599499999999998,1.158525,1.1597650000000002,4653.399941124022,15,0,False,False
2025-07-17 16:00:00-04:00,1.159865,1.160015,1.1594250000000001,1.159685,2479.7199758663774,16,0,False,False
2025-07-17 17:00:00-04:00,1.159595,1.15998,1.159365,1.15988,2038.1139940656722,17,0,False,False
2025-07-17 18:00:00-04:00,1.1599949999999999,1.1618650000000001,1.1599949999999999,1.161705,3884.1339602954686,18,0,False,False
2025-07-17 19:00:00-04:00,1.16161,1.16195,1.161475,1.161515,3636.059968523681,19,0,False,False
2025-07-17 20:00:00-04:00,1.16167,1.16273,1.1615799999999998,1.1624599999999998,6873.24992685765,20,0,False,False
2025-07-17 21:00:00-04:00,1.16247,1.1633900000000001,1.1620949999999999,1.1629,6996.689932487905,21,0,False,False
2025-07-17 22:00:00-04:00,1.16296,1.16309,1.162465,1.162925,5350.0899393484,22,0,False,False
2025-07-17 23:00:00-04:00,1.162915,1.1630449999999999,1.162325,1.162395,2464.8999559283257,23,0,False,False
2025-07-18 00:00:00-04:00,1.1623,1.1623,1.16188,1.16193,2552.2399672940373,0,0,True,False
2025-07-18 01:00:00-04:00,1.16188,1.1620300000000001,1.16125,1.16171,5042.479958675802,1,0,True,False
2025-07-18 02:00:00-04:00,1.1616499999999998,1.16214,1.161235,1.1620499999999998,10753.029907651246,2,0,True,False
2025-07-18 03:00:00-04:00,1.1623,1.16293,1.1621899999999998,1.16289,12742.709886200726,3,0,True,False
2025-07-18 04:00:00-04:00,1.1630850000000001,1.1644999999999999,1.1630850000000001,1.16357,16014.279849939048,4,0,True,False
2025-07-18 05:00:00-04:00,1.163485,1.164275,1.16336,1.16336,9476.499890826643,5,0,False,False
2025-07-18 06:00:00-04:00,1.1633200000000001,1.1641599999999999,1.16322,1.16401,7114.699922665954,6,0,False,False
2025-07-18 07:00:00-04:00,1.16401,1.1646999999999998,1.16401,1.16445,10164.349912405014,7,0,False,False
2025-07-18 08:00:00-04:00,1.1644100000000002,1.1658149999999998,1.1644100000000002,1.16562,16523.999849289656,8,0,False,False
2025-07-18 09:00:00-04:00,1.1657099999999998,1.16668,1.1648800000000001,1.16665,17114.979868866503,9,0,False,False
2025-07-18 10:00:00-04:00,1.16657,1.16676,1.1645599999999998,1.16479,36910.149774342775,10,0,False,True
2025-07-18 11:00:00-04:00,1.164835,1.165705,1.16428,1.16446,12371.569898404181,11,0,False,False
2025-07-18 12:00:00-04:00,1.16451,1.1647150000000002,1.162775,1.16286,10351.52990885824,12,0,False,False
2025-07-18 13:00:00-04:00,1.162765,1.16296,1.1618050000000002,1.162695,5013.689931817353,13,0,False,False
2025-07-18 14:00:00-04:00,1.1627649999999998,1.16277,1.1619700000000002,1.1621700000000001,3466.1099488809705,14,0,False,False
2025-07-18 15:00:00-04:00,1.162195,1.162305,1.1617899999999999,1.162245,2956.2699540629983,15,0,False,False
2025-07-18 16:00:00-04:00,1.16227,1.16275,1.162025,1.162485,4603.04994662106,16,0,False,False
2025-07-20 17:00:00-04:00,1.16303,1.16348,1.162755,1.16348,2435.6199793443084,17,0,False,False
2025-07-20 18:00:00-04:00,1.16313,1.1632250000000002,1.162295,1.162625,6844.849948875606,18,0,False,False
2025-07-20 19:00:00-04:00,1.162805,1.16316,1.1624949999999998,1.162965,2354.8999687880278,19,0,False,False
2025-07-20 20:00:00-04:00,1.1630250000000002,1.163615,1.1619199999999998,1.1619199999999998,4095.9799427762628,20,0,False,False
2025-07-20 21:00:00-04:00,1.1617799999999998,1.162455,1.16163,1.16174,5608.709926880896,21,0,False,False
2025-07-20 22:00:00-04:00,1.1615600000000001,1.1622949999999999,1.1615199999999999,1.16219,5699.82995390147,22,0,False,False
2025-07-20 23:00:00-04:00,1.162185,1.1625649999999998,1.16209,1.16254,4546.5499669238925,23,0,False,False
2025-07-21 00:00:00-04:00,1.162535,1.16297,1.162325,1.1629200000000002,5027.609952457249,0,0,True,False
2025-07-21 01:00:00-04:00,1.1627800000000001,1.16352,1.1627800000000001,1.16336,5010.119940079749,1,0,True,False
2025-07-21 02:00:00-04:00,1.1632099999999999,1.164205,1.16304,1.164145,6544.379892393947,2,0,True,False
2025-07-21 03:00:00-04:00,1.16403,1.16469,1.1635849999999999,1.16435,16051.449891500175,3,0,True,False
2025-07-21 04:00:00-04:00,1.16437,1.16507,1.1636799999999998,1.1642350000000001,14285.379915855825,4,0,True,False
2025-07-21 05:00:00-04:00,1.16432,1.16483,1.16395,1.164495,5874.229923270643,5,0,False,False
2025-07-21 06:00:00-04:00,1.16448,1.1645699999999999,1.163405,1.1645699999999999,5731.629918962717,6,0,False,False
2025-07-21 07:00:00-04:00,1.16453,1.166845,1.1644899999999998,1.16677,10701.759897746146,7,0,False,False
2025-07-21 08:00:00-04:00,1.16672,1.167295,1.166315,1.166515,17026.02987113595,8,0,False,False
2025-07-21 09:00:00-04:00,1.1664150000000002,1.166485,1.165815,1.166485,12914.84991428256,9,0,False,False
2025-07-21 10:00:00-04:00,1.166785,1.16974,1.166785,1.16967,18250.689817734063,10,0,False,True
2025-07-21 11:00:00-04:00,1.169825,1.17164,1.16977,1.17047,18831.799842849374,11,0,False,False
2025-07-21 12:00:00-04:00,1.17032,1.170485,1.16962,1.1700050000000002,6884.319907471538,12,0,False,False
2025-07-21 13:00:00-04:00,1.16998,1.16998,1.1687150000000002,1.169085,5017.949933879077,13,0,False,False
2025-07-21 14:00:00-04:00,1.1691250000000002,1.169495,1.1687599999999998,1.1693799999999999,3920.8899470567703,14,0,False,False
2025-07-21 15:00:00-04:00,1.1693500000000001,1.16961,1.16896,1.16896,3695.369946241379,15,0,False,False
2025-07-21 16:00:00-04:00,1.169,1.169635,1.16886,1.169305,3019.049957536161,16,0,False,False
2025-07-21 17:00:00-04:00,1.16932,1.1694499999999999,1.16919,1.16926,1872.6199860274792,17,0,False,False
2025-07-21 18:00:00-04:00,1.16947,1.16947,1.169235,1.169465,2218.4599828645587,18,0,False,False
2025-07-21 19:00:00-04:00,1.1694550000000001,1.169585,1.1690649999999998,1.1694900000000001,1322.1399846151471,19,0,False,False
2025-07-21 20:00:00-04:00,1.16916,1.1693,1.16837,1.16885,5969.409935384989,20,0,False,False
2025-07-21 21:00:00-04:00,1.1689699999999998,1.168985,1.168285,1.16882,3837.369951978326,21,0,False,False
2025-07-21 22:00:00-04:00,1.16899,1.169545,1.16887,1.1690749999999999,3560.4199563860893,22,0,False,False
2025-07-21 23:00:00-04:00,1.1690749999999999,1.1690749999999999,1.16852,1.1687249999999998,2278.8999622911215,23,0,False,False
2025-07-22 00:00:00-04:00,1.1687750000000001,1.1694300000000002,1.16864,1.1688399999999999,2929.6399639099836,0,0,True,False
2025-07-22 01:00:00-04:00,1.16887,1.1691500000000001,1.168385,1.1687249999999998,3270.5999555662274,1,0,True,False
2025-07-22 02:00:00-04:00,1.168625,1.1690900000000002,1.16859,1.169085,5790.269924491644,2,0,True,False
2025-07-22 03:00:00-04:00,1.168825,1.169205,1.1682000000000001,1.168605,8103.0698992833495,3,0,True,False
2025-07-22 04:00:00-04:00,1.168455,1.17021,1.168455,1.1698499999999998,8359.079879403114,4,0,True,False
2025-07-22 05:00:00-04:00,1.17005,1.1706249999999998,1.16948,1.170545,6258.649908266962,5,0,False,False
2025-07-22 06:00:00-04:00,1.170525,1.170905,1.1699899999999999,1.1701899999999998,5017.489926576614,6,0,False,False
2025-07-22 07:00:00-04:00,1.1701899999999998,1.170315,1.16954,1.170145,7451.779896356165,7,0,False,False
2025-07-22 08:00:00-04:00,1.170395,1.170395,1.168455,1.169055,10465.609878137708,8,0,False,False
2025-07-22 09:00:00-04:00,1.169405,1.170425,1.1679650000000001,1.170425,16215.059855006635,9,0,False,False
2025-07-22 10:00:00-04:00,1.1701199999999998,1.172525,1.16913,1.17225,17985.86979036033,10,0,False,True
2025-07-22 11:00:00-04:00,1.17209,1.17479,1.1717,1.17479,16071.109834961593,11,0,False,False
2025-07-22 12:00:00-04:00,1.174505,1.1759149999999998,1.174505,1.175515,9402.479891173542,12,0,False,False
2025-07-22 13:00:00-04:00,1.175535,1.175535,1.1743800000000002,1.1745999999999999,4785.169936224818,13,0,False,False
2025-07-22 14:00:00-04:00,1.17439,1.17481,1.17424,1.174785,4205.529963932931,14,0,False,False
2025-07-22 15:00:00-04:00,1.1746400000000001,1.175255,1.1745100000000002,1.1751550000000002,3264.439955957234,15,0,False,False
2025-07-22 16:00:00-04:00,1.1751,1.175475,1.1746949999999998,1.17542,3054.3799663856626,16,0,False,False
2025-07-22 17:00:00-04:00,1.17544,1.1754449999999999,1.1749749999999999,1.17504,1529.1299825310707,17,0,False,False
2025-07-22 18:00:00-04:00,1.1749299999999998,1.174995,1.174695,1.1748150000000002,2113.8099659904838,18,0,False,False
2025-07-22 19:00:00-04:00,1.1749749999999999,1.17557,1.17374,1.173805,5175.569934174418,19,0,False,False
2025-07-22 20:00:00-04:00,1.173765,1.17474,1.173395,1.17472,9914.009874165058,20,0,False,False
2025-07-22 21:00:00-04:00,1.1747100000000001,1.1747100000000001,1.17312,1.17371,6014.759905144572,21,0,False,False
2025-07-22 22:00:00-04:00,1.17391,1.174185,1.17333,1.1734900000000001,8741.219882830977,22,0,False,False
2025-07-22 23:00:00-04:00,1.17348,1.17459,1.1734749999999998,1.17391,4798.029935315251,23,0,False,False
2025-07-23 00:00:00-04:00,1.173835,1.17387,1.17326,1.1734900000000001,4058.879947423935,0,0,True,False
2025-07-23 01:00:00-04:00,1.1735,1.1737350000000002,1.1727750000000001,1.17305,4801.479931794107,1,0,True,False
2025-07-23 02:00:00-04:00,1.17336,1.174235,1.17313,1.174235,8790.11987721175,2,0,True,False
2025-07-23 03:00:00-04:00,1.1741899999999998,1.1750349999999998,1.17346,1.1742,10695.189865916967,3,0,True,False
2025-07-23 04:00:00-04:00,1.17397,1.17479,1.17312,1.17328,7632.809887968004,4,0,True,False
2025-07-23 05:00:00-04:00,1.1734499999999999,1.173775,1.17307,1.1735950000000002,9711.27989525348,5,0,False,False
2025-07-23 06:00:00-04:00,1.1735,1.1735099999999998,1.17252,1.1726100000000002,8594.469898119569,6,0,False,False
2025-07-23 07:00:00-04:00,1.172425,1.1730800000000001,1.172405,1.17258,9372.559874407947,7,0,False,False
2025-07-23 08:00:00-04:00,1.17265,1.173255,1.172085,1.17251,9957.419883199036,8,0,False,False
2025-07-23 09:00:00-04:00,1.1725599999999998,1.1728450000000001,1.171115,1.17263,12416.079848878086,9,0,False,False
2025-07-23 10:00:00-04:00,1.172755,1.17367,1.17244,1.173365,11137.309855654836,10,0,False,True
2025-07-23 11:00:00-04:00,1.17336,1.17492,1.172365,1.17468,15702.619838424027,11,0,False,False
2025-07-23 12:00:00-04:00,1.1748349999999999,1.1757849999999999,1.174325,1.175115,22090.50980039686,12,0,False,False
2025-07-23 13:00:00-04:00,1.175285,1.17638,1.175265,1.175975,10473.489862576127,13,0,False,False
2025-07-23 14:00:00-04:00,1.176075,1.17739,1.1760700000000002,1.1771349999999998,6661.42992824316,14,0,False,False
2025-07-23 15:00:00-04:00,1.17734,1.177445,1.176835,1.17733,3703.4799478426576,15,0,False,False
2025-07-23 16:00:00-04:00,1.1773500000000001,1.1775099999999998,1.17668,1.1770100000000001,4979.059914551675,16,0,False,False
2025-07-23 17:00:00-04:00,1.1771150000000001,1.177465,1.17692,1.177025,3896.5699923485518,17,0,False,False
2025-07-23 18:00:00-04:00,1.177205,1.17748,1.17714,1.177355,3281.609968997538,18,0,False,False
2025-07-23 19:00:00-04:00,1.177445,1.177845,1.1773150000000001,1.1773449999999999,1758.999974399805,19,0,False,False
2025-07-23 20:00:00-04:00,1.177205,1.177205,1.17626,1.17672,5871.6199153885245,20,0,False,False
2025-07-23 21:00:00-04:00,1.17692,1.17791,1.1768999999999998,1.17751,11180.609877936542,21,0,False,False
2025-07-23 22:00:00-04:00,1.17756,1.177825,1.177125,1.177685,8243.869909755886,22,0,False,False
2025-07-23 23:00:00-04:00,1.17766,1.17797,1.17741,1.17752,4724.15994361043,23,0,False,False
2025-07-24 00:00:00-04:00,1.1773349999999998,1.17775,1.1773349999999998,1.1774200000000001,2771.819959141314,0,0,True,False
2025-07-24 01:00:00-04:00,1.177365,1.17782,1.1771,1.1771,3299.2699492648244,1,0,True,False
2025-07-24 02:00:00-04:00,1.1770049999999999,1.17726,1.1757149999999998,1.1757149999999998,9964.129916235805,2,0,True,False
2025-07-24 03:00:00-04:00,1.17558,1.1768800000000001,1.17558,1.17615,19001.679880842566,3,0,True,False
2025-07-24 04:00:00-04:00,1.17628,1.17675,1.1756,1.1758,9552.61990775168,4,0,True,False
2025-07-24 05:00:00-04:00,1.175705,1.1758899999999999,1.174725,1.1752349999999998,6188.899916157126,5,0,False,False
2025-07-24 06:00:00-04:00,1.1752099999999999,1.17542,1.17442,1.174915,4985.839927747846,6,0,False,False
2025-07-24 07:00:00-04:00,1.1748699999999999,1.1755900000000001,1.17462,1.1755900000000001,6430.7299167737365,7,0,False,False
2025-07-24 08:00:00-04:00,1.1755200000000001,1.1757499999999999,1.17333,1.17362,12172.319844268262,8,0,False,False
2025-07-24 09:00:00-04:00,1.17347,1.17767,1.1733349999999998,1.177155,22788.32973346114,9,0,False,False
2025-07-24 10:00:00-04:00,1.17732,1.1787649999999998,1.17619,1.17662,16650.049784250557,10,0,False,True
2025-07-24 11:00:00-04:00,1.17676,1.1777099999999998,1.175835,1.1764700000000001,12946.139843411744,11,0,False,False
2025-07-24 12:00:00-04:00,1.176305,1.1771500000000001,1.175805,1.176265,7250.379897654057,12,0,False,False
2025-07-24 13:00:00-04:00,1.176355,1.177735,1.17606,1.176995,5762.03993318975,13,0,False,False
2025-07-24 14:00:00-04:00,1.17689,1.17689,1.176295,1.176585,4386.729954600334,14,0,False,False
2025-07-24 15:00:00-04:00,1.1765750000000001,1.1769699999999998,1.175835,1.175835,3145.939954340458,15,0,False,False
2025-07-24 16:00:00-04:00,1.175765,1.175995,1.17456,1.17486,4766.659936197102,16,0,False,False
2025-07-24 17:00:00-04:00,1.175015,1.1750150000000001,1.1738499999999998,1.1747450000000002,3358.899965405464,17,0,False,False
2025-07-24 18:00:00-04:00,1.174515,1.1753,1.1744949999999998,1.1751900000000002,2329.549967736006,18,0,False,False
2025-07-24 19:00:00-04:00,1.175195,1.175725,1.1749900000000002,1.175475,1571.119979634881,19,0,False,False
2025-07-24 20:00:00-04:00,1.175615,1.17587,1.1749399999999999,1.175455,5652.979923464358,20,0,False,False
2025-07-24 21:00:00-04:00,1.1755149999999999,1.17581,1.174045,1.17431,6900.439905755222,21,0,False,False
2025-07-24 22:00:00-04:00,1.17436,1.1743700000000001,1.173505,1.1739199999999999,3982.5699482411146,22,0,False,False
2025-07-24 23:00:00-04:00,1.173785,1.174515,1.173715,1.1742599999999999,5452.249949216843,23,0,False,False
2025-07-25 00:00:00-04:00,1.1742599999999999,1.17459,1.17362,1.174,3331.099948182702,0,0,True,False
2025-07-25 01:00:00-04:00,1.17415,1.174725,1.1738,1.1746949999999998,5792.129919074476,1,0,True,False
2025-07-25 02:00:00-04:00,1.1748349999999999,1.176025,1.1742650000000001,1.1747800000000002,9092.719874866307,2,0,True,False
2025-07-25 03:00:00-04:00,1.17508,1.1759,1.17503,1.1752799999999999,13973.939858987927,3,0,True,False
2025-07-25 04:00:00-04:00,1.175445,1.1756000000000002,1.174215,1.174325,14895.489862456918,4,0,True,False
2025-07-25 05:00:00-04:00,1.1743000000000001,1.1743000000000001,1.17333,1.1735099999999998,9488.659913800657,5,0,False,False
2025-07-25 06:00:00-04:00,1.1733449999999999,1.173705,1.172495,1.172835,7140.459924027324,6,0,False,False
2025-07-25 07:00:00-04:00,1.1727349999999999,1.173015,1.1713149999999999,1.1721,11052.579903490841,7,0,False,False
2025-07-25 08:00:00-04:00,1.17199,1.172705,1.1713,1.1718199999999999,9205.709893614054,8,0,False,False
2025-07-25 09:00:00-04:00,1.172125,1.17283,1.170495,1.172175,25709.059705756605,9,0,False,False
2025-07-25 10:00:00-04:00,1.172405,1.17353,1.172405,1.172955,13777.569842651486,10,0,False,True
2025-07-25 11:00:00-04:00,1.172975,1.173775,1.172405,1.17289,8246.189892545342,11,0,False,False
2025-07-25 12:00:00-04:00,1.1729500000000002,1.17306,1.17208,1.1729,6759.739907056093,12,0,False,False
2025-07-25 13:00:00-04:00,1.17289,1.17388,1.17289,1.17364,4231.509945876896,13,0,False,False
2025-07-25 14:00:00-04:00,1.1736550000000001,1.1745899999999998,1.1736550000000001,1.17455,4915.579944677651,14,0,False,False
2025-07-25 15:00:00-04:00,1.174515,1.1747,1.174145,1.17439,2629.229964248836,15,0,False,False
2025-07-25 16:00:00-04:00,1.1742849999999998,1.1743000000000001,1.1737799999999998,1.17415,3836.5899254903197,16,0,False,False
2025-07-27 17:00:00-04:00,1.175475,1.17645,1.175475,1.176225,1329.7699689865112,17,0,False,False
2025-07-27 18:00:00-04:00,1.176025,1.17687,1.1752,1.1755149999999999,4964.929928854108,18,0,False,False
2025-07-27 19:00:00-04:00,1.175525,1.176015,1.175405,1.17556,3204.469956025481,19,0,False,False
2025-07-27 20:00:00-04:00,1.17584,1.177015,1.175505,1.1763849999999998,7055.639891825616,20,0,False,False
2025-07-27 21:00:00-04:00,1.17651,1.176965,1.1748750000000001,1.17524,6964.839892797172,21,0,False,False
2025-07-27 22:00:00-04:00,1.17517,1.175705,1.1747450000000002,1.1755,3661.1499419286847,22,0,False,False
2025-07-27 23:00:00-04:00,1.17533,1.175675,1.175135,1.1756600000000001,3012.509954728186,23,0,False,False
2025-07-28 00:00:00-04:00,1.1757,1.175705,1.17459,1.174735,3623.609951272607,0,0,True,False
2025-07-28 01:00:00-04:00,1.17468,1.1747299999999998,1.1740300000000001,1.17408,3467.3799553588033,1,0,True,False
2025-07-28 02:00:00-04:00,1.17414,1.174415,1.1711749999999999,1.17214,13165.869831547141,2,0,True,False
2025-07-28 03:00:00-04:00,1.1721499999999998,1.1722100000000002,1.16749,1.16749,16817.059789784253,3,0,True,False
2025-07-28 04:00:00-04:00,1.1678799999999998,1.16896,1.167145,1.167905,10568.599841549993,4,0,True,False
2025-07-28 05:00:00-04:00,1.16806,1.16838,1.166285,1.1667,10024.679867856205,5,0,False,False
2025-07-28 06:00:00-04:00,1.16717,1.16717,1.1656300000000002,1.16581,8638.759885899723,6,0,False,False
2025-07-28 07:00:00-04:00,1.1657700000000002,1.1657700000000002,1.16446,1.1651150000000001,15280.889835089445,7,0,False,False
2025-07-28 08:00:00-04:00,1.165635,1.166515,1.16487,1.1657899999999999,14908.049801275134,8,0,False,False
2025-07-28 09:00:00-04:00,1.1659199999999998,1.16607,1.16273,1.1633200000000001,13291.879785969853,9,0,False,False
2025-07-28 10:00:00-04:00,1.16338,1.16462,1.1632099999999999,1.1637300000000002,13947.209793038666,10,0,False,True
2025-07-28 11:00:00-04:00,1.1636799999999998,1.1638600000000001,1.1608800000000001,1.1608800000000001,11874.579857163131,11,0,False,False
2025-07-28 12:00:00-04:00,1.16093,1.16093,1.1599249999999999,1.1599249999999999,6602.219918780029,12,0,False,False
2025-07-28 13:00:00-04:00,1.16001,1.16001,1.158985,1.159215,6445.889926955104,13,0,False,False
2025-07-28 14:00:00-04:00,1.15938,1.1594799999999998,1.15857,1.1594799999999998,5806.509929344058,14,0,False,False
2025-07-28 15:00:00-04:00,1.1596000000000002,1.1596000000000002,1.15895,1.15917,2931.759962424636,15,0,False,False
2025-07-28 16:00:00-04:00,1.159185,1.1594,1.1586400000000001,1.1589,3107.3799541294575,16,0,False,False
2025-07-28 17:00:00-04:00,1.159115,1.15918,1.15889,1.1590500000000001,2247.0399878025055,17,0,False,False
2025-07-28 18:00:00-04:00,1.1587749999999999,1.15942,1.1587749999999999,1.159375,1866.6699772551656,18,0,False,False
2025-07-28 19:00:00-04:00,1.159465,1.15964,1.15896,1.15964,1429.0899867713451,19,0,False,False
2025-07-28 20:00:00-04:00,1.159615,1.15974,1.158515,1.158515,3578.659945510328,20,0,False,False
2025-07-28 21:00:00-04:00,1.1587749999999999,1.15982,1.15873,1.1591,8058.499968074262,21,0,False,False
2025-07-28 22:00:00-04:00,1.15936,1.15991,1.15936,1.15972,7210.049982510507,22,0,False,False
2025-07-28 23:00:00-04:00,1.1597,1.1598000000000002,1.15822,1.1583100000000002,3415.4099752232432,23,0,False,False
2025-07-29 00:00:00-04:00,1.15825,1.1588699999999998,1.157635,1.1588699999999998,3849.9299494177103,0,0,True,False
2025-07-29 01:00:00-04:00,1.1585999999999999,1.1589200000000002,1.157845,1.157875,3694.559971228242,1,0,True,False
2025-07-29 02:00:00-04:00,1.1578499999999998,1.15849,1.15339,1.15339,16308.379842497408,2,0,True,False
2025-07-29 03:00:00-04:00,1.1543,1.155485,1.1528450000000001,1.155485,19092.479803293943,3,0,True,False
2025-07-29 04:00:00-04:00,1.15547,1.1569099999999999,1.1553399999999998,1.1569099999999999,10187.65988818556,4,0,True,False
2025-07-29 05:00:00-04:00,1.15737,1.158445,1.1564,1.15768,8227.439892798662,5,0,False,False
2025-07-29 06:00:00-04:00,1.1576,1.158765,1.157325,1.15741,6780.999917209148,6,0,False,False
2025-07-29 07:00:00-04:00,1.15747,1.15747,1.1539,1.15401,12147.919878803194,7,0,False,False
2025-07-29 08:00:00-04:00,1.153765,1.15411,1.1524999999999999,1.1524999999999999,10949.589880079031,8,0,False,False
2025-07-29 09:00:00-04:00,1.152525,1.15463,1.1519849999999998,1.15463,14146.779847763479,9,0,False,False
2025-07-29 10:00:00-04:00,1.15439,1.1544349999999999,1.1522700000000001,1.15229,26887.21975146979,10,0,False,True
2025-07-29 11:00:00-04:00,1.15224,1.153995,1.15224,1.1533449999999998,12883.869874022901,11,0,False,False
2025-07-29 12:00:00-04:00,1.153685,1.154895,1.1536499999999998,1.1541450000000002,7171.259906329215,12,0,False,False
2025-07-29 13:00:00-04:00,1.15407,1.1559,1.154055,1.154175,8125.669884338975,13,0,False,False
2025-07-29 14:00:00-04:00,1.15428,1.155035,1.153775,1.155035,5592.9499390125275,14,0,False,False
2025-07-29 15:00:00-04:00,1.15493,1.1557050000000002,1.154925,1.1549999999999998,7572.619951032102,15,0,False,False
2025-07-29 16:00:00-04:00,1.15504,1.155255,1.1545,1.1546500000000002,3157.3899570405483,16,0,False,False
2025-07-29 17:00:00-04:00,1.154685,1.15486,1.1546750000000001,1.15486,2649.009981930256,17,0,False,False
2025-07-29 18:00:00-04:00,1.154955,1.15503,1.154735,1.1549800000000001,1734.3099797815084,18,0,False,False
2025-07-29 19:00:00-04:00,1.154965,1.1550850000000001,1.1547049999999999,1.1550850000000001,972.2099901810288,19,0,False,False
2025-07-29 20:00:00-04:00,1.1552250000000002,1.156765,1.15516,1.156725,11441.30995427072,20,0,False,False
2025-07-29 21:00:00-04:00,1.15683,1.157205,1.156105,1.156425,15948.540001519024,21,0,False,False
2025-07-29 22:00:00-04:00,1.1564800000000002,1.15683,1.1560700000000002,1.15639,7749.869983673096,22,0,False,False
2025-07-29 23:00:00-04:00,1.1565599999999998,1.157045,1.155885,1.156185,7034.079982057214,23,0,False,False
2025-07-30 00:00:00-04:00,1.1559,1.1559,1.155075,1.15513,5126.309978865087,0,0,True,False
2025-07-30 01:00:00-04:00,1.1550500000000001,1.15586,1.15486,1.1550150000000001,6857.209944501519,1,0,True,False
2025-07-30 02:00:00-04:00,1.154895,1.1559650000000001,1.15408,1.1556600000000001,14452.189903229475,2,0,True,False
2025-07-30 03:00:00-04:00,1.1556,1.156585,1.155225,1.1553499999999999,14359.379911370575,3,0,True,False
2025-07-30 04:00:00-04:00,1.15546,1.15586,1.1549049999999998,1.1556899999999999,7083.959906950593,4,0,True,False
2025-07-30 05:00:00-04:00,1.15573,1.155975,1.15451,1.15518,7677.659905813634,5,0,False,False
2025-07-30 06:00:00-04:00,1.1553499999999999,1.15547,1.15335,1.15395,7772.919913545251,6,0,False,False
2025-07-30 07:00:00-04:00,1.1539700000000002,1.15407,1.15224,1.15311,15171.969936139882,7,0,False,False
2025-07-30 08:00:00-04:00,1.15337,1.15337,1.147075,1.147305,31398.27975346893,8,0,False,False
2025-07-30 09:00:00-04:00,1.147255,1.14788,1.1458949999999999,1.146935,24895.269789159298,9,0,False,False
2025-07-30 10:00:00-04:00,1.1471,1.1481249999999998,1.14664,1.14806,13161.869850263,10,0,False,True
2025-07-30 11:00:00-04:00,1.1480100000000002,1.1484450000000002,1.1465450000000001,1.146875,10027.839893721044,11,0,False,False
2025-07-30 12:00:00-04:00,1.146975,1.1474000000000002,1.146535,1.1473849999999999,6466.5599178522825,12,0,False,False
2025-07-30 13:00:00-04:00,1.147635,1.1482,1.1475300000000002,1.1481750000000002,5700.569926612079,13,0,False,False
2025-07-30 14:00:00-04:00,1.148515,1.150215,1.1424400000000001,1.1424400000000001,31428.37955750525,14,0,False,False
2025-07-30 15:00:00-04:00,1.142725,1.14357,1.141655,1.142395,24579.08978191018,15,0,False,False
2025-07-30 16:00:00-04:00,1.14263,1.1429399999999998,1.14024,1.1405500000000002,11675.069954141974,16,0,False,False
2025-07-30 17:00:00-04:00,1.14053,1.140905,1.140435,1.14085,4546.989982560277,17,0,False,False
2025-07-30 18:00:00-04:00,1.14087,1.1424050000000001,1.14087,1.142295,3532.5999689549208,18,0,False,False
2025-07-30 19:00:00-04:00,1.142125,1.14301,1.141985,1.142815,2732.449966661632,19,0,False,False
2025-07-30 20:00:00-04:00,1.143265,1.14371,1.143125,1.14343,5698.919905543327,20,0,False,False
2025-07-30 21:00:00-04:00,1.1432600000000002,1.14377,1.14241,1.1430799999999999,5638.729913786054,21,0,False,False
2025-07-30 22:00:00-04:00,1.14303,1.143125,1.14219,1.14291,4631.609928674996,22,0,False,False
2025-07-30 23:00:00-04:00,1.1432099999999998,1.1433749999999998,1.140875,1.14234,7179.429900236428,23,0,False,False
2025-07-31 00:00:00-04:00,1.142355,1.1435650000000002,1.14202,1.1435650000000002,4016.3799400404096,0,0,True,False
2025-07-31 01:00:00-04:00,1.143595,1.144255,1.143135,1.143655,5457.909931704402,1,0,True,False
2025-07-31 02:00:00-04:00,1.1436549999999999,1.1459700000000002,1.1436549999999999,1.1458499999999998,10865.579848870635,2,0,True,False
2025-07-31 03:00:00-04:00,1.14566,1.14577,1.1435300000000002,1.1448800000000001,11376.419855684042,3,0,True,False
2025-07-31 04:00:00-04:00,1.144865,1.1453799999999998,1.1438700000000002,1.145015,9941.489867046475,4,0,True,False
2025-07-31 05:00:00-04:00,1.144745,1.144745,1.1433200000000001,1.1433200000000001,6462.7599164918065,5,0,False,False
2025-07-31 06:00:00-04:00,1.14349,1.1440700000000001,1.1421000000000001,1.14397,7856.549899637699,6,0,False,False
2025-07-31 07:00:00-04:00,1.14385,1.145075,1.14371,1.14492,8522.35989370197,7,0,False,False
2025-07-31 08:00:00-04:00,1.1449500000000001,1.14508,1.142535,1.1428699999999998,17514.25981579721,8,0,False,False
2025-07-31 09:00:00-04:00,1.1429200000000002,1.1429200000000002,1.140775,1.1411449999999999,16068.339821204543,9,0,False,False
2025-07-31 10:00:00-04:00,1.14108,1.14494,1.1408200000000002,1.1444999999999999,21734.369790785015,10,0,False,True
2025-07-31 11:00:00-04:00,1.144415,1.1449250000000002,1.142955,1.14302,15102.20984428376,11,0,False,False
2025-07-31 12:00:00-04:00,1.14317,1.14317,1.1422249999999998,1.1422599999999998,7750.559890143573,12,0,False,False
2025-07-31 13:00:00-04:00,1.142335,1.142385,1.14168,1.141955,5431.689922198653,13,0,False,False
2025-07-31 14:00:00-04:00,1.1418149999999998,1.14323,1.14157,1.14266,4498.319938503206,14,0,False,False
2025-07-31 15:00:00-04:00,1.14288,1.1431049999999998,1.141235,1.141235,6179.019925035536,15,0,False,False
2025-07-31 16:00:00-04:00,1.1410550000000002,1.1417199999999998,1.1409799999999999,1.141535,8521.229973755777,16,0,False,False
2025-07-31 17:00:00-04:00,1.14176,1.141855,1.141585,1.141685,1618.9899772331119,17,0,False,False
2025-07-31 18:00:00-04:00,1.141905,1.142285,1.1415199999999999,1.14179,2317.259970538318,18,0,False,False
2025-07-31 19:00:00-04:00,1.14174,1.14259,1.1412499999999999,1.142195,8150.529922172427,19,0,False,False
2025-07-31 20:00:00-04:00,1.14196,1.142855,1.141655,1.1424400000000001,5337.5599064305425,20,0,False,False
2025-07-31 21:00:00-04:00,1.14232,1.14276,1.14056,1.14072,7060.849898606539,21,0,False,False
2025-07-31 22:00:00-04:00,1.1409099999999999,1.1414849999999999,1.1406999999999998,1.14113,5623.809919051826,22,0,False,False
2025-07-31 23:00:00-04:00,1.14114,1.1421800000000002,1.14114,1.14184,3064.9199469834566,23,0,False,False
2025-08-01 00:00:00-04:00,1.14184,1.1421299999999999,1.141625,1.141915,3166.0199521407485,0,0,True,False
2025-08-01 01:00:00-04:00,1.1417199999999998,1.1433200000000001,1.141655,1.1430850000000001,3816.2199452370405,1,0,True,False
2025-08-01 02:00:00-04:00,1.143,1.1437249999999999,1.142625,1.142935,5919.039899900556,2,0,True,False
2025-08-01 03:00:00-04:00,1.14309,1.1434,1.14139,1.14189,8486.539862960577,3,0,True,False
2025-08-01 04:00:00-04:00,1.1418650000000001,1.141995,1.14062,1.14066,6545.349897615612,4,0,True,False
2025-08-01 05:00:00-04:00,1.140795,1.1412399999999998,1.1393550000000001,1.140075,6061.449911490083,5,0,False,False
2025-08-01 06:00:00-04:00,1.14035,1.14168,1.14035,1.14121,6678.899902589619,6,0,False,False
2025-08-01 07:00:00-04:00,1.1411099999999998,1.1421700000000001,1.14047,1.14047,7890.579899199307,7,0,False,False
2025-08-01 08:00:00-04:00,1.1405500000000002,1.155465,1.13923,1.1545299999999998,52701.309566468,8,0,False,False
2025-08-01 09:00:00-04:00,1.155155,1.158275,1.154015,1.1562100000000002,66124.5095474273,9,0,False,False
2025-08-01 10:00:00-04:00,1.1584699999999999,1.1584699999999999,1.155115,1.1556,53206.29969210178,10,0,False,True
2025-08-01 11:00:00-04:00,1.155215,1.156395,1.15371,1.155445,15842.66980663687,11,0,False,False
2025-08-01 12:00:00-04:00,1.155485,1.15619,1.1538599999999999,1.15394,10462.879866562784,12,0,False,False
2025-08-01 13:00:00-04:00,1.15377,1.15377,1.15183,1.15266,11775.639886625111,13,0,False,False
2025-08-01 14:00:00-04:00,1.152675,1.15469,1.1522800000000002,1.1525750000000001,9246.549893915653,14,0,False,False
2025-08-01 15:00:00-04:00,1.1524299999999998,1.158055,1.1524299999999998,1.156905,16648.90978255123,15,0,False,False
2025-08-01 16:00:00-04:00,1.157,1.159585,1.15697,1.158565,10984.789884738624,16,0,False,False
2025-08-03 17:00:00-04:00,1.15927,1.1596099999999998,1.159065,1.159115,2897.6599832475185,17,0,False,False
2025-08-03 18:00:00-04:00,1.1593849999999999,1.159485,1.157835,1.15838,8724.239945016801,18,0,False,False
2025-08-03 19:00:00-04:00,1.158665,1.15897,1.157925,1.15877,4346.089960977435,19,0,False,False
2025-08-03 20:00:00-04:00,1.15873,1.15873,1.155665,1.155805,8999.919874958694,20,0,False,False
2025-08-03 21:00:00-04:00,1.1556250000000001,1.1571699999999998,1.155145,1.15713,9797.789883054793,21,0,False,False
2025-08-03 22:00:00-04:00,1.1574200000000001,1.157785,1.15686,1.15757,4859.299922294915,22,0,False,False
2025-08-03 23:00:00-04:00,1.157815,1.1585100000000002,1.1576499999999998,1.15793,4436.149941980839,23,0,False,False
2025-08-04 00:00:00-04:00,1.15787,1.158505,1.1574499999999999,1.1574499999999999,5795.339969754219,0,0,True,False
2025-08-04 01:00:00-04:00,1.157365,1.158195,1.1567699999999999,1.15703,4870.819928109646,1,0,True,False
2025-08-04 02:00:00-04:00,1.1569099999999999,1.158235,1.15647,1.1571850000000001,13439.039856508374,2,0,True,False
2025-08-04 03:00:00-04:00,1.1569150000000001,1.15757,1.15527,1.1563750000000002,13971.999836869538,3,0,True,False
2025-08-04 04:00:00-04:00,1.15629,1.1564,1.1550699999999998,1.15581,13724.709865219891,4,0,True,False
2025-08-04 05:00:00-04:00,1.15592,1.157645,1.15558,1.15645,10692.219868212938,5,0,False,False
2025-08-04 06:00:00-04:00,1.1565400000000001,1.1576499999999998,1.1555849999999999,1.157395,9988.089891858399,6,0,False,False
2025-08-04 07:00:00-04:00,1.157475,1.15856,1.1564999999999999,1.1566800000000002,11667.149868443608,7,0,False,False
2025-08-04 08:00:00-04:00,1.156655,1.158785,1.15619,1.15753,13627.739846393466,8,0,False,False
2025-08-04 09:00:00-04:00,1.15759,1.15879,1.1575199999999999,1.157585,13109.899831086397,9,0,False,False
2025-08-04 10:00:00-04:00,1.15798,1.1585649999999998,1.1557300000000001,1.1564,19221.399780236185,10,0,False,True
2025-08-04 11:00:00-04:00,1.15635,1.157595,1.1562350000000001,1.156705,14058.459862016141,11,0,False,False
2025-08-04 12:00:00-04:00,1.15683,1.15741,1.155755,1.15721,6822.719916976988,12,0,False,False
2025-08-04 13:00:00-04:00,1.15707,1.15737,1.15646,1.1573099999999998,4709.139926634729,13,0,False,False
2025-08-04 14:00:00-04:00,1.15726,1.1577350000000002,1.15653,1.15653,6646.489934138954,14,0,False,False
2025-08-04 15:00:00-04:00,1.156825,1.157205,1.1563050000000001,1.1568049999999999,4861.289938956499,15,0,False,False
2025-08-04 16:00:00-04:00,1.1567150000000002,1.1575600000000001,1.1566049999999999,1.157105,3311.7399783805013,16,0,False,False
2025-08-04 17:00:00-04:00,1.15721,1.15721,1.156895,1.156895,1657.9099941402674,17,0,False,False
2025-08-04 18:00:00-04:00,1.1573099999999998,1.15814,1.1572749999999998,1.1579350000000002,3075.1899805143476,18,0,False,False
2025-08-04 19:00:00-04:00,1.157895,1.15854,1.157895,1.158395,2165.1599797680974,19,0,False,False
2025-08-04 20:00:00-04:00,1.15855,1.15877,1.157085,1.157195,12114.519924163818,20,0,False,False
2025-08-04 21:00:00-04:00,1.15721,1.1573,1.15603,1.156385,15199.789944656193,21,0,False,False
2025-08-04 22:00:00-04:00,1.15632,1.156365,1.15564,1.1560350000000001,9770.369944915175,22,0,False,False
2025-08-04 23:00:00-04:00,1.1560199999999998,1.156135,1.155485,1.155545,7128.299964830279,23,0,False,False
2025-08-05 00:00:00-04:00,1.155535,1.15597,1.15544,1.155845,6418.119961030781,0,0,True,False
2025-08-05 01:00:00-04:00,1.155805,1.155805,1.1545100000000001,1.15483,7159.579937130213,1,0,True,False
2025-08-05 02:00:00-04:00,1.154425,1.155985,1.154425,1.155095,7355.399907402694,2,0,True,False
2025-08-05 03:00:00-04:00,1.15493,1.15614,1.15384,1.154625,11403.409869343042,3,0,True,False
2025-08-05 04:00:00-04:00,1.15428,1.154865,1.15326,1.15367,11665.979867644608,4,0,True,False
2025-08-05 05:00:00-04:00,1.153515,1.15464,1.1530399999999998,1.15422,8496.689893119037,5,0,False,False
2025-08-05 06:00:00-04:00,1.15414,1.15454,1.153545,1.15443,9715.239899657667,6,0,False,False
2025-08-05 07:00:00-04:00,1.154345,1.15466,1.152835,1.153945,6642.629912279546,7,0,False,False
2025-08-05 08:00:00-04:00,1.15375,1.1546850000000002,1.15313,1.15374,12077.069831050932,8,0,False,False
2025-08-05 09:00:00-04:00,1.153735,1.1553749999999998,1.15328,1.15374,14948.319835796952,9,0,False,False
2025-08-05 10:00:00-04:00,1.1547749999999999,1.1565699999999999,1.15353,1.1565150000000002,24767.219725616276,10,0,False,True
2025-08-05 11:00:00-04:00,1.156635,1.158215,1.15639,1.1579549999999998,12156.42984572053,11,0,False,False
2025-08-05 12:00:00-04:00,1.15794,1.15852,1.1578149999999998,1.158285,6966.139915898442,12,0,False,False
2025-08-05 13:00:00-04:00,1.15823,1.1583,1.1576300000000002,1.157835,3840.81994766742,13,0,False,False
2025-08-05 14:00:00-04:00,1.157915,1.1579199999999998,1.1571699999999998,1.1573600000000002,9995.24995687604,14,0,False,False
2025-08-05 15:00:00-04:00,1.15714,1.15748,1.15671,1.15728,4294.579952545464,15,0,False,False
2025-08-05 16:00:00-04:00,1.1573799999999999,1.157735,1.1571799999999999,1.15753,2769.589969985187,16,0,False,False
2025-08-05 17:00:00-04:00,1.157495,1.15759,1.15732,1.157395,1543.0799867287278,17,0,False,False
2025-08-05 18:00:00-04:00,1.15758,1.15768,1.157165,1.1576149999999998,1617.579980932176,18,0,False,False
2025-08-05 19:00:00-04:00,1.157625,1.158115,1.15735,1.157855,1787.7699800655246,19,0,False,False
2025-08-05 20:00:00-04:00,1.157845,1.158505,1.15733,1.15739,3673.159956037998,20,0,False,False
2025-08-05 21:00:00-04:00,1.1572,1.1572,1.156525,1.15671,4534.999947473407,21,0,False,False
2025-08-05 22:00:00-04:00,1.156585,1.1571349999999998,1.156485,1.15692,4868.649934113026,22,0,False,False
2025-08-05 23:00:00-04:00,1.15707,1.15816,1.15698,1.15801,4719.789967238903,23,0,False,False
2025-08-06 00:00:00-04:00,1.15808,1.15856,1.1578,1.158305,2767.929964028299,0,0,True,False
2025-08-06 01:00:00-04:00,1.158115,1.1582400000000002,1.157435,1.15788,4781.769950941205,1,0,True,False
2025-08-06 02:00:00-04:00,1.157705,1.158715,1.157705,1.15787,8816.779916346073,2,0,True,False
2025-08-06 03:00:00-04:00,1.157735,1.1582050000000002,1.1572399999999998,1.1581000000000001,6329.249921835959,3,0,True,False
2025-08-06 04:00:00-04:00,1.157985,1.1583299999999999,1.15707,1.157505,6714.959912106395,4,0,True,False
2025-08-06 05:00:00-04:00,1.15761,1.1587999999999998,1.15757,1.1585,5680.219932548702,5,0,False,False
2025-08-06 06:00:00-04:00,1.1584699999999999,1.1609349999999998,1.1584699999999999,1.1607150000000002,11339.899891078472,6,0,False,False
2025-08-06 07:00:00-04:00,1.160385,1.16137,1.15997,1.16042,6975.539917208254,7,0,False,False
2025-08-06 08:00:00-04:00,1.160555,1.1627999999999998,1.1600899999999998,1.162375,9670.229877740145,8,0,False,False
2025-08-06 09:00:00-04:00,1.16262,1.1635900000000001,1.161775,1.1635900000000001,16173.669846363366,9,0,False,False
2025-08-06 10:00:00-04:00,1.16289,1.1635900000000001,1.1623,1.1627399999999999,14075.599865198135,10,0,False,True
2025-08-06 11:00:00-04:00,1.16266,1.164655,1.16259,1.16464,23788.60983211547,11,0,False,False
2025-08-06 12:00:00-04:00,1.1644800000000002,1.16472,1.16313,1.1634600000000002,8336.349891625345,12,0,False,False
2025-08-06 13:00:00-04:00,1.16361,1.165495,1.16361,1.16491,6965.589906647801,13,0,False,False
2025-08-06 14:00:00-04:00,1.1648999999999998,1.1667999999999998,1.164895,1.1662400000000002,8476.289925180376,14,0,False,False
2025-08-06 15:00:00-04:00,1.166305,1.1663299999999999,1.16547,1.165655,3149.569960206747,15,0,False,False
2025-08-06 16:00:00-04:00,1.1657549999999999,1.16601,1.165155,1.16598,5819.349951647222,16,0,False,False
2025-08-06 17:00:00-04:00,1.16592,1.16592,1.1654499999999999,1.165715,3646.1899866089225,17,0,False,False
2025-08-06 18:00:00-04:00,1.166125,1.16655,1.166125,1.166395,3894.399975053966,18,0,False,False
2025-08-06 19:00:00-04:00,1.166215,1.166355,1.165945,1.166315,1346.469979956746,19,0,False,False
2025-08-06 20:00:00-04:00,1.1660650000000001,1.1660650000000001,1.165175,1.16526,9008.899900376797,20,0,False,False
2025-08-06 21:00:00-04:00,1.16523,1.16625,1.165,1.1657899999999999,5876.399914234877,21,0,False,False
2025-08-06 22:00:00-04:00,1.16588,1.16649,1.1656499999999999,1.1657350000000002,3533.599939711392,22,0,False,False
2025-08-06 23:00:00-04:00,1.16577,1.1665,1.16535,1.166465,8456.489958107471,23,0,False,False
2025-08-07 00:00:00-04:00,1.16632,1.16756,1.16632,1.1671399999999998,5204.879934728146,0,0,True,False
2025-08-07 01:00:00-04:00,1.16729,1.167565,1.16687,1.16751,3663.2899462133646,1,0,True,False
2025-08-07 02:00:00-04:00,1.1675149999999999,1.167905,1.166845,1.1676000000000002,8992.539891570807,2,0,True,False
2025-08-07 03:00:00-04:00,1.1675399999999998,1.169105,1.1673399999999998,1.168975,8779.299910329282,3,0,True,False
2025-08-07 04:00:00-04:00,1.1690200000000002,1.16978,1.167635,1.16827,13349.239850848913,4,0,True,False
2025-08-07 05:00:00-04:00,1.16838,1.16838,1.167065,1.1670699999999998,6621.509924069047,5,0,False,False
2025-08-07 06:00:00-04:00,1.1671399999999998,1.1671399999999998,1.1662400000000002,1.167025,8102.429899856448,6,0,False,False
2025-08-07 07:00:00-04:00,1.16719,1.16719,1.163705,1.16446,26781.639710985124,7,0,False,False
2025-08-07 08:00:00-04:00,1.16433,1.1660849999999998,1.16377,1.1651150000000001,22404.359783381224,8,0,False,False
2025-08-07 09:00:00-04:00,1.1651799999999999,1.1656749999999998,1.163815,1.164285,25398.099760442972,9,0,False,False
2025-08-07 10:00:00-04:00,1.16464,1.16464,1.161635,1.16243,30287.709556221962,10,0,False,True
2025-08-07 11:00:00-04:00,1.162265,1.164135,1.1614550000000001,1.16398,23302.86968294531,11,0,False,False
2025-08-07 12:00:00-04:00,1.16404,1.1644299999999999,1.16354,1.16383,6030.399925626814,12,0,False,False
2025-08-07 13:00:00-04:00,1.16384,1.163975,1.16327,1.1633200000000001,6530.029925018549,13,0,False,False
2025-08-07 14:00:00-04:00,1.1632850000000001,1.16369,1.162185,1.162215,5164.46994266659,14,0,False,False
2025-08-07 15:00:00-04:00,1.162215,1.165565,1.1620400000000002,1.1654550000000001,13898.649878874421,15,0,False,False
2025-08-07 16:00:00-04:00,1.16555,1.167055,1.16555,1.1665,4965.999959953129,16,0,False,False
2025-08-07 17:00:00-04:00,1.166575,1.16689,1.166145,1.1665999999999999,2968.6100230440497,17,0,False,False
2025-08-07 18:00:00-04:00,1.16668,1.1674449999999998,1.1665,1.16727,4103.87998303026,18,0,False,False
2025-08-07 19:00:00-04:00,1.16713,1.16781,1.16713,1.1676950000000001,2753.7399761527777,19,0,False,False
2025-08-07 20:00:00-04:00,1.1678600000000001,1.1678600000000001,1.166785,1.1672799999999999,12429.459894552827,20,0,False,False
2025-08-07 21:00:00-04:00,1.167335,1.1673650000000002,1.16564,1.1657449999999998,13450.329836577177,21,0,False,False
2025-08-07 22:00:00-04:00,1.1658,1.16649,1.1658,1.16608,5299.9899262189865,22,0,False,False
2025-08-07 23:00:00-04:00,1.16605,1.166115,1.1656300000000002,1.165985,3359.7299424409866,23,0,False,False
2025-08-08 00:00:00-04:00,1.16594,1.1663450000000002,1.1658,1.165835,2175.4199647158384,0,0,True,False
2025-08-08 01:00:00-04:00,1.165805,1.165985,1.163955,1.16411,5156.179930865765,1,0,True,False
2025-08-08 02:00:00-04:00,1.1643400000000002,1.16526,1.1643400000000002,1.1650200000000002,6512.439912945032,2,0,True,False
2025-08-08 03:00:00-04:00,1.165095,1.1664400000000001,1.16492,1.1659199999999998,8585.089895881712,3,0,True,False
2025-08-08 04:00:00-04:00,1.16595,1.166235,1.16357,1.1637149999999998,8791.099878527224,4,0,True,False
2025-08-08 05:00:00-04:00,1.164015,1.16435,1.16318,1.1641599999999999,9972.399882338941,5,0,False,False
2025-08-08 06:00:00-04:00,1.16418,1.16474,1.16306,1.16358,6093.5499127060175,6,0,False,False
2025-08-08 07:00:00-04:00,1.16363,1.16486,1.16363,1.16438,7551.049895353615,7,0,False,False
2025-08-08 08:00:00-04:00,1.1644700000000001,1.16533,1.1638600000000001,1.16418,8909.519877903163,8,0,False,False
2025-08-08 09:00:00-04:00,1.16431,1.16548,1.16422,1.164885,8948.459877841175,9,0,False,False
2025-08-08 10:00:00-04:00,1.16504,1.1662599999999999,1.165035,1.16561,11987.759871937335,10,0,False,True
2025-08-08 11:00:00-04:00,1.16554,1.1667800000000002,1.16553,1.1659899999999999,6685.819912597537,11,0,False,False
2025-08-08 12:00:00-04:00,1.16601,1.166285,1.165065,1.165635,5000.939935080707,12,0,False,False
2025-08-08 13:00:00-04:00,1.16559,1.1666750000000001,1.165435,1.1659000000000002,4749.439962156117,13,0,False,False
2025-08-08 14:00:00-04:00,1.16555,1.16628,1.16483,1.165605,7599.069976404309,14,0,False,False
2025-08-08 15:00:00-04:00,1.165495,1.1655600000000002,1.163745,1.1642649999999999,4532.889930777252,15,0,False,False
2025-08-08 16:00:00-04:00,1.164335,1.164335,1.1638700000000002,1.164065,5223.329958625138,16,0,False,False
2025-08-10 17:00:00-04:00,1.1646100000000001,1.16523,1.16453,1.16485,1163.0300062894821,17,0,False,False
2025-08-10 18:00:00-04:00,1.16452,1.164955,1.16439,1.16469,2943.7799662947655,18,0,False,False
2025-08-10 19:00:00-04:00,1.1647349999999999,1.1650800000000001,1.164485,1.1647750000000001,1844.9799811542034,19,0,False,False
2025-08-10 20:00:00-04:00,1.164625,1.1648450000000001,1.1642199999999998,1.1647500000000002,3726.9299404099584,20,0,False,False
2025-08-10 21:00:00-04:00,1.1647349999999999,1.1659,1.16459,1.1659,4004.3699320927262,21,0,False,False
2025-08-10 22:00:00-04:00,1.166315,1.1668150000000002,1.166315,1.1665999999999999,7565.949922524393,22,0,False,False
2025-08-10 23:00:00-04:00,1.16658,1.16743,1.1665299999999998,1.1671399999999998,4971.16993009299,23,0,False,False
2025-08-11 00:00:00-04:00,1.16729,1.1675300000000002,1.167125,1.167195,2518.7999731227756,0,0,True,False
2025-08-11 01:00:00-04:00,1.1670699999999998,1.1672500000000001,1.16677,1.166935,6631.049932613969,1,0,True,False
2025-08-11 02:00:00-04:00,1.167075,1.16738,1.1664050000000001,1.16643,7688.879906475544,2,0,True,False
2025-08-11 03:00:00-04:00,1.16631,1.16631,1.164655,1.16471,20673.059905283153,3,0,True,False
2025-08-11 04:00:00-04:00,1.16469,1.16604,1.16446,1.165515,10466.949913322926,4,0,True,False
2025-08-11 05:00:00-04:00,1.165505,1.16575,1.1639599999999999,1.16412,6688.949913740158,5,0,False,False
2025-08-11 06:00:00-04:00,1.164145,1.1647750000000001,1.1641400000000002,1.1646999999999998,6592.389923326671,6,0,False,False
2025-08-11 07:00:00-04:00,1.164445,1.1645750000000001,1.1624050000000001,1.1628699999999998,9532.639883711934,7,0,False,False
2025-08-11 08:00:00-04:00,1.1628699999999998,1.1628699999999998,1.16148,1.1620249999999999,27139.73988288641,8,0,False,False
2025-08-11 09:00:00-04:00,1.162045,1.162715,1.1616499999999998,1.1619549999999998,24391.89989385754,9,0,False,False
2025-08-11 10:00:00-04:00,1.16141,1.161775,1.1592250000000002,1.1595849999999999,14056.8998420313,10,0,False,True
2025-08-11 11:00:00-04:00,1.159795,1.1606800000000002,1.159065,1.16065,20858.699912384152,11,0,False,False
2025-08-11 12:00:00-04:00,1.16062,1.16114,1.16025,1.1607500000000002,7002.059927172959,12,0,False,False
2025-08-11 13:00:00-04:00,1.1607500000000002,1.16116,1.15999,1.161095,7297.269911199808,13,0,False,False
2025-08-11 14:00:00-04:00,1.161095,1.16141,1.1608100000000001,1.161235,7674.8799241781235,14,0,False,False
2025-08-11 15:00:00-04:00,1.16113,1.161225,1.1602899999999998,1.1605050000000001,4896.379948370159,15,0,False,False
2025-08-11 16:00:00-04:00,1.16048,1.161935,1.160455,1.16153,5159.91995459795,16,0,False,False
2025-08-11 17:00:00-04:00,1.161535,1.16167,1.16143,1.16167,4190.929985255003,17,0,False,False
2025-08-11 18:00:00-04:00,1.161815,1.16186,1.161065,1.161295,1797.9199847951531,18,0,False,False
2025-08-11 19:00:00-04:00,1.1613250000000002,1.16174,1.1613250000000002,1.161635,1334.9199844151735,19,0,False,False
2025-08-11 20:00:00-04:00,1.161665,1.16188,1.161245,1.1615250000000001,11787.91985655576,20,0,False,False
2025-08-11 21:00:00-04:00,1.1615199999999999,1.1625299999999998,1.1614849999999999,1.161925,4509.849928155541,21,0,False,False
2025-08-11 22:00:00-04:00,1.1619350000000002,1.16241,1.161835,1.16229,3273.509943187237,22,0,False,False
2025-08-11 23:00:00-04:00,1.16235,1.1623999999999999,1.1619000000000002,1.16208,2175.6799654215574,23,0,False,False
2025-08-12 00:00:00-04:00,1.16187,1.1627649999999998,1.161735,1.1627649999999998,3501.4299450069666,0,0,True,False
2025-08-12 01:00:00-04:00,1.16283,1.162875,1.1613250000000002,1.16139,15853.029860913754,1,0,True,False
2025-08-12 02:00:00-04:00,1.16177,1.161835,1.1609349999999998,1.1609349999999998,14665.359829954803,2,0,True,False
2025-08-12 03:00:00-04:00,1.16098,1.1622750000000002,1.16098,1.162035,8733.609884597361,3,0,True,False
2025-08-12 04:00:00-04:00,1.16201,1.1621899999999998,1.161245,1.1614849999999999,6283.869914039969,4,0,True,False
2025-08-12 05:00:00-04:00,1.16164,1.16164,1.160085,1.16066,6186.249912120402,5,0,False,False
2025-08-12 06:00:00-04:00,1.16067,1.1613,1.16067,1.16103,5919.669915348291,6,0,False,False
2025-08-12 07:00:00-04:00,1.16103,1.16103,1.1599249999999999,1.16052,6631.389922849834,7,0,False,False
2025-08-12 08:00:00-04:00,1.1606299999999998,1.16555,1.16015,1.1642350000000001,33720.509550228715,8,0,False,False
2025-08-12 09:00:00-04:00,1.16406,1.165895,1.16196,1.165235,37819.54946512729,9,0,False,False
2025-08-12 10:00:00-04:00,1.16553,1.16618,1.1644899999999998,1.1658,18412.809735625982,10,0,False,True
2025-08-12 11:00:00-04:00,1.165735,1.1694849999999999,1.165645,1.16722,19943.419705100358,11,0,False,False
2025-08-12 12:00:00-04:00,1.16724,1.1685050000000001,1.1667299999999998,1.167985,10132.439874276519,12,0,False,False
2025-08-12 13:00:00-04:00,1.1677650000000002,1.1680000000000001,1.1672099999999999,1.167325,8431.559898555279,13,0,False,False
2025-08-12 14:00:00-04:00,1.167115,1.1678600000000001,1.16656,1.16688,4898.439940311015,14,0,False,False
2025-08-12 15:00:00-04:00,1.1669100000000001,1.16756,1.16655,1.16747,8621.039918147027,15,0,False,False
2025-08-12 16:00:00-04:00,1.167485,1.1676449999999998,1.167235,1.167465,4020.559943012893,16,0,False,False
2025-08-12 17:00:00-04:00,1.167465,1.16774,1.16702,1.16743,2149.22997687757,17,0,False,False
2025-08-12 18:00:00-04:00,1.167625,1.1677300000000002,1.1674699999999998,1.167675,2353.1099775359035,18,0,False,False
2025-08-12 19:00:00-04:00,1.16767,1.1679149999999998,1.16754,1.16776,1210.8499827161431,19,0,False,False
2025-08-12 20:00:00-04:00,1.16785,1.1680549999999998,1.16718,1.16799,9154.709900774062,20,0,False,False
2025-08-12 21:00:00-04:00,1.1680899999999999,1.16862,1.16769,1.1677300000000002,7754.699884325266,21,0,False,False
2025-08-12 22:00:00-04:00,1.16775,1.1685699999999999,1.167065,1.16819,8063.799907170236,22,0,False,False
2025-08-12 23:00:00-04:00,1.16806,1.1687699999999999,1.16806,1.16839,3100.2699579894543,23,0,False,False
2025-08-13 00:00:00-04:00,1.16835,1.168545,1.168185,1.168415,3228.219949737191,0,0,True,False
2025-08-13 01:00:00-04:00,1.168415,1.16851,1.1676950000000001,1.167905,7915.209922999144,1,0,True,False
2025-08-13 02:00:00-04:00,1.168245,1.1695799999999998,1.1680700000000002,1.169225,9517.77987153083,2,0,True,False
2025-08-13 03:00:00-04:00,1.1693799999999999,1.1712500000000001,1.1693799999999999,1.17081,18505.249812819064,3,0,True,False
2025-08-13 04:00:00-04:00,1.170805,1.17201,1.170805,1.171415,17461.789848424494,4,0,True,False
2025-08-13 05:00:00-04:00,1.171535,1.1730049999999999,1.171535,1.1729349999999998,7215.129911623895,5,0,False,False
2025-08-13 06:00:00-04:00,1.1728550000000002,1.172995,1.17165,1.1716600000000001,7339.289920911193,6,0,False,False
2025-08-13 07:00:00-04:00,1.1715499999999999,1.1719,1.17084,1.1719,7002.2599151209,7,0,False,False
2025-08-13 08:00:00-04:00,1.171795,1.17208,1.169845,1.1698849999999998,10108.379879407585,8,0,False,False
2025-08-13 09:00:00-04:00,1.1700249999999999,1.170655,1.1694900000000001,1.17047,9870.789869904518,9,0,False,False
2025-08-13 10:00:00-04:00,1.17052,1.172285,1.17052,1.172015,14258.429824084044,10,0,False,True
2025-08-13 11:00:00-04:00,1.1718899999999999,1.172215,1.1708850000000002,1.17136,8796.29988270253,11,0,False,False
2025-08-13 12:00:00-04:00,1.17133,1.171495,1.170685,1.170685,8340.369903422892,12,0,False,False
2025-08-13 13:00:00-04:00,1.1706850000000002,1.17106,1.17038,1.170415,4818.949943318963,13,0,False,False
2025-08-13 14:00:00-04:00,1.17035,1.170375,1.1696149999999998,1.17005,7166.049939274788,14,0,False,False
2025-08-13 15:00:00-04:00,1.17004,1.1703450000000002,1.1697600000000001,1.16995,3434.7899597659707,15,0,False,False
2025-08-13 16:00:00-04:00,1.1699899999999999,1.1706699999999999,1.1699899999999999,1.170555,4393.469972774386,16,0,False,False
2025-08-13 17:00:00-04:00,1.170785,1.170785,1.170235,1.170595,3381.8400075137615,17,0,False,False
2025-08-13 18:00:00-04:00,1.17052,1.17082,1.17049,1.17082,1828.1599824428558,18,0,False,False
2025-08-13 19:00:00-04:00,1.1707649999999998,1.1712500000000001,1.1707649999999998,1.1712449999999999,2495.4399858489633,19,0,False,False
2025-08-13 20:00:00-04:00,1.1713149999999999,1.17138,1.1709800000000001,1.171125,7196.129914738238,20,0,False,False
2025-08-13 21:00:00-04:00,1.1712600000000002,1.17149,1.17096,1.17129,11473.019874945283,21,0,False,False
2025-08-13 22:00:00-04:00,1.1712449999999999,1.1712449999999999,1.16993,1.170505,11759.209889486432,22,0,False,False
2025-08-13 23:00:00-04:00,1.17046,1.170515,1.170005,1.170365,7321.809912383556,23,0,False,False
2025-08-14 00:00:00-04:00,1.1703000000000001,1.170615,1.170165,1.17039,4299.1199607253075,0,0,True,False
2025-08-14 01:00:00-04:00,1.17025,1.17036,1.16975,1.1701549999999998,4594.4899370372295,1,0,True,False
2025-08-14 02:00:00-04:00,1.1702849999999998,1.1706,1.16851,1.16851,14879.009846769273,2,0,True,False
2025-08-14 03:00:00-04:00,1.16872,1.16913,1.1678600000000001,1.1680000000000001,11614.279863707721,3,0,True,False
2025-08-14 04:00:00-04:00,1.167975,1.16845,1.16685,1.16685,8931.059893727303,4,0,True,False
2025-08-14 05:00:00-04:00,1.167095,1.16861,1.167095,1.16819,17870.609805308282,5,0,False,False
2025-08-14 06:00:00-04:00,1.1682000000000001,1.1697099999999998,1.16818,1.16954,13299.679837912321,6,0,False,False
2025-08-14 07:00:00-04:00,1.1694,1.169505,1.16838,1.1688049999999999,10369.039881527424,7,0,False,False
2025-08-14 08:00:00-04:00,1.16891,1.1692,1.165445,1.16638,46132.519925653934,8,0,False,False
2025-08-14 09:00:00-04:00,1.16591,1.16693,1.16494,1.165025,17142.24981801957,9,0,False,False
2025-08-14 10:00:00-04:00,1.1651449999999999,1.166535,1.1638799999999998,1.1660849999999998,14116.23981758207,10,0,False,True
2025-08-14 11:00:00-04:00,1.16616,1.166165,1.163885,1.164305,12890.669846914709,11,0,False,False
2025-08-14 12:00:00-04:00,1.1643249999999998,1.164515,1.163135,1.163425,8486.909898109734,12,0,False,False
2025-08-14 13:00:00-04:00,1.16363,1.164305,1.163255,1.1636799999999998,6419.299925081432,13,0,False,False
2025-08-14 14:00:00-04:00,1.1637849999999998,1.1642450000000002,1.1633499999999999,1.164135,4094.5399448648095,14,0,False,False
2025-08-14 15:00:00-04:00,1.164285,1.16503,1.164285,1.164825,3970.829957559705,15,0,False,False
2025-08-14 16:00:00-04:00,1.16493,1.165025,1.164535,1.1647750000000001,2706.929962962866,16,0,False,False
2025-08-14 17:00:00-04:00,1.164975,1.1651500000000001,1.1648299999999998,1.16513,1616.7199866250157,17,0,False,False
2025-08-14 18:00:00-04:00,1.164975,1.1652550000000002,1.1648450000000001,1.16501,1404.6799830496311,18,0,False,False
2025-08-14 19:00:00-04:00,1.1648649999999998,1.165235,1.164635,1.16506,2035.9399903789163,19,0,False,False
2025-08-14 20:00:00-04:00,1.164895,1.16523,1.1647349999999999,1.165205,3301.2199475690722,20,0,False,False
2025-08-14 21:00:00-04:00,1.1650399999999999,1.1657549999999999,1.164855,1.165295,8627.819942198694,21,0,False,False
2025-08-14 22:00:00-04:00,1.16543,1.1657199999999999,1.16501,1.16568,8143.419938154519,22,0,False,False
2025-08-14 23:00:00-04:00,1.165695,1.166395,1.165695,1.1660050000000002,2919.7499630749226,23,0,False,False
2025-08-15 00:00:00-04:00,1.16604,1.1663700000000001,1.16593,1.1663100000000002,2079.8599730059505,0,0,True,False
2025-08-15 01:00:00-04:00,1.16629,1.1671049999999998,1.16616,1.1671049999999998,3211.6299540326,1,0,True,False
2025-08-15 02:00:00-04:00,1.166875,1.16743,1.166585,1.16718,7404.65989407897,2,0,True,False
2025-08-15 03:00:00-04:00,1.167335,1.16838,1.1672799999999999,1.16828,7371.929908774793,3,0,True,False
2025-08-15 04:00:00-04:00,1.1684299999999999,1.16849,1.16769,1.1682299999999999,7473.869920581579,4,0,True,False
2025-08-15 05:00:00-04:00,1.16818,1.168975,1.168075,1.1687599999999998,7705.289900414646,5,0,False,False
2025-08-15 06:00:00-04:00,1.16879,1.16912,1.168075,1.16859,5634.839922249317,6,0,False,False
2025-08-15 07:00:00-04:00,1.1690649999999998,1.16912,1.16831,1.1687699999999999,4931.52993003279,7,0,False,False
2025-08-15 08:00:00-04:00,1.1687500000000002,1.169715,1.1677149999999998,1.1694,16777.069819889963,8,0,False,False
2025-08-15 09:00:00-04:00,1.169765,1.170525,1.16842,1.1703549999999998,18675.84980328381,9,0,False,False
2025-08-15 10:00:00-04:00,1.170565,1.17151,1.1704949999999998,1.17118,20097.40980077535,10,0,False,True
2025-08-15 11:00:00-04:00,1.171145,1.1714600000000002,1.17042,1.170685,9215.489885643125,11,0,False,False
2025-08-15 12:00:00-04:00,1.17048,1.17072,1.1701199999999998,1.1703899999999998,3712.939944423735,12,0,False,False
2025-08-15 13:00:00-04:00,1.1703199999999998,1.17056,1.17002,1.1704400000000001,3718.00995002687,13,0,False,False
2025-08-15 14:00:00-04:00,1.17042,1.17065,1.16996,1.1702599999999999,3026.879957690835,14,0,False,False
2025-08-15 15:00:00-04:00,1.17016,1.17032,1.170015,1.1701000000000001,3393.0899655520916,15,0,False,False
2025-08-15 16:00:00-04:00,1.170165,1.170805,1.1700849999999998,1.170555,5585.029926419258,16,0,False,False
2025-08-17 17:00:00-04:00,1.17129,1.171475,1.17107,1.171445,938.3999808132648,17,0,False,False
2025-08-17 18:00:00-04:00,1.1713550000000001,1.171395,1.17107,1.17135,2648.429965287447,18,0,False,False
2025-08-17 19:00:00-04:00,1.1714250000000002,1.1714250000000002,1.170445,1.1706349999999999,1802.9899762943387,19,0,False,False
2025-08-17 20:00:00-04:00,1.170725,1.17096,1.170045,1.17016,7202.5999012589455,20,0,False,False
2025-08-17 21:00:00-04:00,1.1701549999999998,1.17041,1.16939,1.1703199999999998,6194.429905369878,21,0,False,False
2025-08-17 22:00:00-04:00,1.17035,1.170495,1.16977,1.1701350000000001,2974.2099631801248,22,0,False,False
2025-08-17 23:00:00-04:00,1.170155,1.17045,1.17004,1.1703700000000001,2804.429952725768,23,0,False,False
2025-08-18 00:00:00-04:00,1.1706050000000001,1.171005,1.17029,1.17084,5588.679924450815,0,0,True,False
2025-08-18 01:00:00-04:00,1.1708500000000002,1.1708850000000002,1.17023,1.17061,5322.189936265349,1,0,True,False
2025-08-18 02:00:00-04:00,1.1707049999999999,1.170735,1.169415,1.169645,8422.019890412688,2,0,True,False
2025-08-18 03:00:00-04:00,1.16952,1.1703199999999998,1.1681249999999999,1.168135,7344.479882501066,3,0,True,False
2025-08-18 04:00:00-04:00,1.1681300000000001,1.168675,1.1671900000000002,1.16819,10992.189872078598,4,0,True,False
2025-08-18 05:00:00-04:00,1.1682000000000001,1.16855,1.167325,1.1680199999999998,5981.779918789864,5,0,False,False
2025-08-18 06:00:00-04:00,1.168045,1.168295,1.16779,1.1680899999999999,4933.549943611026,6,0,False,False
2025-08-18 07:00:00-04:00,1.168135,1.16875,1.16723,1.167495,11914.769975170493,7,0,False,False
2025-08-18 08:00:00-04:00,1.1673900000000001,1.167885,1.166865,1.1676449999999998,6325.769914105535,8,0,False,False
2025-08-18 09:00:00-04:00,1.16767,1.1677849999999999,1.16704,1.1677849999999999,8166.5999123975635,9,0,False,False
2025-08-18 10:00:00-04:00,1.16758,1.1684350000000001,1.166085,1.166415,10167.619878776371,10,0,False,True
2025-08-18 11:00:00-04:00,1.166425,1.167435,1.1661700000000002,1.1667399999999999,6779.939913056791,11,0,False,False
2025-08-18 12:00:00-04:00,1.16659,1.166715,1.165635,1.165785,5778.309940941632,12,0,False,False
2025-08-18 13:00:00-04:00,1.166095,1.16662,1.1657250000000001,1.16628,4857.769953213632,13,0,False,False
2025-08-18 14:00:00-04:00,1.1662249999999998,1.16676,1.16588,1.16601,3299.6899585053325,14,0,False,False
2025-08-18 15:00:00-04:00,1.16614,1.16702,1.16614,1.16673,3568.2299668341875,15,0,False,False
2025-08-18 16:00:00-04:00,1.1668850000000002,1.1668949999999998,1.1660599999999999,1.1660599999999999,4421.2599638700485,16,0,False,False
2025-08-18 17:00:00-04:00,1.1660599999999999,1.166265,1.1660599999999999,1.16621,1919.7699980661273,17,0,False,False
2025-08-18 18:00:00-04:00,1.16615,1.167415,1.16615,1.16697,3227.939969778061,18,0,False,False
2025-08-18 19:00:00-04:00,1.16685,1.16686,1.166255,1.16681,3089.8199612423778,19,0,False,False
2025-08-18 20:00:00-04:00,1.1667800000000002,1.167,1.165605,1.16584,7400.709929019213,20,0,False,False
2025-08-18 22:00:00-04:00,1.16474,1.165585,1.16474,1.1652900000000002,6804.6699308380485,22,0,False,False
2025-08-18 23:00:00-04:00,1.16532,1.16586,1.1650749999999999,1.1655099999999998,3498.289949774742,23,0,False,False
2025-08-19 00:00:00-04:00,1.1654550000000001,1.166135,1.1654200000000001,1.166075,3824.2799682468176,0,0,True,False
2025-08-19 01:00:00-04:00,1.16622,1.1665450000000002,1.16552,1.16553,3108.0499589666724,1,0,True,False
2025-08-19 02:00:00-04:00,1.165185,1.16744,1.1651799999999999,1.16744,7568.529919087887,2,0,True,False
2025-08-19 03:00:00-04:00,1.1673900000000001,1.16837,1.1673900000000001,1.16837,11699.969906419516,3,0,True,False
2025-08-19 04:00:00-04:00,1.16834,1.16834,1.1672,1.1675049999999998,6209.699930407107,4,0,True,False
2025-08-19 05:00:00-04:00,1.16757,1.16815,1.1673499999999999,1.16803,4832.049945779145,5,0,False,False
2025-08-19 06:00:00-04:00,1.16808,1.16919,1.16798,1.1688800000000001,4398.9199390262365,6,0,False,False
2025-08-19 07:00:00-04:00,1.1688800000000001,1.16923,1.168045,1.1685699999999999,5273.259938783944,7,0,False,False
2025-08-19 08:00:00-04:00,1.16843,1.1686800000000002,1.16743,1.16756,8250.769886486232,8,0,False,False
2025-08-19 09:00:00-04:00,1.1676799999999998,1.167765,1.1669100000000001,1.1676350000000002,9034.93987569958,9,0,False,False
2025-08-19 10:00:00-04:00,1.16771,1.16771,1.16652,1.16722,10871.949858650565,10,0,False,True
2025-08-19 11:00:00-04:00,1.16718,1.1675,1.16588,1.16588,8656.629911527038,11,0,False,False
2025-08-19 12:00:00-04:00,1.1661700000000002,1.16629,1.16546,1.16564,5764.139929674566,12,0,False,False
2025-08-19 13:00:00-04:00,1.1656300000000002,1.166005,1.1653099999999998,1.165465,4473.309946782887,13,0,False,False
2025-08-19 14:00:00-04:00,1.16543,1.16543,1.16426,1.16473,4108.289949528873,14,0,False,False
2025-08-19 15:00:00-04:00,1.1646450000000002,1.16476,1.1643249999999998,1.16465,2419.769964836538,15,0,False,False
2025-08-19 16:00:00-04:00,1.16461,1.1647949999999998,1.164495,1.164695,2937.3699760288,16,0,False,False
2025-08-19 17:00:00-04:00,1.16467,1.16506,1.1646,1.16463,4327.049994468689,17,0,False,False
2025-08-19 18:00:00-04:00,1.16467,1.16489,1.164485,1.16486,1395.7799829542637,18,0,False,False
2025-08-19 19:00:00-04:00,1.164835,1.164835,1.16411,1.164155,1781.9699773564935,19,0,False,False
2025-08-19 20:00:00-04:00,1.16424,1.16424,1.16323,1.16388,5901.199925787747,20,0,False,False
2025-08-19 21:00:00-04:00,1.164215,1.164215,1.1627399999999999,1.16275,5859.209925934672,21,0,False,False
2025-08-19 22:00:00-04:00,1.16251,1.162915,1.16227,1.16265,8177.419904343784,22,0,False,False
2025-08-19 23:00:00-04:00,1.162935,1.16361,1.162935,1.16331,3750.569942727685,23,0,False,False
2025-08-20 00:00:00-04:00,1.16326,1.163775,1.16326,1.1634449999999998,2581.039955534041,0,0,True,False
2025-08-20 01:00:00-04:00,1.16336,1.163995,1.1633,1.16394,3646.0599403455853,1,0,True,False
2025-08-20 02:00:00-04:00,1.1640000000000001,1.1640000000000001,1.16236,1.16336,12830.539840869606,2,0,True,False
2025-08-20 03:00:00-04:00,1.1638,1.164615,1.16353,1.16449,8743.489891290665,3,0,True,False
2025-08-20 04:00:00-04:00,1.164585,1.1645850000000002,1.16326,1.163795,9105.459903769195,4,0,True,False
2025-08-20 05:00:00-04:00,1.163905,1.1645599999999998,1.1635149999999999,1.16451,4885.009930372238,5,0,False,False
2025-08-20 06:00:00-04:00,1.16448,1.1657099999999998,1.16441,1.164705,7388.249919310212,6,0,False,False
2025-08-20 07:00:00-04:00,1.1648550000000002,1.16499,1.1640899999999998,1.16419,4352.859947279096,7,0,False,False
2025-08-20 08:00:00-04:00,1.1644999999999999,1.16731,1.1644999999999999,1.16711,10368.789863534272,8,0,False,False
2025-08-20 09:00:00-04:00,1.16689,1.1671,1.16574,1.16589,8949.069868147373,9,0,False,False
2025-08-20 10:00:00-04:00,1.165765,1.1667800000000002,1.16496,1.16631,12422.08983540535,10,0,False,True
2025-08-20 11:00:00-04:00,1.16625,1.16625,1.1647349999999999,1.1648049999999999,8023.599896892905,11,0,False,False
2025-08-20 12:00:00-04:00,1.1648999999999998,1.1661700000000002,1.1648999999999998,1.1659899999999999,4482.759941808879,12,0,False,False
2025-08-20 13:00:00-04:00,1.1659549999999999,1.16718,1.1659549999999999,1.16718,5522.739945366979,13,0,False,False
2025-08-20 14:00:00-04:00,1.1667100000000001,1.1667100000000001,1.165505,1.165505,6077.36992803961,14,0,False,False
2025-08-20 15:00:00-04:00,1.165265,1.16581,1.165265,1.165285,4057.9399593248963,15,0,False,False
2025-08-20 16:00:00-04:00,1.1652,1.1652,1.164725,1.16517,2790.859965607524,16,0,False,False
2025-08-20 17:00:00-04:00,1.165175,1.165445,1.165105,1.165285,3513.0999623909593,17,0,False,False
2025-08-20 18:00:00-04:00,1.165425,1.165555,1.165245,1.16527,1189.0899868384004,18,0,False,False
2025-08-20 19:00:00-04:00,1.1652,1.1653099999999998,1.164885,1.1651,1610.6899824216962,19,0,False,False
2025-08-20 20:00:00-04:00,1.165105,1.165105,1.164135,1.164695,5700.369927853346,20,0,False,False
2025-08-20 21:00:00-04:00,1.1648100000000001,1.165,1.1642649999999999,1.164615,5518.439927868545,21,0,False,False
2025-08-20 22:00:00-04:00,1.164585,1.16494,1.1643750000000002,1.16466,5194.119934506714,22,0,False,False
2025-08-20 23:00:00-04:00,1.16469,1.164855,1.16421,1.164615,1826.1299761012197,23,0,False,False
2025-08-21 00:00:00-04:00,1.1645050000000001,1.1648200000000002,1.1643400000000002,1.164545,2065.2299749031663,0,0,True,False
2025-08-21 01:00:00-04:00,1.1645699999999999,1.164945,1.1642000000000001,1.164945,4159.949957296252,1,0,True,False
2025-08-21 02:00:00-04:00,1.16494,1.16494,1.162665,1.1629900000000002,7209.009898215532,2,0,True,False
2025-08-21 03:00:00-04:00,1.162715,1.16608,1.1625999999999999,1.165825,10436.109882846475,3,0,True,False
2025-08-21 04:00:00-04:00,1.1657199999999999,1.1658149999999998,1.16503,1.1654849999999999,7657.42991617322,4,0,True,False
2025-08-21 05:00:00-04:00,1.165395,1.1661899999999998,1.165395,1.1654849999999999,5595.479929588735,5,0,False,False
2025-08-21 06:00:00-04:00,1.1654049999999998,1.16564,1.164835,1.164925,6625.4699281305075,6,0,False,False
2025-08-21 07:00:00-04:00,1.16525,1.1657,1.1639750000000002,1.16405,9771.049908526242,7,0,False,False
2025-08-21 08:00:00-04:00,1.164025,1.16559,1.163725,1.16467,12277.069861613214,8,0,False,False
2025-08-21 09:00:00-04:00,1.16472,1.164905,1.16167,1.162115,19625.239816248417,9,0,False,False
2025-08-21 10:00:00-04:00,1.161765,1.1628699999999998,1.1607349999999999,1.16157,23313.26978172362,10,0,False,True
2025-08-21 11:00:00-04:00,1.1617099999999998,1.16229,1.16019,1.160445,18132.30985929817,11,0,False,False
2025-08-21 12:00:00-04:00,1.160325,1.161125,1.1601650000000001,1.161115,6601.699941158295,12,0,False,False
2025-08-21 13:00:00-04:00,1.1611799999999999,1.16184,1.1611799999999999,1.1615000000000002,5154.699953563511,13,0,False,False
2025-08-21 14:00:00-04:00,1.16141,1.161665,1.16078,1.1609699999999998,4547.59996522218,14,0,False,False
2025-08-21 15:00:00-04:00,1.1608399999999999,1.16098,1.1604,1.1604999999999999,2905.95997479558,15,0,False,False
2025-08-21 16:00:00-04:00,1.160425,1.160835,1.1603599999999998,1.160585,2953.9999747127295,16,0,False,False
2025-08-21 17:00:00-04:00,1.160565,1.16112,1.160565,1.1609099999999999,5358.499972850084,17,0,False,False
2025-08-21 18:00:00-04:00,1.160795,1.161335,1.160795,1.161325,1313.0999886989594,18,0,False,False
2025-08-21 19:00:00-04:00,1.16133,1.161475,1.160975,1.161245,3001.2099866718054,19,0,False,False
2025-08-21 20:00:00-04:00,1.1612399999999998,1.1616499999999998,1.1611950000000002,1.161495,4469.769971072674,20,0,False,False
2025-08-21 21:00:00-04:00,1.1615600000000001,1.1615600000000001,1.1604700000000001,1.160815,3896.009953171015,21,0,False,False
2025-08-21 22:00:00-04:00,1.16064,1.161405,1.16058,1.160885,2882.6499645859003,22,0,False,False
2025-08-21 23:00:00-04:00,1.16083,1.16083,1.1589649999999998,1.1589649999999998,6687.259952530265,23,0,False,False
2025-08-22 00:00:00-04:00,1.15912,1.15937,1.15832,1.15846,4035.369960963726,0,0,True,False
2025-08-22 01:00:00-04:00,1.1583999999999999,1.158875,1.1583800000000002,1.1586850000000002,3713.3699613809586,1,0,True,False
2025-08-22 02:00:00-04:00,1.15852,1.15945,1.158375,1.15886,6301.869925007224,2,0,True,False
2025-08-22 03:00:00-04:00,1.159265,1.159835,1.159165,1.1594799999999998,10772.599936328828,3,0,True,False
2025-08-22 04:00:00-04:00,1.15942,1.15995,1.15918,1.15995,5245.129950217903,4,0,True,False
2025-08-22 05:00:00-04:00,1.15984,1.1602299999999999,1.1595849999999999,1.1596600000000001,5630.709959357977,5,0,False,False
2025-08-22 06:00:00-04:00,1.15985,1.1600000000000001,1.15937,1.1596,3915.849967338145,6,0,False,False
2025-08-22 07:00:00-04:00,1.15968,1.160585,1.1595300000000002,1.16045,6640.379942521453,7,0,False,False
2025-08-22 08:00:00-04:00,1.16064,1.161325,1.16064,1.16087,6203.7399417981505,8,0,False,False
2025-08-22 09:00:00-04:00,1.16087,1.16187,1.159785,1.160015,10017.13990548253,9,0,False,False
2025-08-22 10:00:00-04:00,1.165295,1.17187,1.165295,1.1718250000000001,70185.20762008429,10,0,False,True
2025-08-22 11:00:00-04:00,1.17184,1.1731449999999999,1.17123,1.17123,32705.869497545063,11,0,False,False
2025-08-22 12:00:00-04:00,1.171275,1.1725150000000002,1.171275,1.1722000000000001,12699.439865201712,12,0,False,False
2025-08-22 13:00:00-04:00,1.1723750000000002,1.174165,1.1723750000000002,1.173695,15564.009794607759,13,0,False,False
2025-08-22 14:00:00-04:00,1.1735950000000002,1.17388,1.1721300000000001,1.1721300000000001,7816.299918174744,14,0,False,False
2025-08-22 15:00:00-04:00,1.172095,1.1721,1.171605,1.1720000000000002,3702.8999567627907,15,0,False,False
2025-08-22 16:00:00-04:00,1.17201,1.172675,1.17165,1.17165,6149.167944483459,16,0,False,False
2025-08-24 17:00:00-04:00,1.17233,1.17275,1.172275,1.1723,1216.485982939601,17,0,False,False
2025-08-24 18:00:00-04:00,1.17224,1.17224,1.171135,1.171295,3137.887965708971,18,0,False,False
2025-08-24 19:00:00-04:00,1.171385,1.171385,1.17077,1.17084,1827.2599762007594,19,0,False,False
2025-08-24 20:00:00-04:00,1.17069,1.17069,1.169615,1.1698,4752.879944339395,20,0,False,False
2025-08-24 21:00:00-04:00,1.169825,1.1703000000000001,1.1694499999999999,1.169635,5587.269940748811,21,0,False,False
2025-08-24 22:00:00-04:00,1.1695,1.1699950000000001,1.1695,1.169715,3436.959969036281,22,0,False,False
2025-08-24 23:00:00-04:00,1.1700249999999999,1.17076,1.1700249999999999,1.170685,3282.189980261028,23,0,False,False
2025-08-25 00:00:00-04:00,1.1707049999999999,1.170775,1.170375,1.17059,2704.419988684356,0,0,True,False
2025-08-25 01:00:00-04:00,1.17052,1.17052,1.16986,1.17007,2969.8499816432595,1,0,True,False
2025-08-25 02:00:00-04:00,1.1705,1.17199,1.17048,1.1714799999999999,8160.529908850789,2,0,True,False
2025-08-25 03:00:00-04:00,1.171365,1.1718000000000002,1.169765,1.169785,6152.959928147495,3,0,True,False
2025-08-25 04:00:00-04:00,1.17008,1.171045,1.169825,1.17042,6890.999937064946,4,0,True,False
2025-08-25 05:00:00-04:00,1.1703000000000001,1.17045,1.169065,1.169325,4712.159953325987,5,0,False,False
2025-08-25 06:00:00-04:00,1.16937,1.1697000000000002,1.168625,1.1687699999999999,4997.009934388101,6,0,False,False
2025-08-25 07:00:00-04:00,1.16885,1.170275,1.16885,1.170275,5621.429937712848,7,0,False,False
2025-08-25 08:00:00-04:00,1.17018,1.1702,1.1694200000000001,1.1699899999999999,5492.199929237366,8,0,False,False
2025-08-25 09:00:00-04:00,1.1699350000000002,1.1708699999999999,1.1694900000000001,1.170305,7010.909922681749,9,0,False,False
2025-08-25 10:00:00-04:00,1.16987,1.170515,1.16901,1.16901,10566.769889213145,10,0,False,True
2025-08-25 11:00:00-04:00,1.168905,1.169165,1.1666850000000002,1.166925,13512.25990729034,11,0,False,False
2025-08-25 12:00:00-04:00,1.166855,1.166885,1.16517,1.1654849999999999,8105.829931810498,12,0,False,False
2025-08-25 13:00:00-04:00,1.16548,1.165585,1.16421,1.164675,6012.599934898317,13,0,False,False
2025-08-25 14:00:00-04:00,1.1646800000000002,1.16476,1.16196,1.16205,7654.869935683906,14,0,False,False
2025-08-25 15:00:00-04:00,1.1619899999999999,1.1619899999999999,1.16041,1.160965,8434.869944095612,15,0,False,False
2025-08-25 16:00:00-04:00,1.161045,1.162545,1.161045,1.1618249999999999,7952.519999533892,16,0,False,False
2025-08-25 17:00:00-04:00,1.16188,1.162295,1.1616749999999998,1.1619549999999998,4957.179977796972,17,0,False,False
2025-08-25 18:00:00-04:00,1.16189,1.162245,1.161875,1.162055,2228.9099806770682,18,0,False,False
2025-08-25 19:00:00-04:00,1.1620849999999998,1.1620849999999998,1.161265,1.1614550000000001,2355.8099865987897,19,0,False,False
2025-08-25 20:00:00-04:00,1.1612399999999998,1.16584,1.1610200000000002,1.1648100000000001,24414.569781847298,20,0,False,False
2025-08-25 21:00:00-04:00,1.16469,1.16501,1.16357,1.1641949999999999,10786.639892056584,21,0,False,False
2025-08-25 22:00:00-04:00,1.1642649999999999,1.164685,1.163285,1.1636600000000001,7155.3199270144105,22,0,False,False
2025-08-25 23:00:00-04:00,1.16347,1.16347,1.162455,1.16257,4698.579957798123,23,0,False,False
2025-08-26 00:00:00-04:00,1.1627200000000002,1.163185,1.1623999999999999,1.163185,4832.49996496737,0,0,True,False
2025-08-26 01:00:00-04:00,1.1630150000000001,1.16437,1.1630099999999999,1.1641249999999999,6588.369961731136,1,0,True,False
2025-08-26 02:00:00-04:00,1.163945,1.163945,1.161555,1.1622400000000002,12711.639904819429,2,0,True,False
2025-08-26 03:00:00-04:00,1.1622400000000002,1.16279,1.160355,1.162175,18656.659977525473,3,0,True,False
2025-08-26 04:00:00-04:00,1.16239,1.16245,1.16071,1.161805,15125.290001735091,4,0,True,False
2025-08-26 05:00:00-04:00,1.161925,1.164275,1.16186,1.16425,13786.029934570193,5,0,False,False
2025-08-26 06:00:00-04:00,1.1642100000000002,1.16467,1.163785,1.1644999999999999,9064.449927814305,6,0,False,False
2025-08-26 07:00:00-04:00,1.16446,1.1659950000000001,1.16419,1.16539,13444.09987475723,7,0,False,False
2025-08-26 08:00:00-04:00,1.1656499999999999,1.16589,1.164595,1.164615,22689.569765597582,8,0,False,False
2025-08-26 09:00:00-04:00,1.164695,1.165595,1.16403,1.1651099999999999,21068.679724514484,9,0,False,False
2025-08-26 10:00:00-04:00,1.164765,1.166395,1.1646,1.1654650000000002,16350.55984120071,10,0,False,True
2025-08-26 11:00:00-04:00,1.1654149999999999,1.1663100000000002,1.1650200000000002,1.16555,12551.149895198643,11,0,False,False
2025-08-26 12:00:00-04:00,1.1657099999999998,1.1660499999999998,1.16489,1.16489,5502.399943269789,12,0,False,False
2025-08-26 13:00:00-04:00,1.1647500000000002,1.16521,1.1637849999999998,1.1637849999999998,5457.279959671199,13,0,False,False
2025-08-26 14:00:00-04:00,1.1638199999999999,1.16469,1.16342,1.164365,5125.929949954152,14,0,False,False
2025-08-26 15:00:00-04:00,1.16445,1.16483,1.1640000000000001,1.16406,4485.389963626862,15,0,False,False
2025-08-26 16:00:00-04:00,1.164025,1.164315,1.1634449999999998,1.164245,3928.2399725168943,16,0,False,False
2025-08-26 17:00:00-04:00,1.16426,1.164795,1.16426,1.1645750000000001,4584.419963181019,17,0,False,False
2025-08-26 18:00:00-04:00,1.16453,1.1647750000000001,1.1641400000000002,1.164315,2141.0399768054485,18,0,False,False
2025-08-26 19:00:00-04:00,1.164145,1.16437,1.163715,1.163715,2667.3699895888567,19,0,False,False
2025-08-26 20:00:00-04:00,1.163705,1.1641599999999999,1.16344,1.163675,3747.9499546587467,20,0,False,False
2025-08-26 21:00:00-04:00,1.16388,1.1640199999999998,1.1631200000000002,1.1633900000000001,6968.729950428009,21,0,False,False
2025-08-26 22:00:00-04:00,1.163385,1.16339,1.1625,1.16313,4807.419954113662,22,0,False,False
2025-08-26 23:00:00-04:00,1.163065,1.163275,1.1623450000000002,1.16252,4191.299965254962,23,0,False,False
2025-08-27 00:00:00-04:00,1.16243,1.16243,1.16123,1.16141,4101.47996224463,0,0,True,False
2025-08-27 01:00:00-04:00,1.16144,1.1620400000000002,1.1614300000000002,1.1620400000000002,4700.4799864813685,1,0,True,False
2025-08-27 02:00:00-04:00,1.16204,1.16239,1.16164,1.1620849999999998,9587.409931086004,2,0,True,False
2025-08-27 03:00:00-04:00,1.162005,1.162005,1.1597849999999998,1.160355,10686.689921945333,3,0,True,False
2025-08-27 04:00:00-04:00,1.160215,1.160215,1.15774,1.15888,13089.519919291139,4,0,True,False
2025-08-27 05:00:00-04:00,1.158855,1.1594799999999998,1.1586699999999999,1.15902,6151.099936299026,5,0,False,False
2025-08-27 06:00:00-04:00,1.158895,1.159265,1.15795,1.15795,6312.819939061999,6,0,False,False
2025-08-27 07:00:00-04:00,1.1579000000000002,1.158915,1.15747,1.15861,8640.459919050336,7,0,False,False
2025-08-27 08:00:00-04:00,1.1588500000000002,1.159745,1.1585,1.1586400000000001,11580.519905991852,8,0,False,False
2025-08-27 09:00:00-04:00,1.158525,1.160335,1.158525,1.159795,20433.8799200356,9,0,False,False
2025-08-27 10:00:00-04:00,1.1599,1.160245,1.1583700000000001,1.15924,17173.969869062304,10,0,False,True
2025-08-27 11:00:00-04:00,1.1594600000000002,1.16123,1.15933,1.1610800000000001,11449.429885484278,11,0,False,False
2025-08-27 12:00:00-04:00,1.16112,1.1640549999999998,1.16112,1.1638199999999999,10833.469943448901,12,0,False,False
2025-08-27 13:00:00-04:00,1.1637650000000002,1.1642350000000001,1.16327,1.16379,6547.479935467243,13,0,False,False
2025-08-27 14:00:00-04:00,1.163665,1.163725,1.162825,1.16306,10751.699964523315,14,0,False,False
2025-08-27 15:00:00-04:00,1.1629800000000001,1.1635149999999999,1.1629800000000001,1.16338,11326.209989488125,15,0,False,False
2025-08-27 16:00:00-04:00,1.16357,1.1638549999999999,1.16319,1.1638549999999999,5975.0199983567,16,0,False,False
2025-08-27 17:00:00-04:00,1.1638549999999999,1.163905,1.16353,1.16375,2133.15998634696,17,0,False,False
2025-08-27 18:00:00-04:00,1.163985,1.16438,1.16384,1.16434,2162.229982510209,18,0,False,False
2025-08-27 19:00:00-04:00,1.164345,1.164755,1.1642649999999999,1.164745,1571.1199814081192,19,0,False,False
2025-08-27 20:00:00-04:00,1.1648100000000001,1.164925,1.16428,1.1645699999999999,4441.019952565432,20,0,False,False
2025-08-27 21:00:00-04:00,1.164525,1.164965,1.164255,1.16452,4263.839962102473,21,0,False,False
2025-08-27 22:00:00-04:00,1.16459,1.16538,1.164545,1.1652749999999998,7871.009968802333,22,0,False,False
2025-08-27 23:00:00-04:00,1.16527,1.1653950000000002,1.1642649999999999,1.164295,3255.069971576333,23,0,False,False
2025-08-28 00:00:00-04:00,1.16424,1.16433,1.1639149999999998,1.1639849999999998,2460.6299777030945,0,0,True,False
2025-08-28 01:00:00-04:00,1.16391,1.16403,1.1636199999999999,1.163745,3224.649965584278,1,0,True,False
2025-08-28 02:00:00-04:00,1.16372,1.16445,1.163435,1.1642899999999998,7789.539916053414,2,0,True,False
2025-08-28 03:00:00-04:00,1.16426,1.16475,1.16352,1.16438,9970.549913808703,3,0,True,False
2025-08-28 04:00:00-04:00,1.16428,1.1644999999999999,1.163075,1.16424,8169.259903721511,4,0,True,False
2025-08-28 05:00:00-04:00,1.16442,1.16534,1.16442,1.1648749999999999,6151.679927304387,5,0,False,False
2025-08-28 06:00:00-04:00,1.165,1.16747,1.1648800000000001,1.16715,8517.489931561053,6,0,False,False
2025-08-28 07:00:00-04:00,1.167205,1.167205,1.1659899999999999,1.166665,7392.899927936494,7,0,False,False
2025-08-28 08:00:00-04:00,1.16689,1.168665,1.166305,1.16696,21970.189818635583,8,0,False,False
2025-08-28 09:00:00-04:00,1.16695,1.1675550000000001,1.1659549999999999,1.16723,17408.399857893586,9,0,False,False
2025-08-28 10:00:00-04:00,1.167055,1.1685349999999999,1.1668699999999999,1.16704,21750.729873791337,10,0,False,True
2025-08-28 11:00:00-04:00,1.16693,1.1674600000000002,1.16616,1.1672099999999999,11251.389894075692,11,0,False,False
2025-08-28 12:00:00-04:00,1.1672150000000001,1.169,1.1672150000000001,1.16894,6087.279939979315,12,0,False,False
2025-08-28 13:00:00-04:00,1.16889,1.169715,1.1686999999999999,1.1688,6034.289953172207,13,0,False,False
2025-08-28 14:00:00-04:00,1.168835,1.1689699999999998,1.16851,1.168905,3880.6299686431885,14,0,False,False
2025-08-28 15:00:00-04:00,1.1688999999999998,1.1688999999999998,1.1682350000000001,1.1682700000000001,2630.879973113537,15,0,False,False
2025-08-28 16:00:00-04:00,1.1682700000000001,1.168365,1.1678250000000001,1.168365,2736.929984420538,16,0,False,False
2025-08-28 17:00:00-04:00,1.16825,1.16825,1.167805,1.1678950000000001,3208.62993773818,17,0,False,False
2025-08-28 18:00:00-04:00,1.16792,1.1680549999999998,1.167385,1.167415,3669.5299267843366,18,0,False,False
2025-08-28 19:00:00-04:00,1.16751,1.1681650000000001,1.16751,1.167875,1694.5399823188782,19,0,False,False
2025-08-28 20:00:00-04:00,1.1678600000000001,1.1681400000000002,1.1674099999999998,1.1674799999999999,3307.429952904582,20,0,False,False
2025-08-28 21:00:00-04:00,1.16751,1.16763,1.165645,1.16588,7452.919934779406,21,0,False,False
2025-08-28 22:00:00-04:00,1.16596,1.16641,1.16596,1.1661899999999998,6059.819963976741,22,0,False,False
2025-08-28 23:00:00-04:00,1.1661549999999998,1.16646,1.16602,1.166265,3178.3799742385745,23,0,False,False
2025-08-29 00:00:00-04:00,1.166265,1.166485,1.165875,1.166485,2949.7899793833494,0,0,True,False
2025-08-29 01:00:00-04:00,1.16648,1.167,1.16618,1.1669999999999998,4286.9599704146385,1,0,True,False
2025-08-29 02:00:00-04:00,1.16683,1.166905,1.16618,1.16675,6355.739925503731,2,0,True,False
2025-08-29 03:00:00-04:00,1.16669,1.1676250000000001,1.16634,1.167595,8095.939912945032,3,0,True,False
2025-08-29 04:00:00-04:00,1.167535,1.1688049999999999,1.1670699999999998,1.16758,10597.40990703553,4,0,True,False
2025-08-29 05:00:00-04:00,1.16767,1.1681300000000001,1.16697,1.1673,9740.31992470473,5,0,False,False
2025-08-29 06:00:00-04:00,1.1673200000000001,1.1674099999999998,1.1665999999999999,1.1667800000000002,8522.02992400527,6,0,False,False
2025-08-29 07:00:00-04:00,1.166695,1.16675,1.166165,1.166315,5907.939934834838,7,0,False,False
2025-08-29 08:00:00-04:00,1.1663000000000001,1.1663899999999998,1.1652,1.1658650000000002,12918.299852788448,8,0,False,False
2025-08-29 09:00:00-04:00,1.1662,1.1672850000000001,1.16543,1.166895,14186.48985490948,9,0,False,False
2025-08-29 11:00:00-04:00,1.170425,1.17063,1.1694499999999999,1.1694499999999999,13011.529870413244,11,0,False,False
2025-08-29 12:00:00-04:00,1.1695099999999998,1.17063,1.16941,1.1701700000000002,8418.639924250543,12,0,False,False
2025-08-29 13:00:00-04:00,1.1699000000000002,1.17021,1.1696499999999999,1.1696499999999999,7245.989945828915,13,0,False,False
2025-08-29 14:00:00-04:00,1.1696550000000001,1.1699000000000002,1.169365,1.1698499999999998,8959.749841868877,14,0,False,False
2025-08-29 15:00:00-04:00,1.16987,1.1699000000000002,1.169335,1.16984,8491.94983959198,15,0,False,False
2025-08-29 16:00:00-04:00,1.16988,1.17004,1.168305,1.168525,7383.999952942133,16,0,False,False
2025-08-31 17:00:00-04:00,1.169585,1.1696900000000001,1.16873,1.16891,1084.2599756717682,17,0,False,False
2025-08-31 18:00:00-04:00,1.168895,1.1690800000000001,1.168705,1.16887,2172.669976018369,18,0,False,False
2025-08-31 19:00:00-04:00,1.168825,1.1690450000000001,1.1687349999999999,1.16903,1518.659985423088,19,0,False,False
2025-08-31 20:00:00-04:00,1.1690200000000002,1.1697899999999999,1.1690200000000002,1.16971,2681.139957278967,20,0,False,False
2025-08-31 21:00:00-04:00,1.1697199999999999,1.1697199999999999,1.168835,1.16948,4075.1399400681257,21,0,False,False
2025-08-31 22:00:00-04:00,1.1696849999999999,1.17129,1.16968,1.17118,4790.809938043356,22,0,False,False
2025-08-31 23:00:00-04:00,1.17131,1.1714,1.1704750000000002,1.170835,2804.1199665665627,23,0,False,False
2025-09-01 00:00:00-04:00,1.170805,1.17096,1.1704949999999998,1.17084,2171.7099767178297,0,0,True,False
2025-09-01 01:00:00-04:00,1.1709,1.1715200000000001,1.17089,1.17145,3126.32997328043,1,0,True,False
2025-09-01 02:00:00-04:00,1.17145,1.173295,1.17142,1.17253,8059.019918978214,2,0,True,False
2025-09-01 03:00:00-04:00,1.17255,1.17269,1.17154,1.1725349999999999,8864.159918256104,3,0,True,False
2025-09-01 04:00:00-04:00,1.17249,1.17354,1.17165,1.17354,12578.109891474247,4,0,True,False
2025-09-01 05:00:00-04:00,1.1736,1.1736,1.17196,1.17196,6708.089936688542,5,0,False,False
2025-09-01 06:00:00-04:00,1.1718250000000001,1.17255,1.1718250000000001,1.17196,6155.299948088825,6,0,False,False
2025-09-01 07:00:00-04:00,1.17203,1.1728450000000001,1.17139,1.17145,5622.109939321876,7,0,False,False
2025-09-01 08:00:00-04:00,1.1715200000000001,1.171665,1.1706699999999999,1.17077,7332.119944557548,8,0,False,False
2025-09-01 09:00:00-04:00,1.1706599999999998,1.171605,1.170585,1.17079,7283.249937839806,9,0,False,False
2025-09-01 10:00:00-04:00,1.17068,1.17138,1.17068,1.1711,7377.85992833972,10,0,False,True
2025-09-01 11:00:00-04:00,1.171135,1.171135,1.1699700000000002,1.1699700000000002,5878.579952508211,11,0,False,False
2025-09-01 12:00:00-04:00,1.169735,1.17048,1.169735,1.17048,2747.709969550371,12,0,False,False
2025-09-01 13:00:00-04:00,1.17049,1.1705100000000002,1.17023,1.17043,991.9799896329641,13,0,False,False
2025-09-01 14:00:00-04:00,1.1704050000000001,1.1707450000000001,1.1704050000000001,1.1707450000000001,1081.2599913477898,14,0,False,False
2025-09-01 15:00:00-04:00,1.17079,1.1713749999999998,1.17079,1.1712850000000001,988.7799909710884,15,0,False,False
2025-09-01 16:00:00-04:00,1.171205,1.1713550000000001,1.171115,1.171115,1384.5299886465073,16,0,False,False
2025-09-01 17:00:00-04:00,1.17108,1.17108,1.170875,1.17094,3021.6799689531326,17,0,False,False
2025-09-01 18:00:00-04:00,1.171025,1.17136,1.1709100000000001,1.171105,2355.019992299378,18,0,False,False
2025-09-01 19:00:00-04:00,1.171145,1.1717849999999999,1.1711,1.171485,1274.1699872165918,19,0,False,False
2025-09-01 20:00:00-04:00,1.171455,1.1715,1.1703700000000001,1.170455,10701.459963083267,20,0,False,False
2025-09-01 21:00:00-04:00,1.17025,1.170575,1.17005,1.1703700000000001,10310.519906640053,21,0,False,False
2025-09-01 22:00:00-04:00,1.170355,1.1703700000000001,1.169295,1.169835,8153.959958806634,22,0,False,False
2025-09-01 23:00:00-04:00,1.169915,1.169915,1.1693449999999999,1.16952,4227.039982691407,23,0,False,False
2025-09-02 00:00:00-04:00,1.169515,1.169555,1.16907,1.16933,3348.499978840351,0,0,True,False
2025-09-02 01:00:00-04:00,1.1693500000000001,1.169705,1.1687750000000001,1.169435,5359.1199680790305,1,0,True,False
2025-09-02 02:00:00-04:00,1.16981,1.17054,1.1696900000000001,1.17032,5856.409924954176,2,0,True,False
2025-09-02 03:00:00-04:00,1.1703700000000001,1.17062,1.1644999999999999,1.1645949999999998,26151.079806372523,3,0,True,False
2025-09-02 04:00:00-04:00,1.1646800000000002,1.1655,1.163385,1.16451,23961.44979481399,4,0,True,False
2025-09-02 05:00:00-04:00,1.16462,1.164755,1.1627,1.16376,20619.78987789154,5,0,False,False
2025-09-02 06:00:00-04:00,1.163525,1.164185,1.16268,1.163185,16072.079962387681,6,0,False,False
2025-09-02 07:00:00-04:00,1.16337,1.164925,1.16283,1.16467,29429.090088911355,7,0,False,False
2025-09-02 08:00:00-04:00,1.16467,1.16527,1.1614300000000002,1.16173,22043.019858822227,8,0,False,False
2025-09-02 09:00:00-04:00,1.16189,1.165065,1.1616499999999998,1.165015,20194.41982334107,9,0,False,False
2025-09-02 10:00:00-04:00,1.16598,1.16819,1.16598,1.166245,31707.959813408554,10,0,False,True
2025-09-02 11:00:00-04:00,1.1661700000000002,1.16676,1.16505,1.16526,18146.309867054224,11,0,False,False
2025-09-02 12:00:00-04:00,1.16538,1.16538,1.1643599999999998,1.164415,8724.849925652146,12,0,False,False
2025-09-02 13:00:00-04:00,1.16451,1.1648,1.1642100000000002,1.16424,5321.639960959554,13,0,False,False
2025-09-02 14:00:00-04:00,1.1642299999999999,1.1642899999999998,1.16296,1.163365,6874.059938967228,14,0,False,False
2025-09-02 15:00:00-04:00,1.16347,1.16413,1.16322,1.16413,8067.569988831878,15,0,False,False
2025-09-02 16:00:00-04:00,1.1641050000000002,1.164335,1.1638950000000001,1.164255,4244.619971036911,16,0,False,False
2025-09-02 17:00:00-04:00,1.16403,1.16428,1.163935,1.1642299999999999,6830.229992747307,17,0,False,False
2025-09-02 18:00:00-04:00,1.16408,1.164415,1.16371,1.1637149999999998,2355.3099913597107,18,0,False,False
2025-09-02 19:00:00-04:00,1.1637149999999998,1.1637149999999998,1.1632850000000001,1.1632850000000001,5893.390010595322,19,0,False,False
2025-09-02 20:00:00-04:00,1.163345,1.1636250000000001,1.1629399999999999,1.1633200000000001,5186.719978824258,20,0,False,False
2025-09-02 21:00:00-04:00,1.16343,1.1634799999999998,1.1627049999999999,1.1630449999999999,13558.019973307848,21,0,False,False
2025-09-02 22:00:00-04:00,1.163055,1.16351,1.162575,1.1627399999999999,9971.389960333705,22,0,False,False
2025-09-02 23:00:00-04:00,1.1628699999999998,1.1630150000000001,1.1623549999999998,1.1623549999999998,6767.419981837273,23,0,False,False
2025-09-03 00:00:00-04:00,1.1623549999999998,1.163185,1.16227,1.163185,8274.819984219968,0,0,True,False
2025-09-03 01:00:00-04:00,1.1632,1.1634600000000002,1.16269,1.1630150000000001,8615.749963350594,1,0,True,False
2025-09-03 02:00:00-04:00,1.1629,1.16426,1.1629,1.163305,8798.849920019507,2,0,True,False
2025-09-03 03:00:00-04:00,1.1633149999999999,1.1635849999999999,1.160995,1.1635849999999999,22092.169889055192,3,0,True,False
2025-09-03 04:00:00-04:00,1.16379,1.16568,1.16374,1.16564,14394.16991046071,4,0,True,False
2025-09-03 05:00:00-04:00,1.16578,1.16643,1.16523,1.16564,10660.159918397665,5,0,False,False
2025-09-03 06:00:00-04:00,1.16546,1.1657250000000001,1.163995,1.164355,7792.599926553667,6,0,False,False
2025-09-03 07:00:00-04:00,1.164435,1.165445,1.164085,1.165175,7918.979928679764,7,0,False,False
2025-09-03 08:00:00-04:00,1.16527,1.1658499999999998,1.1645750000000001,1.1648399999999999,11324.299887456,8,0,False,False
2025-09-03 09:00:00-04:00,1.16469,1.1653099999999998,1.1638950000000001,1.16499,19676.519876420498,9,0,False,False
2025-09-03 10:00:00-04:00,1.1659899999999999,1.16798,1.1659899999999999,1.1663700000000001,26497.689696632326,10,0,False,True
2025-09-03 11:00:00-04:00,1.16641,1.16812,1.16641,1.1675200000000001,12843.999882243574,11,0,False,False
2025-09-03 12:00:00-04:00,1.16744,1.16774,1.166725,1.1675300000000002,7443.27993658185,12,0,False,False
2025-09-03 13:00:00-04:00,1.16761,1.1676600000000001,1.165965,1.16611,7249.019934132695,13,0,False,False
2025-09-03 14:00:00-04:00,1.165865,1.16677,1.165865,1.16618,8571.529906883836,14,0,False,False
2025-09-03 15:00:00-04:00,1.16598,1.16628,1.1656300000000002,1.165835,4394.8899579793215,15,0,False,False
2025-09-03 16:00:00-04:00,1.1657549999999999,1.16642,1.1655950000000002,1.16618,3375.319965608418,16,0,False,False
2025-09-03 17:00:00-04:00,1.1661549999999998,1.1662750000000002,1.1659700000000002,1.166085,6407.659941077232,17,0,False,False
2025-09-03 18:00:00-04:00,1.1662249999999998,1.16634,1.16602,1.166045,1497.6799992620945,18,0,False,False
2025-09-03 19:00:00-04:00,1.1660050000000002,1.166215,1.1657,1.166105,2052.4799952358007,19,0,False,False
2025-09-03 20:00:00-04:00,1.166005,1.166185,1.165635,1.165885,8400.599973477423,20,0,False,False
2025-09-03 21:00:00-04:00,1.16595,1.166845,1.16546,1.16584,9146.259950980544,21,0,False,False
2025-09-03 22:00:00-04:00,1.16581,1.16581,1.1652,1.165295,4313.629951074719,22,0,False,False
2025-09-03 23:00:00-04:00,1.165265,1.1655449999999998,1.1651,1.16532,2985.289961658418,23,0,False,False
2025-09-04 00:00:00-04:00,1.165365,1.16546,1.165065,1.1651600000000002,2144.0799800902605,0,0,True,False
2025-09-04 01:00:00-04:00,1.165165,1.16552,1.16489,1.16552,2843.729968652129,1,0,True,False
2025-09-04 02:00:00-04:00,1.1656300000000002,1.1661100000000002,1.16509,1.16519,6540.879936560988,2,0,True,False
2025-09-04 03:00:00-04:00,1.16541,1.165765,1.1645150000000002,1.16506,8586.149904668331,3,0,True,False
2025-09-04 04:00:00-04:00,1.1651799999999999,1.165845,1.165,1.1657600000000001,7846.509915992618,4,0,True,False
2025-09-04 05:00:00-04:00,1.1657899999999999,1.1657899999999999,1.164025,1.16431,6837.1399234980345,5,0,False,False
2025-09-04 06:00:00-04:00,1.1643400000000002,1.165825,1.1643400000000002,1.1652900000000002,7216.509935729206,6,0,False,False
2025-09-04 07:00:00-04:00,1.16512,1.16528,1.16405,1.16428,5554.699925467372,7,0,False,False
2025-09-04 08:00:00-04:00,1.164515,1.165365,1.163215,1.1645850000000002,18931.339839555323,8,0,False,False
2025-09-04 09:00:00-04:00,1.16472,1.1654550000000001,1.163825,1.1650800000000001,16769.92989408225,9,0,False,False
2025-09-04 10:00:00-04:00,1.163945,1.164925,1.16331,1.16347,25477.939812131226,10,0,False,True
2025-09-04 11:00:00-04:00,1.16361,1.16494,1.16323,1.164755,8977.689911037683,11,0,False,False
2025-09-04 12:00:00-04:00,1.164755,1.164755,1.16342,1.16395,6032.499948725104,12,0,False,False
2025-09-04 13:00:00-04:00,1.163995,1.16401,1.16351,1.1637499999999998,4058.6299580335617,13,0,False,False
2025-09-04 14:00:00-04:00,1.16371,1.1647699999999999,1.16371,1.1643949999999998,3611.139959797263,14,0,False,False
2025-09-04 15:00:00-04:00,1.16452,1.1651950000000002,1.1644999999999999,1.165095,3885.8299636766315,15,0,False,False
2025-09-04 16:00:00-04:00,1.1651099999999999,1.165235,1.16487,1.16497,2034.4699886739254,16,0,False,False
2025-09-04 17:00:00-04:00,1.164995,1.16506,1.164865,1.1649349999999998,2391.4399799108505,17,0,False,False
2025-09-04 18:00:00-04:00,1.16506,1.1653449999999999,1.164895,1.164915,3072.059994161129,18,0,False,False
2025-09-04 19:00:00-04:00,1.16497,1.1657549999999999,1.164885,1.1656849999999999,2479.4499825686216,19,0,False,False
2025-09-04 20:00:00-04:00,1.165785,1.165985,1.165255,1.165965,7915.899972848594,20,0,False,False
2025-09-04 21:00:00-04:00,1.166115,1.16715,1.1660249999999999,1.167065,4996.969949677587,21,0,False,False
2025-09-04 22:00:00-04:00,1.1671049999999998,1.1674099999999998,1.1668500000000002,1.1668500000000002,2830.1799638420343,22,0,False,False
2025-09-04 23:00:00-04:00,1.166735,1.167325,1.16668,1.1671399999999998,4148.329962484539,23,0,False,False
2025-09-05 00:00:00-04:00,1.167125,1.1671749999999999,1.16652,1.1667049999999999,3104.2899805381894,0,0,True,False
2025-09-05 01:00:00-04:00,1.1666750000000001,1.167725,1.1666750000000001,1.1676950000000001,2040.919970922172,1,0,True,False
2025-09-05 02:00:00-04:00,1.16742,1.16769,1.16662,1.1669200000000002,9433.459924414754,2,0,True,False
2025-09-05 03:00:00-04:00,1.1669800000000001,1.1678799999999998,1.1667399999999999,1.16779,9387.78994435072,3,0,True,False
2025-09-05 04:00:00-04:00,1.16763,1.168405,1.167605,1.16832,6608.089955821633,4,0,True,False
2025-09-05 05:00:00-04:00,1.1682899999999998,1.16921,1.16817,1.1688,5798.989937163889,5,0,False,False
2025-09-05 06:00:00-04:00,1.1687500000000002,1.16959,1.16871,1.1691500000000001,5653.189963892102,6,0,False,False
2025-09-05 07:00:00-04:00,1.168975,1.16913,1.16784,1.1687150000000002,9694.409957267344,7,0,False,False
2025-09-05 08:00:00-04:00,1.16867,1.1744400000000002,1.16867,1.173445,38495.18969140202,8,0,False,False
2025-09-05 09:00:00-04:00,1.173905,1.1749800000000001,1.1718600000000001,1.17489,30113.319726608694,9,0,False,False
2025-09-05 10:00:00-04:00,1.17481,1.1757300000000002,1.172335,1.17367,22910.919737510383,10,0,False,True
2025-09-05 11:00:00-04:00,1.17368,1.1758449999999998,1.17368,1.1758449999999998,13435.339863322675,11,0,False,False
2025-09-05 12:00:00-04:00,1.1758899999999999,1.1758899999999999,1.173785,1.1739000000000002,9207.579918175936,12,0,False,False
2025-09-05 13:00:00-04:00,1.17391,1.17391,1.1724999999999999,1.17259,8621.42993953824,13,0,False,False
2025-09-05 14:00:00-04:00,1.1723750000000002,1.1724549999999998,1.171495,1.17171,5200.359947443008,14,0,False,False
2025-09-05 15:00:00-04:00,1.171905,1.172275,1.1713550000000001,1.171795,5133.9899617135525,15,0,False,False
2025-09-05 16:00:00-04:00,1.171755,1.172185,1.1715749999999998,1.17167,3503.6099616885185,16,0,False,False
2025-09-07 17:00:00-04:00,1.1713399999999998,1.1718700000000002,1.171275,1.17185,746.2200017273426,17,0,False,False
2025-09-07 18:00:00-04:00,1.17172,1.17175,1.1705100000000002,1.1706,5266.476532548666,18,0,False,False
2025-09-07 19:00:00-04:00,1.170915,1.1715499999999999,1.17074,1.171235,4723.709967367351,19,0,False,False
2025-09-07 20:00:00-04:00,1.170925,1.1713,1.170525,1.1713,5882.239935487509,20,0,False,False
2025-09-07 21:00:00-04:00,1.171495,1.1717149999999998,1.170775,1.1712799999999999,6719.329925082624,21,0,False,False
2025-09-07 22:00:00-04:00,1.1715,1.1716250000000001,1.171095,1.171505,5680.659939259291,22,0,False,False
2025-09-07 23:00:00-04:00,1.1715300000000002,1.1715399999999998,1.17086,1.17095,3271.019964531064,23,0,False,False
2025-09-08 00:00:00-04:00,1.1709550000000002,1.171415,1.1706349999999999,1.171305,3109.1799686849117,0,0,True,False
2025-09-08 01:00:00-04:00,1.1713,1.171985,1.1713,1.1715149999999999,4415.729970037937,1,0,True,False
2025-09-08 02:00:00-04:00,1.17163,1.1727349999999999,1.1713149999999999,1.172685,9942.489915072918,2,0,True,False
2025-09-08 03:00:00-04:00,1.17259,1.173315,1.1721249999999999,1.1732900000000002,10462.319916680455,3,0,True,False
2025-09-08 04:00:00-04:00,1.17367,1.17418,1.17266,1.17312,7714.469925373793,4,0,True,False
2025-09-08 05:00:00-04:00,1.17291,1.1729699999999998,1.17212,1.172385,6475.249944716692,5,0,False,False
2025-09-08 06:00:00-04:00,1.172305,1.17285,1.17218,1.1726,7759.389939196408,6,0,False,False
2025-09-08 07:00:00-04:00,1.172685,1.17313,1.17252,1.17291,5243.289951354265,7,0,False,False
2025-09-08 08:00:00-04:00,1.1730900000000002,1.1740300000000001,1.1724350000000001,1.17379,9606.929903253913,8,0,False,False
2025-09-08 09:00:00-04:00,1.1737000000000002,1.1754799999999999,1.1737000000000002,1.17511,10257.679894976318,9,0,False,False
2025-09-08 10:00:00-04:00,1.175125,1.17527,1.1741000000000001,1.174545,12211.199887946248,10,0,False,True
2025-09-08 11:00:00-04:00,1.174525,1.1751800000000001,1.1744050000000001,1.17504,8439.599918089807,11,0,False,False
2025-09-08 12:00:00-04:00,1.175095,1.175095,1.1736499999999999,1.174065,8677.459936350584,12,0,False,False
2025-09-08 13:00:00-04:00,1.1740599999999999,1.17463,1.17354,1.1739700000000002,4510.779956996441,13,0,False,False
2025-09-08 14:00:00-04:00,1.174105,1.1761650000000001,1.174105,1.1761300000000001,4387.299959376454,14,0,False,False
2025-09-08 15:00:00-04:00,1.1762350000000001,1.1765349999999999,1.17599,1.17626,4825.919959567487,15,0,False,False
2025-09-08 16:00:00-04:00,1.1762350000000001,1.1763599999999999,1.17597,1.17633,2658.5599715411663,16,0,False,False
2025-09-08 17:00:00-04:00,1.1763750000000002,1.1763750000000002,1.17593,1.176155,1803.1899876445532,17,0,False,False
2025-09-08 18:00:00-04:00,1.17639,1.1764700000000001,1.176215,1.176215,2064.7399732768536,18,0,False,False
2025-09-08 19:00:00-04:00,1.176405,1.17727,1.176405,1.17686,2105.769979827106,19,0,False,False
2025-09-08 20:00:00-04:00,1.17678,1.177375,1.176585,1.17716,5910.98997002095,20,0,False,False
2025-09-08 21:00:00-04:00,1.17714,1.17773,1.1766100000000002,1.17752,7071.129988655448,21,0,False,False
2025-09-08 22:00:00-04:00,1.1775099999999998,1.17768,1.1768,1.17688,5884.1099723652005,22,0,False,False
2025-09-08 23:00:00-04:00,1.176905,1.17696,1.17635,1.17639,2015.2899751514196,23,0,False,False
2025-09-09 02:00:00-04:00,1.1778149999999998,1.1778149999999998,1.17574,1.1764899999999998,9791.499934405088,2,0,True,False
2025-09-09 03:00:00-04:00,1.1765050000000001,1.1767699999999999,1.174855,1.1752799999999999,10315.289912112057,3,0,True,False
2025-09-09 04:00:00-04:00,1.1752600000000002,1.1760000000000002,1.174455,1.1759499999999998,13483.85986571014,4,0,True,False
2025-09-09 05:00:00-04:00,1.17596,1.17712,1.17596,1.1767699999999999,9740.349916167557,5,0,False,False
2025-09-09 06:00:00-04:00,1.1766450000000002,1.1770299999999998,1.1752799999999999,1.1754,8999.759926326573,6,0,False,False
2025-09-09 07:00:00-04:00,1.17523,1.17543,1.1742,1.174215,7656.2799364849925,7,0,False,False
2025-09-09 08:00:00-04:00,1.1739899999999999,1.174485,1.17278,1.17373,11693.529905587435,8,0,False,False
2025-09-09 09:00:00-04:00,1.1735099999999998,1.17483,1.1735099999999998,1.1741899999999998,13070.189876377583,9,0,False,False
2025-09-09 10:00:00-04:00,1.1753749999999998,1.1753749999999998,1.172555,1.1730800000000001,40194.37971332669,10,0,False,True
2025-09-09 11:00:00-04:00,1.173135,1.173135,1.1717,1.17221,19451.00985337794,11,0,False,False
2025-09-09 12:00:00-04:00,1.1722899999999998,1.17294,1.171905,1.171905,11832.899899452925,12,0,False,False
2025-09-09 13:00:00-04:00,1.17197,1.1723,1.1709450000000001,1.1709450000000001,13578.749875187874,13,0,False,False
2025-09-09 14:00:00-04:00,1.170825,1.171435,1.170495,1.170645,13570.319872885942,14,0,False,False
2025-09-09 15:00:00-04:00,1.1706949999999998,1.17086,1.1703999999999999,1.1706699999999999,4129.349979132414,15,0,False,False
2025-09-09 16:00:00-04:00,1.17068,1.171105,1.1704949999999998,1.170845,3248.619969204068,16,0,False,False
2025-09-09 17:00:00-04:00,1.170855,1.17115,1.17075,1.17108,5833.530048817396,17,0,False,False
2025-09-09 18:00:00-04:00,1.171065,1.171365,1.1709100000000001,1.171205,2646.7399915754795,18,0,False,False
2025-09-09 19:00:00-04:00,1.1710850000000002,1.17113,1.169775,1.1702249999999998,4154.139968633652,19,0,False,False
2025-09-09 20:00:00-04:00,1.16994,1.1701700000000002,1.16967,1.1697099999999998,4698.429948985577,20,0,False,False
2025-09-09 21:00:00-04:00,1.16989,1.170155,1.16905,1.16995,9226.219926081598,21,0,False,False
2025-09-09 22:00:00-04:00,1.1699549999999999,1.17077,1.1699549999999999,1.17073,5313.0999483168125,22,0,False,False
2025-09-09 23:00:00-04:00,1.17075,1.170985,1.1707299999999998,1.170825,3033.3199725449085,23,0,False,False
2025-09-10 00:00:00-04:00,1.1708349999999998,1.1715149999999999,1.1707649999999998,1.1715149999999999,4225.199985064566,0,0,True,False
2025-09-10 01:00:00-04:00,1.17144,1.1715550000000001,1.1705450000000002,1.1708500000000002,4635.879975743592,1,0,True,False
2025-09-10 02:00:00-04:00,1.170915,1.17176,1.1697199999999999,1.1697899999999999,10442.649932220578,2,0,True,False
2025-09-10 03:00:00-04:00,1.1691950000000002,1.170735,1.168715,1.17029,13595.74987899512,3,0,True,False
2025-09-10 04:00:00-04:00,1.1703000000000001,1.170315,1.169155,1.1699899999999999,8551.42991065979,4,0,True,False
2025-09-10 05:00:00-04:00,1.169965,1.17163,1.169965,1.1713399999999998,7133.019937902689,5,0,False,False
2025-09-10 06:00:00-04:00,1.171435,1.171435,1.1696849999999999,1.1700300000000001,7141.119945816696,6,0,False,False
2025-09-10 07:00:00-04:00,1.17002,1.1706050000000001,1.16958,1.17047,6883.609925895929,7,0,False,False
2025-09-10 08:00:00-04:00,1.1706400000000001,1.17208,1.169225,1.1700400000000002,26781.33986595273,8,0,False,False
2025-09-10 09:00:00-04:00,1.1699549999999999,1.17237,1.16965,1.172015,19982.29985385388,9,0,False,False
2025-09-10 10:00:00-04:00,1.1722700000000001,1.172945,1.17158,1.1727750000000001,16303.199881315231,10,0,False,True
2025-09-10 11:00:00-04:00,1.17289,1.17296,1.171465,1.1714799999999999,9183.699913442135,11,0,False,False
2025-09-10 12:00:00-04:00,1.17154,1.171605,1.1703700000000001,1.170555,9419.50997877121,12,0,False,False
2025-09-10 13:00:00-04:00,1.1705800000000002,1.171135,1.17022,1.170595,5420.449965372682,13,0,False,False
2025-09-10 14:00:00-04:00,1.170495,1.171205,1.170315,1.170475,3831.1299480199814,14,0,False,False
2025-09-10 15:00:00-04:00,1.170395,1.1703999999999999,1.1693600000000002,1.170035,4529.389966338873,15,0,False,False
2025-09-10 16:00:00-04:00,1.1700650000000001,1.1700949999999999,1.1694200000000001,1.1695099999999998,2870.729988247156,16,0,False,False
2025-09-10 17:00:00-04:00,1.1695,1.17009,1.1695,1.170075,6393.6200008019805,17,0,False,False
2025-09-10 18:00:00-04:00,1.169985,1.170305,1.16997,1.170305,1385.9699934646487,18,0,False,False
2025-09-10 19:00:00-04:00,1.170165,1.17056,1.17015,1.1702599999999999,2052.159988105297,19,0,False,False
2025-09-10 20:00:00-04:00,1.17008,1.1701700000000002,1.1694049999999998,1.1694049999999998,4011.679967917502,20,0,False,False
2025-09-10 21:00:00-04:00,1.1694,1.17023,1.1694,1.1697449999999998,4027.249962449074,21,0,False,False
2025-09-10 22:00:00-04:00,1.169745,1.16987,1.16939,1.1696550000000001,3045.2999739795923,22,0,False,False
2025-09-10 23:00:00-04:00,1.1697549999999999,1.170015,1.1694749999999998,1.16959,2515.579971715808,23,0,False,False
2025-09-11 00:00:00-04:00,1.169615,1.16995,1.1694149999999999,1.16995,2694.74997664243,0,0,True,False
2025-09-11 01:00:00-04:00,1.169775,1.169775,1.16899,1.169,3560.619961038232,1,0,True,False
2025-09-11 02:00:00-04:00,1.1689699999999998,1.1694900000000001,1.16848,1.16907,8432.569900482893,2,0,True,False
2025-09-11 03:00:00-04:00,1.169295,1.1695250000000001,1.1687750000000001,1.169265,10118.109896093607,3,0,True,False
2025-09-11 04:00:00-04:00,1.1693,1.16952,1.168945,1.169205,7352.169916331768,4,0,True,False
2025-09-11 05:00:00-04:00,1.16926,1.16926,1.16817,1.168585,7705.949935361743,5,0,False,False
2025-09-11 06:00:00-04:00,1.168545,1.16879,1.1680199999999998,1.168305,6374.5699278488755,6,0,False,False
2025-09-11 07:00:00-04:00,1.16845,1.169085,1.1679249999999999,1.1683750000000002,11779.579951912165,7,0,False,False
2025-09-11 08:00:00-04:00,1.1687150000000002,1.17199,1.166525,1.1715049999999998,38332.27974510938,8,0,False,False
2025-09-11 09:00:00-04:00,1.17181,1.1739549999999999,1.1716600000000001,1.173945,40342.67972754687,9,0,False,False
2025-09-11 10:00:00-04:00,1.17382,1.1743999999999999,1.17264,1.1728,16880.419782564044,10,0,False,True
2025-09-11 11:00:00-04:00,1.17272,1.1744599999999998,1.1726649999999998,1.17316,12613.309869483113,11,0,False,False
2025-09-11 12:00:00-04:00,1.1731,1.1739449999999998,1.1731,1.1736550000000001,7948.099929019809,12,0,False,False
2025-09-11 13:00:00-04:00,1.1736499999999999,1.173835,1.172815,1.173175,6394.329931080341,13,0,False,False
2025-09-11 14:00:00-04:00,1.1731699999999998,1.17384,1.173155,1.173565,4741.71995523572,14,0,False,False
2025-09-11 15:00:00-04:00,1.173405,1.173895,1.173405,1.17368,6627.959981508553,15,0,False,False
2025-09-11 16:00:00-04:00,1.17371,1.17391,1.1734200000000001,1.1734200000000001,4998.309961006045,16,0,False,False
2025-09-11 17:00:00-04:00,1.173445,1.1736149999999999,1.173395,1.173535,4599.979962199926,17,0,False,False
2025-09-11 18:00:00-04:00,1.173885,1.17407,1.1736849999999999,1.17388,1857.719979852438,18,0,False,False
2025-09-11 19:00:00-04:00,1.1738650000000002,1.1739950000000001,1.173315,1.173315,2027.8299829214811,19,0,False,False
2025-09-11 20:00:00-04:00,1.173275,1.173415,1.1727699999999999,1.173315,8096.049966409802,20,0,False,False
2025-09-11 21:00:00-04:00,1.1734550000000001,1.1734550000000001,1.1725599999999998,1.1725599999999998,6216.349975481629,21,0,False,False
2025-09-11 22:00:00-04:00,1.172525,1.1728800000000001,1.1724,1.172685,4036.869961231947,22,0,False,False
2025-09-11 23:00:00-04:00,1.1725349999999999,1.1726999999999999,1.17231,1.172515,3232.719965927303,23,0,False,False
2025-09-12 00:00:00-04:00,1.172425,1.17269,1.172105,1.17257,3716.4499747008085,0,0,True,False
2025-09-12 01:00:00-04:00,1.17264,1.1733099999999999,1.17243,1.17307,3783.0099606812,1,0,True,False
2025-09-12 02:00:00-04:00,1.173025,1.173965,1.17232,1.1739600000000001,10858.51993393153,2,0,True,False
2025-09-12 03:00:00-04:00,1.174285,1.174735,1.17375,1.17409,11644.769929759204,3,0,True,False
2025-09-12 04:00:00-04:00,1.174055,1.17409,1.17161,1.171745,12823.5499041453,4,0,True,False
2025-09-12 05:00:00-04:00,1.1718250000000001,1.172445,1.171295,1.172215,14317.869911126792,5,0,False,False
2025-09-12 06:00:00-04:00,1.172285,1.173445,1.172285,1.1734,8161.129951372743,6,0,False,False
2025-09-12 07:00:00-04:00,1.1734049999999998,1.173495,1.172075,1.1721249999999999,10739.809946224093,7,0,False,False
2025-09-12 08:00:00-04:00,1.1721249999999999,1.17224,1.17035,1.171245,16990.68986235559,8,0,False,False
2025-09-12 09:00:00-04:00,1.17135,1.17154,1.1704400000000001,1.1713,12390.229891441762,9,0,False,False
2025-09-12 10:00:00-04:00,1.171525,1.172715,1.1714799999999999,1.1725150000000002,17432.819863930345,10,0,False,True
2025-09-12 11:00:00-04:00,1.17265,1.172685,1.171405,1.171405,9709.269914239645,11,0,False,False
2025-09-12 12:00:00-04:00,1.171355,1.1731449999999999,1.17108,1.17271,5901.109940990806,12,0,False,False
2025-09-12 13:00:00-04:00,1.172875,1.1737799999999998,1.172875,1.1732200000000002,4633.959951534867,13,0,False,False
2025-09-12 14:00:00-04:00,1.173375,1.17413,1.17327,1.17411,4408.769966095686,14,0,False,False
2025-09-12 15:00:00-04:00,1.174015,1.1741199999999998,1.1734499999999999,1.1736550000000001,3642.1899682730436,15,0,False,False
2025-09-12 16:00:00-04:00,1.17359,1.173645,1.172905,1.17338,5251.149952039123,16,0,False,False
2025-09-14 17:00:00-04:00,1.1733950000000002,1.1735250000000002,1.17299,1.17301,581.0399974286556,17,0,False,False
2025-09-14 18:00:00-04:00,1.173185,1.17348,1.172825,1.1728399999999999,2692.5499800890684,18,0,False,False
2025-09-14 19:00:00-04:00,1.172875,1.17312,1.1725249999999998,1.17256,1371.1099841222167,19,0,False,False
2025-09-14 20:00:00-04:00,1.172685,1.17269,1.17224,1.17269,2213.039968304336,20,0,False,False
2025-09-14 21:00:00-04:00,1.172565,1.17288,1.17239,1.1727699999999999,3727.029948540032,21,0,False,False
2025-09-14 22:00:00-04:00,1.172785,1.1729,1.172485,1.1727599999999998,2372.7399673834443,22,0,False,False
2025-09-14 23:00:00-04:00,1.1727850000000002,1.1733950000000002,1.17276,1.173125,2203.679969422519,23,0,False,False
2025-09-15 00:00:00-04:00,1.17324,1.17352,1.173115,1.173405,1786.3199762180448,0,0,True,False
2025-09-15 01:00:00-04:00,1.1734399999999998,1.1734399999999998,1.172815,1.1728450000000001,2081.789973244071,1,0,True,False
2025-09-15 02:00:00-04:00,1.17285,1.172875,1.171675,1.1725150000000002,6885.629911147058,2,0,True,False
2025-09-15 03:00:00-04:00,1.172695,1.1743350000000001,1.17262,1.1733699999999998,8690.819884456694,3,0,True,False
2025-09-15 04:00:00-04:00,1.17343,1.174245,1.1730749999999999,1.1737199999999999,10460.789897792041,4,0,True,False
2025-09-15 05:00:00-04:00,1.1736900000000001,1.174995,1.1736900000000001,1.1746349999999999,8655.499906763434,5,0,False,False
2025-09-15 06:00:00-04:00,1.174915,1.176275,1.1749049999999999,1.1752850000000001,7071.289905466139,6,0,False,False
2025-09-15 07:00:00-04:00,1.1755049999999998,1.176285,1.1754,1.17611,7217.019902490079,7,0,False,False
2025-09-15 08:00:00-04:00,1.17639,1.177025,1.1763050000000002,1.17696,9830.089865125716,8,0,False,False
2025-09-15 09:00:00-04:00,1.176975,1.177235,1.1758700000000002,1.1758950000000001,12199.49983740598,9,0,False,False
2025-09-15 10:00:00-04:00,1.1756,1.1760000000000002,1.175135,1.17578,12462.5398330912,10,0,False,True
2025-09-15 11:00:00-04:00,1.17577,1.17719,1.17577,1.17714,9394.289880253375,11,0,False,False
2025-09-15 12:00:00-04:00,1.177195,1.177325,1.17572,1.17583,6287.529906064272,12,0,False,False
2025-09-15 13:00:00-04:00,1.175905,1.177265,1.1758449999999998,1.177105,5456.509937286377,13,0,False,False
2025-09-15 14:00:00-04:00,1.17714,1.1772049999999998,1.1767400000000001,1.176945,9616.559926263988,14,0,False,False
2025-09-15 15:00:00-04:00,1.1770450000000001,1.1771699999999998,1.1764549999999998,1.176575,7724.629970677197,15,0,False,False
2025-09-15 16:00:00-04:00,1.1764649999999999,1.17687,1.1760199999999998,1.176135,5723.079995810986,16,0,False,False
2025-09-15 17:00:00-04:00,1.1761750000000002,1.176635,1.1761750000000002,1.17657,3733.549962565303,17,0,False,False
2025-09-15 18:00:00-04:00,1.17658,1.17658,1.176185,1.1762899999999998,2341.4399812445045,18,0,False,False
2025-09-15 19:00:00-04:00,1.1763,1.17659,1.1763,1.1763,1769.2399843931198,19,0,False,False
2025-09-15 20:00:00-04:00,1.17645,1.17652,1.17578,1.1762100000000002,3947.969937942922,20,0,False,False
2025-09-15 21:00:00-04:00,1.176315,1.1768999999999998,1.17585,1.1767599999999998,4909.229930996895,21,0,False,False
2025-09-15 22:00:00-04:00,1.1768399999999999,1.17774,1.1768399999999999,1.17766,5112.459927298129,22,0,False,False
2025-09-15 23:00:00-04:00,1.177825,1.17865,1.177435,1.1780300000000001,6232.839922055602,23,0,False,False
2025-09-16 00:00:00-04:00,1.1779799999999998,1.1779799999999998,1.1774399999999998,1.1777,5247.399957284331,0,0,True,False
2025-09-16 01:00:00-04:00,1.17775,1.1779899999999999,1.1774399999999998,1.1778300000000002,4035.54993660748,1,0,True,False
2025-09-16 02:00:00-04:00,1.1782949999999999,1.178935,1.177895,1.17874,18949.439842410386,2,0,True,False
2025-09-16 03:00:00-04:00,1.1788150000000002,1.18012,1.1788150000000002,1.17945,18738.149835810065,3,0,True,False
2025-09-16 04:00:00-04:00,1.179395,1.180235,1.179025,1.1795,12576.61986026913,4,0,True,False
2025-09-16 05:00:00-04:00,1.179725,1.1817799999999998,1.179725,1.1814200000000001,13902.549846060574,5,0,False,False
2025-09-16 06:00:00-04:00,1.181155,1.18152,1.180485,1.180825,14337.069892294705,6,0,False,False
2025-09-16 07:00:00-04:00,1.18075,1.1819000000000002,1.1802000000000001,1.1814200000000001,12599.239862293005,7,0,False,False
2025-09-16 08:00:00-04:00,1.181475,1.181475,1.1795,1.1804649999999999,17530.47977720201,8,0,False,False
2025-09-16 09:00:00-04:00,1.180745,1.1826349999999999,1.180715,1.1824,20010.829785108566,9,0,False,False
2025-09-16 10:00:00-04:00,1.1823899999999998,1.1852,1.1823000000000001,1.185175,25065.269711248577,10,0,False,True
2025-09-16 11:00:00-04:00,1.184875,1.184875,1.18358,1.1847150000000002,17448.719846002758,11,0,False,False
2025-09-16 12:00:00-04:00,1.1847249999999998,1.1871900000000002,1.1847249999999998,1.18645,9940.119888342917,12,0,False,False
2025-09-16 13:00:00-04:00,1.186685,1.187705,1.1863899999999998,1.1866150000000002,9329.549914509058,13,0,False,False
2025-09-16 14:00:00-04:00,1.1865649999999999,1.18704,1.186235,1.1866750000000001,5142.889937058091,14,0,False,False
2025-09-16 15:00:00-04:00,1.186505,1.18689,1.185825,1.1860499999999998,5680.369953930378,15,0,False,False
2025-09-16 16:00:00-04:00,1.185975,1.1868,1.18584,1.186725,6182.509962916374,16,0,False,False
2025-09-16 17:00:00-04:00,1.186705,1.186705,1.1859549999999999,1.1864050000000002,5954.37000580132,17,0,False,False
2025-09-16 18:00:00-04:00,1.1867299999999998,1.18683,1.18641,1.1865999999999999,2196.629990004003,18,0,False,False
2025-09-16 19:00:00-04:00,1.18663,1.18728,1.18663,1.187115,1717.529979608953,19,0,False,False
2025-09-16 20:00:00-04:00,1.1869999999999998,1.18716,1.18584,1.18584,7649.759933143854,20,0,False,False
2025-09-16 21:00:00-04:00,1.18579,1.18591,1.185255,1.18561,5678.139931380749,21,0,False,False
2025-09-16 22:00:00-04:00,1.18564,1.18575,1.1851500000000001,1.18555,3329.059950992465,22,0,False,False
2025-09-16 23:00:00-04:00,1.1855799999999999,1.185755,1.18519,1.1852049999999998,3119.229969255626,23,0,False,False
2025-09-17 00:00:00-04:00,1.185145,1.185525,1.18514,1.185395,4975.679964475334,0,0,True,False
2025-09-17 01:00:00-04:00,1.18554,1.185965,1.1855,1.185805,4131.98996334523,1,0,True,False
2025-09-17 02:00:00-04:00,1.185605,1.18575,1.1851850000000002,1.18561,10893.579918593168,2,0,True,False
2025-09-17 03:00:00-04:00,1.1854,1.1854,1.18391,1.1840600000000001,11554.249931536615,3,0,True,False
2025-09-17 04:00:00-04:00,1.184065,1.1851150000000001,1.18402,1.18483,7612.979937918484,4,0,True,False
2025-09-17 05:00:00-04:00,1.184945,1.184945,1.184145,1.184555,7648.319932088256,5,0,False,False
2025-09-17 06:00:00-04:00,1.1845400000000001,1.18462,1.1834600000000002,1.183635,8873.639936856925,6,0,False,False
2025-09-17 07:00:00-04:00,1.183655,1.184555,1.1835900000000001,1.183925,5896.459925442934,7,0,False,False
2025-09-17 08:00:00-04:00,1.183955,1.184425,1.18343,1.18435,8736.289923608303,8,0,False,False
2025-09-17 09:00:00-04:00,1.1844649999999999,1.18519,1.184295,1.184985,12449.979895159602,9,0,False,False
2025-09-17 10:00:00-04:00,1.1847750000000001,1.185825,1.1846999999999999,1.18496,14516.799879565835,10,0,False,True
2025-09-17 11:00:00-04:00,1.1849349999999998,1.185245,1.1844350000000001,1.184475,9508.149900197983,11,0,False,False
2025-09-17 12:00:00-04:00,1.1845949999999998,1.1856200000000001,1.1842700000000002,1.1853349999999998,6256.659926056862,12,0,False,False
2025-09-17 13:00:00-04:00,1.18506,1.18545,1.1847750000000001,1.1853150000000001,8487.499935150146,13,0,False,False
2025-09-17 14:00:00-04:00,1.18724,1.19116,1.182145,1.183445,66336.22934015095,14,0,False,False
2025-09-17 15:00:00-04:00,1.183395,1.185635,1.18222,1.182455,41163.43981170654,15,0,False,False
2025-09-17 16:00:00-04:00,1.1826249999999998,1.1826599999999998,1.18089,1.18129,6929.169924929738,16,0,False,False
2025-09-17 17:00:00-04:00,1.181305,1.18165,1.18124,1.1816399999999998,3879.179989941418,17,0,False,False
2025-09-17 18:00:00-04:00,1.1818149999999998,1.18222,1.18127,1.18192,3081.0699604079127,18,0,False,False
2025-09-17 19:00:00-04:00,1.181905,1.182845,1.1818849999999999,1.18252,3886.5799626782537,19,0,False,False
2025-09-17 20:00:00-04:00,1.182395,1.182715,1.181605,1.1825450000000002,9683.319900296628,20,0,False,False
2025-09-17 21:00:00-04:00,1.18276,1.18276,1.180835,1.181385,14672.169843904674,21,0,False,False
2025-09-17 22:00:00-04:00,1.181515,1.18218,1.1813250000000002,1.18195,5957.49993480742,22,0,False,False
2025-09-17 23:00:00-04:00,1.1822599999999999,1.1822599999999999,1.18123,1.18123,3995.6399645507336,23,0,False,False
2025-09-18 00:00:00-04:00,1.181195,1.181365,1.17944,1.17951,4996.789956644177,0,0,True,False
2025-09-18 01:00:00-04:00,1.1795499999999999,1.180005,1.17868,1.17908,7361.799943976104,1,0,True,False
2025-09-18 02:00:00-04:00,1.179345,1.1798899999999999,1.1781350000000002,1.1794449999999999,12275.959867790341,2,0,True,False
2025-09-18 03:00:00-04:00,1.1794,1.18387,1.1794,1.1831749999999999,17191.019873045385,3,0,True,False
2025-09-18 04:00:00-04:00,1.18304,1.18337,1.1821350000000002,1.1827800000000002,13064.749894373119,4,0,True,False
2025-09-18 05:00:00-04:00,1.183075,1.18479,1.1828249999999998,1.183815,10564.219895996153,5,0,False,False
2025-09-18 06:00:00-04:00,1.1838000000000002,1.183945,1.18313,1.18368,9524.08989533782,6,0,False,False
2025-09-18 07:00:00-04:00,1.18367,1.18367,1.1820249999999999,1.18254,12187.989879384637,7,0,False,False
2025-09-18 08:00:00-04:00,1.182415,1.18249,1.17957,1.17957,22339.579826436937,8,0,False,False
2025-09-18 09:00:00-04:00,1.17942,1.17958,1.1751049999999998,1.176715,27884.229756340384,9,0,False,False
2025-09-18 10:00:00-04:00,1.1764999999999999,1.17804,1.17649,1.177555,46615.809874370694,10,0,False,True
2025-09-18 11:00:00-04:00,1.1776550000000001,1.17871,1.1770800000000001,1.1779549999999999,23179.94983971119,11,0,False,False
2025-09-18 12:00:00-04:00,1.178085,1.1787299999999998,1.17723,1.1787,12703.469876147807,12,0,False,False
2025-09-18 13:00:00-04:00,1.178765,1.179335,1.178585,1.1787800000000002,21899.11024106294,13,0,False,False
2025-09-18 14:00:00-04:00,1.17872,1.17887,1.1782400000000002,1.17879,16011.62012412399,14,0,False,False
2025-09-18 15:00:00-04:00,1.1788349999999999,1.1790699999999998,1.1783199999999998,1.178485,4114.959958545864,15,0,False,False
2025-09-18 16:00:00-04:00,1.1781700000000002,1.1787100000000001,1.1781700000000002,1.1787100000000001,3702.3899581581354,16,0,False,False
2025-09-18 17:00:00-04:00,1.1785700000000001,1.17897,1.1785700000000001,1.178755,3963.4799684360623,17,0,False,False
2025-09-18 18:00:00-04:00,1.1787450000000002,1.178865,1.178475,1.178705,5327.089931845665,18,0,False,False
2025-09-18 19:00:00-04:00,1.17869,1.179025,1.17868,1.1789,2344.0499752014875,19,0,False,False
2025-09-18 20:00:00-04:00,1.1789200000000002,1.1789800000000001,1.1775600000000002,1.178655,9140.929927811027,20,0,False,False
2025-09-18 21:00:00-04:00,1.17866,1.17866,1.17754,1.17754,9065.769933618605,21,0,False,False
2025-09-18 22:00:00-04:00,1.17757,1.17808,1.1772399999999998,1.177965,4276.389939248562,22,0,False,False
2025-09-19 00:00:00-04:00,1.1783700000000001,1.17896,1.17707,1.177395,11463.619909986854,0,0,True,False
2025-09-19 01:00:00-04:00,1.1774499999999999,1.177785,1.1771449999999999,1.17732,6083.9499418661,1,0,True,False
2025-09-19 02:00:00-04:00,1.176945,1.1775950000000002,1.176405,1.1766450000000002,13064.36982203275,2,0,True,False
2025-09-19 03:00:00-04:00,1.1768800000000001,1.177765,1.1758350000000002,1.177005,17139.859837032855,3,0,True,False
2025-09-19 04:00:00-04:00,1.17675,1.17675,1.1752500000000001,1.176105,9612.27988754958,4,0,True,False
2025-09-19 05:00:00-04:00,1.1760199999999998,1.1768049999999999,1.175715,1.17598,8187.74991144985,5,0,False,False
2025-09-19 06:00:00-04:00,1.1761949999999999,1.1764700000000001,1.175865,1.17611,6651.609934411943,6,0,False,False
2025-09-19 07:00:00-04:00,1.176015,1.176015,1.17359,1.1736900000000001,8681.12991490215,7,0,False,False
2025-09-19 08:00:00-04:00,1.17368,1.174215,1.172985,1.17361,12779.029862128198,8,0,False,False
2025-09-19 09:00:00-04:00,1.17368,1.176345,1.17368,1.1758350000000002,15503.169841989875,9,0,False,False
2025-09-19 10:00:00-04:00,1.17598,1.1767699999999999,1.175685,1.17571,13754.259839348495,10,0,False,True
2025-09-19 11:00:00-04:00,1.17571,1.175805,1.173875,1.17522,12500.789875127375,11,0,False,False
2025-09-19 12:00:00-04:00,1.1754850000000001,1.1754850000000001,1.1741700000000002,1.17531,6232.429929852486,12,0,False,False
2025-09-19 13:00:00-04:00,1.17537,1.17545,1.17488,1.175075,4829.4399402067065,13,0,False,False
2025-09-19 14:00:00-04:00,1.17508,1.17508,1.1746949999999998,1.1748349999999999,3277.219961591065,14,0,False,False
2025-09-19 15:00:00-04:00,1.17477,1.17506,1.174575,1.174765,2239.0799694657326,15,0,False,False
2025-09-19 16:00:00-04:00,1.17479,1.17479,1.17408,1.1745,3796.639961704612,16,0,False,False
2025-09-21 17:00:00-04:00,1.174895,1.174895,1.17448,1.17475,866.2299941033125,17,0,False,False
2025-09-21 18:00:00-04:00,1.1748500000000002,1.1748500000000002,1.173945,1.17409,2301.9299749732018,18,0,False,False
2025-09-21 19:00:00-04:00,1.1740499999999998,1.174145,1.17362,1.1736650000000002,3488.6199797168374,19,0,False,False
2025-09-21 20:00:00-04:00,1.173435,1.17375,1.1727150000000002,1.17346,4578.079952985048,20,0,False,False
2025-09-21 21:00:00-04:00,1.1738149999999998,1.1740499999999998,1.1732049999999998,1.173245,9486.809921741486,21,0,False,False
2025-09-21 22:00:00-04:00,1.1733,1.1733799999999999,1.1727400000000001,1.1728100000000001,6560.359942846,22,0,False,False
2025-09-21 23:00:00-04:00,1.17298,1.17348,1.17298,1.17327,6422.51994048804,23,0,False,False
2025-09-22 00:00:00-04:00,1.17312,1.1732,1.1726649999999998,1.1730749999999999,3668.0499679371715,0,0,True,False
2025-09-22 01:00:00-04:00,1.1730399999999999,1.173855,1.1730049999999999,1.173855,4995.109957002103,1,0,True,False
2025-09-22 02:00:00-04:00,1.173965,1.174735,1.17366,1.174355,8193.349896147847,2,0,True,False
2025-09-22 03:00:00-04:00,1.1744949999999998,1.175395,1.1739600000000001,1.1748500000000002,11680.709875412285,3,0,True,False
2025-09-22 04:00:00-04:00,1.17497,1.1768450000000001,1.17497,1.17624,10168.139909029007,4,0,True,False
2025-09-22 05:00:00-04:00,1.17637,1.1776,1.17628,1.1776,6624.06991879642,5,0,False,False
2025-09-22 06:00:00-04:00,1.17754,1.1785,1.1774049999999998,1.17741,6407.149927698076,6,0,False,False
2025-09-22 07:00:00-04:00,1.17739,1.178165,1.17699,1.177815,6482.48993653059,7,0,False,False
2025-09-22 08:00:00-04:00,1.17802,1.17865,1.177375,1.1783299999999999,10930.199892677367,8,0,False,False
2025-09-22 09:00:00-04:00,1.177765,1.178595,1.176915,1.17767,21563.539857268333,9,0,False,False
2025-09-22 10:00:00-04:00,1.17733,1.17733,1.176295,1.17698,11772.719891570508,10,0,False,True
2025-09-22 11:00:00-04:00,1.1770749999999999,1.17754,1.1764700000000001,1.1772550000000002,8073.6999079585075,11,0,False,False
2025-09-22 12:00:00-04:00,1.177275,1.178985,1.177275,1.17882,7409.909916967154,12,0,False,False
2025-09-22 13:00:00-04:00,1.17881,1.179675,1.1786150000000002,1.179655,4227.769958876073,13,0,False,False
2025-09-22 14:00:00-04:00,1.17967,1.17983,1.179255,1.179635,4396.259955026209,14,0,False,False
2025-09-22 15:00:00-04:00,1.179705,1.1801949999999999,1.1796,1.1799849999999998,6123.399985007942,15,0,False,False
2025-09-22 16:00:00-04:00,1.17994,1.18032,1.17984,1.18032,3784.179966621101,16,0,False,False
2025-09-22 17:00:00-04:00,1.180275,1.180275,1.1797,1.17997,7878.27992837131,17,0,False,False
2025-09-22 18:00:00-04:00,1.180215,1.18038,1.179995,1.180115,1250.7599793821573,18,0,False,False
2025-09-22 19:00:00-04:00,1.1801650000000001,1.180265,1.18006,1.18006,907.3899908512831,19,0,False,False
2025-09-22 20:00:00-04:00,1.17996,1.18073,1.17976,1.18064,3390.8799668624997,20,0,False,False
2025-09-22 21:00:00-04:00,1.1807050000000001,1.18188,1.180425,1.1814900000000002,7805.529952116311,21,0,False,False
2025-09-22 22:00:00-04:00,1.1816650000000002,1.1816650000000002,1.1802000000000001,1.180445,6699.479964144528,22,0,False,False
2025-09-22 23:00:00-04:00,1.1804700000000001,1.180605,1.17969,1.180575,6005.049972385168,23,0,False,False
2025-09-23 00:00:00-04:00,1.1806,1.1807400000000001,1.17978,1.17978,2839.989972181618,0,0,True,False
2025-09-23 01:00:00-04:00,1.179565,1.180455,1.179525,1.1798600000000001,4219.619954638183,1,0,True,False
2025-09-23 02:00:00-04:00,1.179665,1.18037,1.17902,1.17949,8693.349913217127,2,0,True,False
2025-09-23 03:00:00-04:00,1.17944,1.179865,1.17813,1.17908,16672.8398475796,3,0,True,False
2025-09-23 04:00:00-04:00,1.17874,1.180485,1.17849,1.18028,20899.089830607176,4,0,True,False
2025-09-23 05:00:00-04:00,1.180315,1.1811099999999999,1.180065,1.180225,8822.499901227653,5,0,False,False
2025-09-23 06:00:00-04:00,1.1801650000000001,1.1806,1.17909,1.1796,7059.3999185189605,6,0,False,False
2025-09-23 07:00:00-04:00,1.17953,1.179955,1.1791749999999999,1.179185,6049.139928653836,7,0,False,False
2025-09-23 08:00:00-04:00,1.17935,1.1797749999999998,1.1786150000000002,1.179685,9887.529901348054,8,0,False,False
2025-09-23 09:00:00-04:00,1.1801149999999998,1.1804299999999999,1.1785700000000001,1.17996,18459.069862365723,9,0,False,False
2025-09-23 10:00:00-04:00,1.1803400000000002,1.1804299999999999,1.17927,1.1795399999999998,15851.779834240675,10,0,False,True
2025-09-23 11:00:00-04:00,1.179735,1.1799,1.1788500000000002,1.17983,7782.08990201354,11,0,False,False
2025-09-23 12:00:00-04:00,1.1799,1.180785,1.179525,1.1804999999999999,9781.289881363511,12,0,False,False
2025-09-23 13:00:00-04:00,1.18058,1.18173,1.1803949999999999,1.18118,8219.729904130101,13,0,False,False
2025-09-23 14:00:00-04:00,1.181055,1.1816499999999999,1.1810100000000001,1.1811099999999999,5833.739931538701,14,0,False,False
2025-09-23 15:00:00-04:00,1.1812749999999999,1.1817600000000001,1.18072,1.181625,5642.749937005341,15,0,False,False
2025-09-23 16:00:00-04:00,1.181775,1.18184,1.18121,1.18154,2298.06997846812,16,0,False,False
2025-09-23 17:00:00-04:00,1.181525,1.1815600000000002,1.1811349999999998,1.18148,2606.3499746620655,17,0,False,False
2025-09-23 18:00:00-04:00,1.1816849999999999,1.18188,1.18143,1.18147,4676.679933913052,18,0,False,False
2025-09-23 19:00:00-04:00,1.1814749999999998,1.1817099999999998,1.181295,1.18154,1839.819981701672,19,0,False,False
2025-09-23 20:00:00-04:00,1.181435,1.181435,1.180395,1.180395,6890.509948082268,20,0,False,False
2025-09-23 21:00:00-04:00,1.180385,1.180445,1.17978,1.18001,12331.509923242033,21,0,False,False
2025-09-23 22:00:00-04:00,1.1798950000000001,1.180375,1.1796600000000002,1.179685,7066.7799406424165,22,0,False,False
2025-09-23 23:00:00-04:00,1.17965,1.179975,1.17965,1.179745,3562.559970512986,23,0,False,False
2025-09-24 00:00:00-04:00,1.17967,1.180445,1.17967,1.18031,4150.309964239597,0,0,True,False
2025-09-24 01:00:00-04:00,1.180335,1.18038,1.179275,1.179815,4983.369956053793,1,0,True,False
2025-09-24 02:00:00-04:00,1.18007,1.180275,1.17863,1.17874,9947.429902665317,2,0,True,False
2025-09-24 03:00:00-04:00,1.1791399999999999,1.1793399999999998,1.1785649999999999,1.17888,10693.119897708297,3,0,True,False
2025-09-24 04:00:00-04:00,1.17834,1.178435,1.176685,1.1772,13396.159907512367,4,0,True,False
2025-09-24 05:00:00-04:00,1.177335,1.17746,1.176285,1.1767750000000001,8476.849908545613,5,0,False,False
2025-09-24 06:00:00-04:00,1.176835,1.17696,1.1751200000000002,1.175185,7655.879921525717,6,0,False,False
2025-09-24 07:00:00-04:00,1.1752,1.1755149999999999,1.174755,1.174935,9432.799912936985,7,0,False,False
2025-09-24 08:00:00-04:00,1.175045,1.17567,1.1740249999999999,1.17428,19630.199789978564,8,0,False,False
2025-09-24 09:00:00-04:00,1.1742400000000002,1.17431,1.1730800000000001,1.173855,20646.499812960625,9,0,False,False
2025-09-24 10:00:00-04:00,1.17341,1.1745299999999999,1.17301,1.174285,19741.029826283455,10,0,False,True
2025-09-24 11:00:00-04:00,1.174395,1.174525,1.173785,1.174175,17335.82985241711,11,0,False,False
2025-09-24 12:00:00-04:00,1.1741199999999998,1.17429,1.1730999999999998,1.173265,9790.989882715046,12,0,False,False
2025-09-24 13:00:00-04:00,1.1732900000000002,1.17404,1.1732900000000002,1.173765,6140.269947551191,13,0,False,False
2025-09-24 14:00:00-04:00,1.173745,1.1738499999999998,1.173265,1.173675,5557.16993509233,14,0,False,False
2025-09-24 15:00:00-04:00,1.173605,1.173865,1.173265,1.1738,4926.809954978526,15,0,False,False
2025-09-24 16:00:00-04:00,1.17387,1.173925,1.173605,1.17379,4108.679968304932,16,0,False,False
2025-09-24 17:00:00-04:00,1.173785,1.174045,1.173785,1.173945,2416.5299752876163,17,0,False,False
2025-09-24 18:00:00-04:00,1.174035,1.174525,1.174035,1.1744750000000002,2868.969981893897,18,0,False,False
2025-09-24 19:00:00-04:00,1.17442,1.174585,1.1742400000000002,1.1742400000000002,2819.329973690212,19,0,False,False
2025-09-24 20:00:00-04:00,1.1743700000000001,1.1747800000000002,1.17409,1.17474,4724.949955478311,20,0,False,False
2025-09-24 21:00:00-04:00,1.1748699999999999,1.1749299999999998,1.17408,1.1744400000000002,6196.919957749546,21,0,False,False
2025-09-24 22:00:00-04:00,1.17453,1.175185,1.174355,1.174985,6024.719961076975,22,0,False,False
2025-09-24 23:00:00-04:00,1.1748699999999999,1.175345,1.17478,1.1752449999999999,3565.989982776344,23,0,False,False
2025-09-25 00:00:00-04:00,1.17533,1.175345,1.174925,1.1752150000000001,2735.5199728682637,0,0,True,False
2025-09-25 01:00:00-04:00,1.1751399999999999,1.1751399999999999,1.1740849999999998,1.1742249999999999,3431.7299646660686,1,0,True,False
2025-09-25 02:00:00-04:00,1.17407,1.17513,1.17386,1.174595,11401.579917825758,2,0,True,False
2025-09-25 03:00:00-04:00,1.174535,1.1746949999999998,1.17317,1.17334,11323.84988706559,3,0,True,False
2025-09-25 04:00:00-04:00,1.1733449999999999,1.174435,1.1731349999999998,1.1742849999999998,14783.169873937964,4,0,True,False
2025-09-25 05:00:00-04:00,1.174345,1.1751399999999999,1.173985,1.1744949999999998,6934.889934711158,5,0,False,False
2025-09-25 06:00:00-04:00,1.1745649999999999,1.175255,1.1745649999999999,1.174685,6163.469938501716,6,0,False,False
2025-09-25 07:00:00-04:00,1.1745549999999998,1.1745549999999998,1.1735600000000002,1.174015,9645.369930751622,7,0,False,False
2025-09-25 08:00:00-04:00,1.17408,1.1743450000000002,1.1688999999999998,1.16981,25360.45977614075,8,0,False,False
2025-09-25 09:00:00-04:00,1.16974,1.1709100000000001,1.16844,1.1686,22431.659819699824,9,0,False,False
2025-09-25 10:00:00-04:00,1.16838,1.169405,1.16745,1.167615,22912.89979814738,10,0,False,True
2025-09-25 11:00:00-04:00,1.1675849999999999,1.168075,1.1667049999999999,1.1672449999999999,13751.059876278043,11,0,False,False
2025-09-25 12:00:00-04:00,1.16733,1.168255,1.16695,1.167075,10127.129915453494,12,0,False,False
2025-09-25 13:00:00-04:00,1.1671,1.167185,1.165245,1.1657549999999999,8557.86992892623,13,0,False,False
2025-09-25 14:00:00-04:00,1.165875,1.165875,1.1646800000000002,1.16523,8222.869916766882,14,0,False,False
2025-09-25 15:00:00-04:00,1.16526,1.16628,1.16523,1.1660599999999999,5110.509951710701,15,0,False,False
2025-09-25 16:00:00-04:00,1.1661000000000001,1.16688,1.16595,1.166595,5142.05996248126,16,0,False,False
2025-09-25 17:00:00-04:00,1.1665999999999999,1.1665999999999999,1.166185,1.166205,15905.758178196847,17,0,False,False
2025-09-25 18:00:00-04:00,1.166345,1.166865,1.166345,1.16684,2322.1099755614996,18,0,False,False
2025-09-25 19:00:00-04:00,1.16676,1.166785,1.1660149999999998,1.166185,2843.149971663952,19,0,False,False
2025-09-25 20:00:00-04:00,1.1660650000000001,1.167135,1.16581,1.167135,7405.779948852956,20,0,False,False
2025-09-25 21:00:00-04:00,1.16723,1.1673499999999999,1.1666349999999999,1.16677,5515.359960474074,21,0,False,False
2025-09-25 22:00:00-04:00,1.16679,1.167935,1.16679,1.16771,4260.569965139031,22,0,False,False
2025-09-25 23:00:00-04:00,1.167615,1.167875,1.16751,1.1678350000000002,2473.2999746203423,23,0,False,False
2025-09-26 00:00:00-04:00,1.16764,1.168175,1.1675149999999999,1.167995,3561.9299712628126,0,0,True,False
2025-09-26 01:00:00-04:00,1.16797,1.168185,1.167695,1.1677149999999998,3736.099973462522,1,0,True,False
2025-09-26 02:00:00-04:00,1.1676449999999998,1.16832,1.1672850000000001,1.167985,9297.219902954996,2,0,True,False
2025-09-26 03:00:00-04:00,1.1678899999999999,1.16822,1.1669200000000002,1.1673049999999998,10390.07988832891,3,0,True,False
2025-09-26 04:00:00-04:00,1.16718,1.16871,1.16718,1.1680700000000002,9824.769896350801,4,0,True,False
2025-09-26 05:00:00-04:00,1.1679249999999999,1.168375,1.16767,1.1678549999999999,8923.569912694395,5,0,False,False
2025-09-26 06:00:00-04:00,1.167775,1.1680350000000002,1.1662249999999998,1.166315,6849.639932960272,6,0,False,False
2025-09-26 07:00:00-04:00,1.166495,1.1675,1.166265,1.166785,8876.229924723506,7,0,False,False
2025-09-26 08:00:00-04:00,1.1670449999999999,1.168455,1.1670449999999999,1.16832,22598.14984178543,8,0,False,False
2025-09-26 09:00:00-04:00,1.168555,1.16934,1.1678549999999999,1.16837,19812.169837281108,9,0,False,False
2025-09-26 10:00:00-04:00,1.16869,1.17029,1.16867,1.169125,21467.73981372267,10,0,False,True
2025-09-26 11:00:00-04:00,1.16909,1.169985,1.1687599999999998,1.169125,13011.63985913992,11,0,False,False
2025-09-26 12:00:00-04:00,1.16914,1.1696300000000002,1.16876,1.169275,6603.509909488261,12,0,False,False
2025-09-26 13:00:00-04:00,1.1693850000000001,1.17011,1.169215,1.169975,4686.259933874011,13,0,False,False
2025-09-26 14:00:00-04:00,1.1699950000000001,1.170515,1.16973,1.17039,5345.619945965707,14,0,False,False
2025-09-26 15:00:00-04:00,1.1703649999999999,1.170575,1.16987,1.170575,4000.8199573382735,15,0,False,False
2025-09-26 16:00:00-04:00,1.17059,1.17068,1.1699199999999998,1.17029,4074.18994012475,16,0,False,False
2025-09-28 17:00:00-04:00,1.17029,1.1704750000000002,1.1701899999999998,1.1704249999999998,3262.8599608391523,17,0,False,False
2025-09-28 18:00:00-04:00,1.17056,1.17057,1.1703350000000001,1.1704400000000001,2210.979972243309,18,0,False,False
2025-09-28 19:00:00-04:00,1.170485,1.17096,1.170385,1.17049,1253.0399837493896,19,0,False,False
2025-09-28 20:00:00-04:00,1.170755,1.172285,1.170755,1.17217,4789.229944586754,20,0,False,False
2025-09-28 21:00:00-04:00,1.17207,1.172475,1.1715,1.172315,7518.789947800338,21,0,False,False
2025-09-28 22:00:00-04:00,1.172265,1.1728,1.172265,1.17262,5439.759955078363,22,0,False,False
2025-09-28 23:00:00-04:00,1.1726299999999998,1.17292,1.17251,1.17252,2701.9699707329273,23,0,False,False
2025-09-29 00:00:00-04:00,1.172415,1.1731850000000001,1.1722899999999998,1.17271,3068.2499747797847,0,0,True,False
2025-09-29 01:00:00-04:00,1.17276,1.173275,1.172405,1.17285,5849.849938303232,1,0,True,False
2025-09-29 02:00:00-04:00,1.1724450000000002,1.17248,1.1718600000000001,1.171985,9198.519900731742,2,0,True,False
2025-09-29 03:00:00-04:00,1.17199,1.1732749999999998,1.17176,1.1726999999999999,11002.779897168279,3,0,True,False
2025-09-29 05:00:00-04:00,1.1725050000000001,1.172605,1.17172,1.171775,6656.349930822849,5,0,False,False
2025-09-29 06:00:00-04:00,1.1717499999999998,1.17212,1.171615,1.171995,5051.229939095676,6,0,False,False
2025-09-29 07:00:00-04:00,1.1719499999999998,1.172905,1.17099,1.172905,8575.429906822741,7,0,False,False
2025-09-29 08:00:00-04:00,1.1732,1.1750699999999998,1.171875,1.1749900000000002,22832.449782773852,8,0,False,False
2025-09-29 09:00:00-04:00,1.174985,1.17535,1.17379,1.1741,22314.179855197668,9,0,False,False
2025-09-29 10:00:00-04:00,1.17436,1.17436,1.17301,1.17303,13151.529843859375,10,0,False,True
2025-09-29 11:00:00-04:00,1.17296,1.17332,1.1723,1.17291,12141.379880428314,11,0,False,False
2025-09-29 12:00:00-04:00,1.1729500000000002,1.17326,1.17259,1.17294,4891.389943122864,12,0,False,False
2025-09-29 13:00:00-04:00,1.1730399999999999,1.1730999999999998,1.172155,1.172155,3746.7099602743983,13,0,False,False
2025-09-29 14:00:00-04:00,1.17219,1.17327,1.1721050000000002,1.1731500000000001,4156.529959701002,14,0,False,False
2025-09-29 15:00:00-04:00,1.17307,1.1731500000000001,1.172605,1.172765,3948.2899652794003,15,0,False,False
2025-09-29 16:00:00-04:00,1.17272,1.1727400000000001,1.1723750000000002,1.172665,3372.2099716588855,16,0,False,False
2025-09-29 17:00:00-04:00,1.172665,1.1728800000000001,1.1725349999999999,1.17267,4400.239949181676,17,0,False,False
2025-09-29 18:00:00-04:00,1.17266,1.17279,1.1724800000000002,1.17276,1164.8699897229671,18,0,False,False
2025-09-29 19:00:00-04:00,1.1728,1.173235,1.1727599999999998,1.1730649999999998,1604.27998316288,19,0,False,False
2025-09-29 20:00:00-04:00,1.172725,1.173135,1.171375,1.1720899999999999,10416.969900801778,20,0,False,False
2025-09-29 21:00:00-04:00,1.1722350000000001,1.1725400000000001,1.1713900000000002,1.171415,11587.319903872907,21,0,False,False
2025-09-29 22:00:00-04:00,1.17131,1.172395,1.171235,1.1722350000000001,4678.539951503277,22,0,False,False
2025-09-29 23:00:00-04:00,1.172135,1.17264,1.172085,1.172385,3859.3999582082033,23,0,False,False
2025-09-30 00:00:00-04:00,1.17244,1.17287,1.1719,1.17287,6180.379937425256,0,0,True,False
2025-09-30 01:00:00-04:00,1.1730800000000001,1.1736749999999998,1.17286,1.1733500000000001,4370.809938855469,1,0,True,False
2025-09-30 02:00:00-04:00,1.17333,1.17432,1.173165,1.17375,8690.529890969396,2,0,True,False
2025-09-30 03:00:00-04:00,1.1736900000000001,1.174795,1.1736900000000001,1.17418,8902.109884768724,3,0,True,False
2025-09-30 04:00:00-04:00,1.1744400000000002,1.176035,1.1744400000000002,1.1755650000000002,10835.37986907363,4,0,True,False
2025-09-30 05:00:00-04:00,1.17556,1.17569,1.1745700000000001,1.174825,7231.379912599921,5,0,False,False
2025-09-30 06:00:00-04:00,1.174925,1.175,1.17407,1.1745649999999999,7309.799922220409,6,0,False,False
2025-09-30 07:00:00-04:00,1.17486,1.17486,1.17366,1.174245,9122.829924151301,7,0,False,False
2025-09-30 08:00:00-04:00,1.1743700000000001,1.17466,1.17337,1.17371,9027.669896684587,8,0,False,False
2025-09-30 09:00:00-04:00,1.1738,1.17382,1.1717300000000002,1.1730999999999998,14002.379846267402,9,0,False,False
2025-09-30 10:00:00-04:00,1.1729850000000002,1.175095,1.17275,1.1749800000000001,23099.709760665894,10,0,False,True
2025-09-30 11:00:00-04:00,1.174885,1.174885,1.1726299999999998,1.17343,15111.479836940765,11,0,False,False
2025-09-30 12:00:00-04:00,1.17359,1.175835,1.173505,1.175665,8523.849897168577,12,0,False,False
2025-09-30 13:00:00-04:00,1.175705,1.1760950000000001,1.1747100000000001,1.1749299999999998,7041.669932112098,13,0,False,False
2025-09-30 14:00:00-04:00,1.17489,1.17489,1.17361,1.17408,4678.069936282933,14,0,False,False
2025-09-30 15:00:00-04:00,1.17377,1.17408,1.1736900000000001,1.17397,4556.589937649667,15,0,False,False
2025-09-30 16:00:00-04:00,1.17388,1.17388,1.17333,1.17333,4296.459965832531,16,0,False,False
2025-09-30 17:00:00-04:00,1.173525,1.17382,1.173525,1.17375,4579.759950302541,17,0,False,False
2025-09-30 18:00:00-04:00,1.1735350000000002,1.1741000000000001,1.17336,1.17343,3017.499971307814,18,0,False,False
2025-09-30 19:00:00-04:00,1.173435,1.17424,1.173435,1.1734550000000001,3288.009976811707,19,0,False,False
2025-09-30 20:00:00-04:00,1.1733500000000001,1.17379,1.17298,1.17359,4164.169945068657,20,0,False,False
2025-09-30 21:00:00-04:00,1.1735950000000002,1.1740599999999999,1.1730900000000002,1.173915,3853.109960861504,21,0,False,False
2025-09-30 22:00:00-04:00,1.17389,1.17391,1.1733,1.17379,3024.8099618405104,22,0,False,False
2025-09-30 23:00:00-04:00,1.1738300000000002,1.1739000000000002,1.1734499999999999,1.173805,2746.079968698323,23,0,False,False
2025-10-01 00:00:00-04:00,1.1738149999999998,1.1758549999999999,1.1738149999999998,1.175825,4301.059953391552,0,0,True,False
2025-10-01 01:00:00-04:00,1.17656,1.17656,1.1752500000000001,1.1752500000000001,7439.879916451871,1,0,True,False
2025-10-01 02:00:00-04:00,1.17551,1.1774,1.175125,1.17679,11215.719854928553,2,0,True,False
2025-10-01 03:00:00-04:00,1.1770800000000001,1.17767,1.17429,1.1749999999999998,18984.489780001342,3,0,True,False
2025-10-01 04:00:00-04:00,1.17519,1.1764999999999999,1.17497,1.17497,14628.99983600527,4,0,True,False
2025-10-01 05:00:00-04:00,1.17506,1.1754,1.17323,1.1733,10024.4298761487,5,0,False,False
2025-10-01 06:00:00-04:00,1.1732049999999998,1.1732900000000002,1.17165,1.17253,11878.539884343743,6,0,False,False
2025-10-01 07:00:00-04:00,1.17262,1.1739899999999999,1.17262,1.17344,8859.779899261892,7,0,False,False
2025-10-01 08:00:00-04:00,1.17328,1.176265,1.172385,1.1749100000000001,37801.46964652836,8,0,False,False
2025-10-01 09:00:00-04:00,1.1749049999999999,1.17605,1.1748750000000001,1.17545,26924.199801310897,9,0,False,False
2025-10-01 10:00:00-04:00,1.1755900000000001,1.17601,1.17361,1.17466,31855.7396671772,10,0,False,True
2025-10-01 11:00:00-04:00,1.1747800000000002,1.1747800000000002,1.1723,1.1723,20214.579764813185,11,0,False,False
2025-10-01 12:00:00-04:00,1.17194,1.1726,1.1715900000000001,1.17228,15733.219848774374,12,0,False,False
2025-10-01 13:00:00-04:00,1.1724549999999998,1.173225,1.172365,1.17238,8702.24992288649,13,0,False,False
2025-10-01 14:00:00-04:00,1.1722899999999998,1.17418,1.17219,1.173485,7413.169945068657,14,0,False,False
2025-10-01 15:00:00-04:00,1.17362,1.17367,1.173,1.1730450000000001,5652.579970903695,15,0,False,False
2025-10-01 16:00:00-04:00,1.173015,1.17307,1.17265,1.1730450000000001,5214.939964860678,16,0,False,False
2025-10-01 17:00:00-04:00,1.1730450000000001,1.17348,1.17301,1.1733099999999999,10005.827897764742,17,0,False,False
2025-10-01 18:00:00-04:00,1.1733449999999999,1.17375,1.17322,1.173385,2293.86997897923,18,0,False,False
2025-10-01 19:00:00-04:00,1.173465,1.17362,1.173295,1.173295,1036.619990348816,19,0,False,False
2025-10-01 20:00:00-04:00,1.1732550000000002,1.173355,1.1725349999999999,1.17299,4584.659964211285,20,0,False,False
2025-10-01 21:00:00-04:00,1.17286,1.1738849999999998,1.1724350000000001,1.17388,3777.4399621263146,21,0,False,False
2025-10-01 22:00:00-04:00,1.1739700000000002,1.1741899999999998,1.1737199999999999,1.1737199999999999,2379.6699796393514,22,0,False,False
2025-10-01 23:00:00-04:00,1.1737199999999999,1.17384,1.1732749999999998,1.173485,2737.529980145395,23,0,False,False
2025-10-02 00:00:00-04:00,1.17349,1.17359,1.17302,1.173425,2646.60997685045,0,0,True,False
2025-10-02 01:00:00-04:00,1.173635,1.173635,1.172975,1.173555,2670.8599682226777,1,0,True,False
2025-10-02 02:00:00-04:00,1.17388,1.1743700000000001,1.17346,1.174285,10081.489916533232,2,0,True,False
2025-10-02 03:00:00-04:00,1.174415,1.1756199999999999,1.174415,1.175005,10097.78990829736,3,0,True,False
2025-10-02 04:00:00-04:00,1.1749999999999998,1.17563,1.1746500000000002,1.17536,8801.909914843738,4,0,True,False
2025-10-02 05:00:00-04:00,1.17536,1.1758,1.17511,1.17549,5953.649941004813,5,0,False,False
2025-10-02 06:00:00-04:00,1.1753,1.1753200000000001,1.17465,1.1752,6409.259930975735,6,0,False,False
2025-10-02 07:00:00-04:00,1.1751800000000001,1.1755200000000001,1.17474,1.175045,6294.569932594895,7,0,False,False
2025-10-02 08:00:00-04:00,1.1751399999999999,1.1757900000000001,1.1737000000000002,1.1737600000000001,10461.959895662963,8,0,False,False
2025-10-02 09:00:00-04:00,1.1737199999999999,1.1743700000000001,1.171725,1.172225,19388.67984431982,9,0,False,False
2025-10-02 10:00:00-04:00,1.171935,1.1719650000000001,1.170795,1.171345,20050.869784981012,10,0,False,True
2025-10-02 11:00:00-04:00,1.171125,1.171125,1.1684299999999999,1.1696650000000002,16081.159864641726,11,0,False,False
2025-10-02 12:00:00-04:00,1.1696550000000001,1.171485,1.169555,1.171485,15812.979903586209,12,0,False,False
2025-10-02 13:00:00-04:00,1.1715499999999999,1.17203,1.1712349999999998,1.17136,7321.329930521548,13,0,False,False
2025-10-02 14:00:00-04:00,1.171415,1.1722299999999999,1.17137,1.17211,5644.959949739277,14,0,False,False
2025-10-02 15:00:00-04:00,1.1722350000000001,1.1726,1.1717849999999999,1.171885,4530.109971284866,15,0,False,False
2025-10-02 16:00:00-04:00,1.17171,1.1723400000000002,1.1715,1.171575,4708.019981406629,16,0,False,False
2025-10-02 17:00:00-04:00,1.1715499999999999,1.171905,1.1714799999999999,1.171755,3599.109999060631,17,0,False,False
2025-10-02 18:00:00-04:00,1.17184,1.172085,1.17179,1.171915,1385.0999823063612,18,0,False,False
2025-10-02 19:00:00-04:00,1.1719650000000001,1.172555,1.171945,1.1724700000000001,1234.7999862134457,19,0,False,False
2025-10-02 20:00:00-04:00,1.1723949999999999,1.17245,1.1719499999999998,1.1724299999999999,2674.4599692225456,20,0,False,False
2025-10-02 21:00:00-04:00,1.1726100000000002,1.17292,1.1716600000000001,1.1726999999999999,6339.759938262403,21,0,False,False
2025-10-02 22:00:00-04:00,1.172765,1.172765,1.1721149999999998,1.1724700000000001,3707.249970294535,22,0,False,False
2025-10-02 23:00:00-04:00,1.17242,1.17266,1.172015,1.172635,2324.159971497953,23,0,False,False
2025-10-03 00:00:00-04:00,1.17266,1.17279,1.17181,1.17181,2668.92998085171,0,0,True,False
2025-10-03 01:00:00-04:00,1.17171,1.172145,1.1715499999999999,1.1717,5386.689963974059,1,0,True,False
2025-10-03 02:00:00-04:00,1.1718250000000001,1.17285,1.17174,1.172045,5376.1899366900325,2,0,True,False
2025-10-03 03:00:00-04:00,1.172245,1.173315,1.172155,1.17323,8385.669904269278,3,0,True,False
2025-10-03 04:00:00-04:00,1.17325,1.17443,1.17325,1.1740300000000001,8876.009934343398,4,0,True,False
2025-10-03 05:00:00-04:00,1.17394,1.1739950000000001,1.173215,1.1737199999999999,10202.099949426949,5,0,False,False
2025-10-03 06:00:00-04:00,1.17373,1.17393,1.173395,1.173645,6710.949957333505,6,0,False,False
2025-10-03 07:00:00-04:00,1.173705,1.17423,1.17319,1.173395,8173.409933030605,7,0,False,False
2025-10-03 08:00:00-04:00,1.17366,1.174055,1.1729500000000002,1.17395,9980.729890860617,8,0,False,False
2025-10-03 09:00:00-04:00,1.17393,1.174325,1.1733449999999999,1.173835,12365.749891154468,9,0,False,False
2025-10-03 10:00:00-04:00,1.17429,1.17574,1.173495,1.17409,33763.44978232682,10,0,False,True
2025-10-03 11:00:00-04:00,1.17404,1.17488,1.1737199999999999,1.174615,8680.199899226427,11,0,False,False
2025-10-03 12:00:00-04:00,1.1746500000000002,1.17476,1.173825,1.173985,4997.619954071939,12,0,False,False
2025-10-03 13:00:00-04:00,1.173825,1.1741199999999998,1.173245,1.1733850000000001,4656.109950304031,13,0,False,False
2025-10-03 14:00:00-04:00,1.1732,1.17398,1.172825,1.173975,5243.429960772395,14,0,False,False
2025-10-03 15:00:00-04:00,1.1740599999999999,1.174195,1.17379,1.1741000000000001,3338.4799694418907,15,0,False,False
2025-10-03 16:00:00-04:00,1.17429,1.1744050000000001,1.17389,1.1742,4172.069958366454,16,0,False,False
2025-10-05 17:00:00-04:00,1.172595,1.172795,1.1723,1.1727750000000001,1298.029987320304,17,0,False,False
2025-10-05 18:00:00-04:00,1.17264,1.17264,1.17161,1.17163,8620.909940131009,18,0,False,False
2025-10-05 19:00:00-04:00,1.1715200000000001,1.1715200000000001,1.170755,1.171185,9926.949911385775,19,0,False,False
2025-10-05 20:00:00-04:00,1.171295,1.171885,1.1710500000000001,1.1716199999999999,7602.229933813214,20,0,False,False
2025-10-05 21:00:00-04:00,1.1715200000000001,1.17245,1.17108,1.172405,5219.919940777123,21,0,False,False
2025-10-05 22:00:00-04:00,1.1725050000000001,1.17307,1.1725050000000001,1.17271,3396.7699657529593,22,0,False,False
2025-10-05 23:00:00-04:00,1.17271,1.1730049999999999,1.172355,1.17244,3155.589967608452,23,0,False,False
2025-10-06 00:00:00-04:00,1.17239,1.17271,1.17203,1.17203,4512.299978561699,0,0,True,False
2025-10-06 01:00:00-04:00,1.1720899999999999,1.1724999999999999,1.17143,1.1717149999999998,3786.3999621123075,1,0,True,False
2025-10-06 02:00:00-04:00,1.1718449999999998,1.1718449999999998,1.169155,1.16937,11450.429892793298,2,0,True,False
2025-10-06 03:00:00-04:00,1.169275,1.1710850000000002,1.166275,1.166275,24846.26977596432,3,0,True,False
2025-10-06 04:00:00-04:00,1.16609,1.167885,1.16539,1.1667800000000002,21403.13976561278,4,0,True,False
2025-10-06 05:00:00-04:00,1.16676,1.166785,1.1657899999999999,1.16663,20142.959748841822,5,0,False,False
2025-10-06 06:00:00-04:00,1.1666400000000001,1.1666400000000001,1.1653799999999999,1.1663350000000001,13429.659849837422,6,0,False,False
2025-10-06 07:00:00-04:00,1.16632,1.167835,1.165785,1.16754,10526.349888727069,7,0,False,False
2025-10-06 08:00:00-04:00,1.1680350000000002,1.16891,1.167385,1.16891,21239.98973775655,8,0,False,False
2025-10-06 09:00:00-04:00,1.168825,1.1702750000000002,1.16851,1.1699549999999999,13495.739880949259,9,0,False,False
2025-10-06 10:00:00-04:00,1.1697,1.171765,1.16961,1.17165,13590.239896722138,10,0,False,True
2025-10-06 11:00:00-04:00,1.17156,1.1720199999999998,1.1703800000000002,1.1706500000000002,9056.93992832303,11,0,False,False
2025-10-06 12:00:00-04:00,1.17072,1.1712,1.1703999999999999,1.1712,4841.569961428642,12,0,False,False
2025-10-06 13:00:00-04:00,1.17117,1.17158,1.1709999999999998,1.17104,3558.1199672296643,13,0,False,False
2025-10-06 14:00:00-04:00,1.17102,1.1715200000000001,1.17096,1.17126,3358.019968561828,14,0,False,False
2025-10-06 15:00:00-04:00,1.1713,1.17169,1.171075,1.171075,2904.5199698656797,15,0,False,False
2025-10-06 16:00:00-04:00,1.170955,1.171385,1.17089,1.17108,3750.9899672418833,16,0,False,False
2025-10-06 17:00:00-04:00,1.1713200000000001,1.1713200000000001,1.1708500000000002,1.17104,3046.419956445694,17,0,False,False
2025-10-06 18:00:00-04:00,1.17118,1.171415,1.17088,1.1709749999999999,5278.369908809662,18,0,False,False
2025-10-06 19:00:00-04:00,1.1710349999999998,1.171325,1.170845,1.170935,2072.779979623854,19,0,False,False
2025-10-06 20:00:00-04:00,1.17088,1.1710699999999998,1.17047,1.1708699999999999,4613.939962275326,20,0,False,False
2025-10-06 21:00:00-04:00,1.170785,1.170785,1.16968,1.16968,3501.999968200922,21,0,False,False
2025-10-06 22:00:00-04:00,1.1697600000000001,1.1705800000000002,1.1697600000000001,1.17016,2471.5899795889854,22,0,False,False
2025-10-06 23:00:00-04:00,1.17021,1.1706750000000001,1.1699899999999999,1.170335,2898.8399812355638,23,0,False,False
2025-10-07 00:00:00-04:00,1.1703199999999998,1.17072,1.169565,1.16984,4107.7699858397245,0,0,True,False
2025-10-07 01:00:00-04:00,1.169735,1.169965,1.1688450000000001,1.169195,3534.489965863526,1,0,True,False
2025-10-07 02:00:00-04:00,1.168815,1.16894,1.1683400000000002,1.168675,10244.219922736287,2,0,True,False
2025-10-07 03:00:00-04:00,1.1687400000000001,1.1687400000000001,1.16709,1.167645,8338.809922203422,3,0,True,False
2025-10-07 04:00:00-04:00,1.16769,1.16818,1.1665299999999998,1.1666,6929.329943075776,4,0,True,False
2025-10-07 05:00:00-04:00,1.16684,1.1671049999999998,1.16609,1.166645,7137.699946835637,5,0,False,False
2025-10-07 06:00:00-04:00,1.16672,1.1675300000000002,1.1663700000000001,1.16742,7475.359943002462,6,0,False,False
2025-10-07 07:00:00-04:00,1.1672699999999998,1.16731,1.16548,1.1662599999999999,7981.44993326813,7,0,False,False
2025-10-07 08:00:00-04:00,1.16622,1.16669,1.165585,1.16669,12177.839913882315,8,0,False,False
2025-10-07 09:00:00-04:00,1.16652,1.1669800000000001,1.1660149999999998,1.1660400000000002,11493.339905820787,9,0,False,False
2025-10-07 10:00:00-04:00,1.1656,1.16642,1.1655099999999998,1.1663100000000002,16356.359909586608,10,0,False,True
2025-10-07 11:00:00-04:00,1.16636,1.167915,1.16625,1.1673,18100.25991100818,11,0,False,False
2025-10-07 12:00:00-04:00,1.16742,1.16803,1.167,1.167,7651.929938778281,12,0,False,False
2025-10-07 13:00:00-04:00,1.1671200000000002,1.1679,1.16673,1.16673,7668.159963898361,13,0,False,False
2025-10-07 14:00:00-04:00,1.16661,1.16665,1.16575,1.1657799999999998,5030.249951630831,14,0,False,False
2025-10-07 15:00:00-04:00,1.1658300000000001,1.1658300000000001,1.1647750000000001,1.1650200000000002,5378.829963691533,15,0,False,False
2025-10-07 16:00:00-04:00,1.16503,1.1658,1.16494,1.1656900000000001,2988.59997497499,16,0,False,False
2025-10-07 17:00:00-04:00,1.165675,1.165865,1.165645,1.16577,4131.219940319657,17,0,False,False
2025-10-07 18:00:00-04:00,1.165945,1.16609,1.1658849999999998,1.165925,1394.9399759620428,18,0,False,False
2025-10-07 19:00:00-04:00,1.165915,1.165915,1.16528,1.16528,2583.879982188344,19,0,False,False
2025-10-07 20:00:00-04:00,1.165245,1.165245,1.1645699999999999,1.16474,4805.859962411225,20,0,False,False
2025-10-07 21:00:00-04:00,1.16397,1.16437,1.16262,1.162665,12345.579921402037,21,0,False,False
2025-10-07 22:00:00-04:00,1.1622,1.162695,1.16171,1.162385,6496.659957118332,22,0,False,False
2025-10-07 23:00:00-04:00,1.1623299999999999,1.16243,1.1618300000000001,1.1623999999999999,3912.2899709418416,23,0,False,False
2025-10-08 00:00:00-04:00,1.1625,1.1625,1.16164,1.1619199999999998,3345.6799719557166,0,0,True,False
2025-10-08 01:00:00-04:00,1.16164,1.16188,1.16129,1.1617250000000001,4727.039972946048,1,0,True,False
2025-10-08 02:00:00-04:00,1.1618499999999998,1.1620149999999998,1.160765,1.1616499999999998,9138.959917858243,2,0,True,False
2025-10-08 03:00:00-04:00,1.161555,1.1634,1.1612,1.16311,13992.609887480736,3,0,True,False
2025-10-08 04:00:00-04:00,1.1629999999999998,1.1635,1.16127,1.1614499999999999,9148.769927278161,4,0,True,False
2025-10-08 05:00:00-04:00,1.1614900000000001,1.1620050000000002,1.160755,1.16113,8980.659918226302,5,0,False,False
2025-10-08 06:00:00-04:00,1.16096,1.1635900000000001,1.16096,1.16337,7790.1599389612675,6,0,False,False
2025-10-08 07:00:00-04:00,1.1634099999999998,1.1634099999999998,1.16262,1.162625,7843.379937320948,7,0,False,False
2025-10-08 08:00:00-04:00,1.16256,1.163705,1.1625100000000002,1.1632500000000001,7560.269926667213,8,0,False,False
2025-10-08 09:00:00-04:00,1.1631399999999998,1.164405,1.1628500000000002,1.1631900000000002,10393.459900856018,9,0,False,False
2025-10-08 10:00:00-04:00,1.16309,1.1635,1.16208,1.162165,11630.149903945625,10,0,False,True
2025-10-08 11:00:00-04:00,1.16211,1.16214,1.160335,1.16058,13498.119913555682,11,0,False,False
2025-10-08 12:00:00-04:00,1.16053,1.16067,1.15991,1.16053,7928.719943404198,12,0,False,False
2025-10-08 13:00:00-04:00,1.1605400000000001,1.16092,1.1603050000000001,1.16074,4580.1499639377,13,0,False,False
2025-10-08 14:00:00-04:00,1.16006,1.16218,1.16003,1.162,11048.379894562066,14,0,False,False
2025-10-08 15:00:00-04:00,1.16239,1.16281,1.16225,1.1627999999999998,3903.6699608638883,15,0,False,False
2025-10-08 16:00:00-04:00,1.16293,1.16324,1.1626949999999998,1.16296,4863.879959151149,16,0,False,False
2025-10-08 17:00:00-04:00,1.16286,1.163005,1.16248,1.16286,9330.229959391057,17,0,False,False
2025-10-08 18:00:00-04:00,1.16295,1.16349,1.16295,1.1633550000000001,3554.729995034635,18,0,False,False
2025-10-08 19:00:00-04:00,1.163255,1.1633200000000001,1.1628699999999998,1.162925,2880.3299880698323,19,0,False,False
2025-10-08 20:00:00-04:00,1.16286,1.16398,1.16286,1.1637,4227.959960408509,20,0,False,False
2025-10-08 21:00:00-04:00,1.1640199999999998,1.164485,1.1638000000000002,1.164005,5832.929933041334,21,0,False,False
2025-10-08 22:00:00-04:00,1.1639599999999999,1.164765,1.163905,1.164395,3851.3899789452553,22,0,False,False
2025-10-08 23:00:00-04:00,1.16449,1.1646,1.16406,1.164485,2316.4799782931805,23,0,False,False
2025-10-09 00:00:00-04:00,1.16449,1.16467,1.16421,1.1645599999999998,1739.5599801167846,0,0,True,False
2025-10-09 01:00:00-04:00,1.164555,1.1648100000000001,1.163865,1.163865,3952.309974730015,1,0,True,False
2025-10-09 02:00:00-04:00,1.16376,1.1637849999999998,1.1611799999999999,1.16157,14289.17992131412,2,0,True,False
2025-10-09 03:00:00-04:00,1.16193,1.16225,1.16067,1.16112,18927.98997911811,3,0,True,False
2025-10-09 04:00:00-04:00,1.16114,1.161395,1.16035,1.161245,11466.119934402406,4,0,True,False
2025-10-09 05:00:00-04:00,1.16133,1.16269,1.16112,1.1625800000000002,12171.999910458922,5,0,False,False
2025-10-09 06:00:00-04:00,1.1625299999999998,1.16263,1.1613449999999998,1.1618499999999998,5913.439938746393,6,0,False,False
2025-10-09 07:00:00-04:00,1.16181,1.162125,1.1609699999999998,1.16123,10013.84994482994,7,0,False,False
2025-10-09 08:00:00-04:00,1.16106,1.161555,1.1606800000000002,1.16151,15509.299951948225,8,0,False,False
2025-10-09 09:00:00-04:00,1.1613099999999998,1.1618499999999998,1.1592099999999999,1.1602700000000001,25677.459849715233,9,0,False,False
2025-10-09 10:00:00-04:00,1.159675,1.16003,1.1577199999999999,1.15811,20876.489836893976,10,0,False,True
2025-10-09 11:00:00-04:00,1.15808,1.15808,1.1548150000000001,1.155885,18377.939850993454,11,0,False,False
2025-10-09 12:00:00-04:00,1.156245,1.1562999999999999,1.1553849999999999,1.1558000000000002,9181.959921784699,12,0,False,False
2025-10-09 13:00:00-04:00,1.1559499999999998,1.15659,1.15542,1.1559949999999999,7763.679925389588,13,0,False,False
2025-10-09 14:00:00-04:00,1.15594,1.15604,1.1542599999999998,1.15464,5701.949953243136,14,0,False,False
2025-10-09 15:00:00-04:00,1.1549399999999999,1.1561,1.15488,1.155955,4580.74995277822,15,0,False,False
2025-10-09 16:00:00-04:00,1.15606,1.15666,1.15606,1.15642,4338.639950722456,16,0,False,False
2025-10-09 17:00:00-04:00,1.156435,1.1565750000000001,1.156095,1.1564999999999999,1987.2299887016416,17,0,False,False
2025-10-09 18:00:00-04:00,1.156535,1.156535,1.1562000000000001,1.156475,1934.5499805733562,18,0,False,False
2025-10-09 19:00:00-04:00,1.1563750000000002,1.156625,1.155705,1.156545,2797.429988719523,19,0,False,False
2025-10-09 20:00:00-04:00,1.156415,1.15701,1.156145,1.156765,3894.3199658468366,20,0,False,False
2025-10-09 21:00:00-04:00,1.1566999999999998,1.15706,1.15629,1.15629,4284.479964748025,21,0,False,False
2025-10-09 22:00:00-04:00,1.156425,1.15726,1.156425,1.15696,3957.189980722964,22,0,False,False
2025-10-09 23:00:00-04:00,1.15694,1.157385,1.1567500000000002,1.157305,2958.359970934689,23,0,False,False
2025-10-10 00:00:00-04:00,1.15719,1.1573600000000002,1.15677,1.1573600000000002,2404.7899765968323,0,0,True,False
2025-10-10 01:00:00-04:00,1.1573799999999999,1.157705,1.157,1.157,3693.329968675971,1,0,True,False
2025-10-10 02:00:00-04:00,1.1568749999999999,1.15728,1.156135,1.157045,11534.389893122017,2,0,True,False
2025-10-10 03:00:00-04:00,1.1568049999999999,1.157925,1.156435,1.15781,13492.979868106544,3,0,True,False
2025-10-10 04:00:00-04:00,1.15767,1.1589,1.15767,1.15789,8322.54991722852,4,0,True,False
2025-10-10 05:00:00-04:00,1.1579700000000002,1.1579700000000002,1.1569099999999999,1.1574499999999999,5688.779942281544,5,0,False,False
2025-10-10 06:00:00-04:00,1.15733,1.1583,1.1570900000000002,1.157155,6079.819943770766,6,0,False,False
2025-10-10 07:00:00-04:00,1.15714,1.157445,1.15611,1.15611,8442.979922696948,7,0,False,False
2025-10-10 08:00:00-04:00,1.1562299999999999,1.15754,1.1562299999999999,1.157195,11114.32990155369,8,0,False,False
2025-10-10 09:00:00-04:00,1.157085,1.157315,1.1562649999999999,1.156905,10094.919895417988,9,0,False,False
2025-10-10 10:00:00-04:00,1.15674,1.157965,1.1566,1.157845,19677.999860674143,10,0,False,True
2025-10-10 11:00:00-04:00,1.15822,1.16296,1.15822,1.161265,52100.19965977222,11,0,False,False
2025-10-10 12:00:00-04:00,1.161365,1.162425,1.1604999999999999,1.1606,12730.679865434766,12,0,False,False
2025-10-10 13:00:00-04:00,1.160615,1.1608100000000001,1.15982,1.16011,8520.999917209148,13,0,False,False
2025-10-10 14:00:00-04:00,1.16011,1.1612749999999998,1.160045,1.1608649999999998,5317.379930436611,14,0,False,False
2025-10-10 15:00:00-04:00,1.160415,1.16146,1.160415,1.1612749999999998,5168.049934081733,15,0,False,False
2025-10-10 16:00:00-04:00,1.16132,1.162875,1.16041,1.1617449999999998,9780.369873195887,16,0,False,False
2025-10-12 17:00:00-04:00,1.1618249999999999,1.161915,1.16099,1.16147,2530.7899601459503,17,0,False,False
2025-10-12 18:00:00-04:00,1.1611150000000001,1.1611150000000001,1.159225,1.1603150000000002,8803.549862533808,18,0,False,False
2025-10-12 19:00:00-04:00,1.160365,1.160955,1.16012,1.16017,5651.569946281612,19,0,False,False
2025-10-12 20:00:00-04:00,1.16024,1.16159,1.1601,1.16159,7095.759925700724,20,0,False,False
2025-10-12 21:00:00-04:00,1.1618149999999998,1.16207,1.1610399999999998,1.1619899999999999,6918.099936306477,21,0,False,False
2025-10-12 22:00:00-04:00,1.162185,1.16275,1.1617000000000002,1.16195,4087.4699568524957,22,0,False,False
2025-10-12 23:00:00-04:00,1.16193,1.1621700000000001,1.1616499999999998,1.16207,2885.289978429675,23,0,False,False
2025-10-13 00:00:00-04:00,1.1620300000000001,1.16249,1.16187,1.16202,2880.8799777179956,0,0,True,False
2025-10-13 01:00:00-04:00,1.16211,1.1623700000000001,1.1613600000000002,1.161485,3979.489963531494,1,0,True,False
2025-10-13 02:00:00-04:00,1.16148,1.16296,1.1611699999999998,1.1614049999999998,9918.98991831392,2,0,True,False
2025-10-13 03:00:00-04:00,1.16117,1.1612900000000002,1.1599400000000002,1.1599849999999998,14015.939872011542,3,0,True,False
2025-10-13 04:00:00-04:00,1.1602700000000001,1.1603400000000001,1.15818,1.15855,12363.289903253317,4,0,True,False
2025-10-13 05:00:00-04:00,1.1585800000000002,1.159805,1.1585800000000002,1.15943,6088.659944109619,5,0,False,False
2025-10-13 06:00:00-04:00,1.15948,1.15951,1.15818,1.158365,5589.419941611588,6,0,False,False
2025-10-13 07:00:00-04:00,1.1586,1.1593499999999999,1.15659,1.1568299999999998,11744.8899076581,7,0,False,False
2025-10-13 08:00:00-04:00,1.156815,1.15766,1.15624,1.15686,10437.819904379547,8,0,False,False
2025-10-13 09:00:00-04:00,1.1568800000000001,1.15761,1.15669,1.1575099999999998,11250.529894404113,9,0,False,False
2025-10-13 10:00:00-04:00,1.1573799999999999,1.15741,1.15586,1.15613,10713.629883214831,10,0,False,True
2025-10-13 11:00:00-04:00,1.15618,1.157515,1.15615,1.157395,7377.4499349966645,11,0,False,False
2025-10-13 12:00:00-04:00,1.1574550000000001,1.157745,1.156995,1.15755,7779.839934125543,12,0,False,False
2025-10-13 13:00:00-04:00,1.1575950000000002,1.15769,1.1571,1.15733,3406.43996283412,13,0,False,False
2025-10-13 14:00:00-04:00,1.157445,1.15775,1.156655,1.156855,4034.9899670928717,14,0,False,False
2025-10-13 15:00:00-04:00,1.15693,1.1573600000000002,1.15662,1.15662,2807.9099705442786,15,0,False,False
2025-10-13 16:00:00-04:00,1.1566,1.1570550000000002,1.1565400000000001,1.15698,2896.689972899854,16,0,False,False
2025-10-13 17:00:00-04:00,1.156975,1.157305,1.156975,1.1571850000000001,2246.4799664765596,17,0,False,False
2025-10-13 18:00:00-04:00,1.15703,1.157385,1.15679,1.15679,2486.7099746614695,18,0,False,False
2025-10-13 19:00:00-04:00,1.15679,1.15699,1.15638,1.15659,2052.4099829643965,19,0,False,False
2025-10-13 20:00:00-04:00,1.15638,1.15638,1.15557,1.15612,9722.529937975109,20,0,False,False
2025-10-13 21:00:00-04:00,1.15633,1.157285,1.15624,1.157075,5643.869965218008,21,0,False,False
2025-10-13 22:00:00-04:00,1.157095,1.157625,1.1570900000000002,1.157385,3442.229981057346,22,0,False,False
2025-10-13 23:00:00-04:00,1.15732,1.1581700000000001,1.157165,1.15788,4181.769959680736,23,0,False,False
2025-10-14 00:00:00-04:00,1.15802,1.15923,1.157875,1.15918,7718.529959626496,0,0,True,False
2025-10-14 01:00:00-04:00,1.1589550000000002,1.1592250000000002,1.15828,1.1584599999999998,9195.859928540885,1,0,True,False
2025-10-14 02:00:00-04:00,1.1586949999999998,1.1588349999999998,1.15647,1.157015,14103.509856842458,2,0,True,False
2025-10-14 03:00:00-04:00,1.157025,1.157315,1.15441,1.15496,19976.209851153195,3,0,True,False
2025-10-14 04:00:00-04:00,1.15472,1.15599,1.15472,1.155915,16176.659909814596,4,0,True,False
2025-10-14 05:00:00-04:00,1.15534,1.156285,1.15534,1.1555149999999998,8563.539907984436,5,0,False,False
2025-10-14 06:00:00-04:00,1.1555499999999999,1.15591,1.155135,1.1553499999999999,7660.4499094337225,6,0,False,False
2025-10-14 07:00:00-04:00,1.15518,1.15576,1.15469,1.155205,8423.539908483624,7,0,False,False
2025-10-14 08:00:00-04:00,1.15534,1.15646,1.154865,1.15556,13052.989888176322,8,0,False,False
2025-10-14 09:00:00-04:00,1.15549,1.158175,1.15549,1.1574049999999998,18316.479865074158,9,0,False,False
2025-10-14 10:00:00-04:00,1.157245,1.15957,1.15696,1.15942,15547.309871278703,10,0,False,True
2025-10-14 11:00:00-04:00,1.15945,1.16073,1.15875,1.16073,14050.179866239429,11,0,False,False
2025-10-14 12:00:00-04:00,1.160945,1.161435,1.1602549999999998,1.160955,13501.309868209064,12,0,False,False
2025-10-14 13:00:00-04:00,1.1609699999999998,1.161195,1.160205,1.16094,6920.339925810695,13,0,False,False
2025-10-14 14:00:00-04:00,1.1609,1.1611799999999999,1.160365,1.16051,5290.079943776131,14,0,False,False
2025-10-14 15:00:00-04:00,1.1606450000000001,1.160995,1.16049,1.160555,7318.92992760241,15,0,False,False
2025-10-14 16:00:00-04:00,1.16064,1.16079,1.1600199999999998,1.16066,3261.429960884154,16,0,False,False
2025-10-14 17:00:00-04:00,1.16067,1.16087,1.16067,1.160815,1347.3199943006039,17,0,False,False
2025-10-14 18:00:00-04:00,1.1609,1.160965,1.160365,1.160365,1755.299981072545,18,0,False,False
2025-10-14 19:00:00-04:00,1.160265,1.1605349999999999,1.1602000000000001,1.16033,2370.819982789457,19,0,False,False
2025-10-14 20:00:00-04:00,1.16037,1.16132,1.16037,1.161065,8215.239929512143,20,0,False,False
2025-10-14 21:00:00-04:00,1.161045,1.1622750000000002,1.1607750000000001,1.1619199999999998,10937.159947112203,21,0,False,False
2025-10-14 22:00:00-04:00,1.16189,1.162585,1.16182,1.1623,5237.8799286186695,22,0,False,False
2025-10-14 23:00:00-04:00,1.162285,1.1623999999999999,1.16191,1.16223,3281.119954533875,23,0,False,False
2025-10-15 00:00:00-04:00,1.1622949999999999,1.1624249999999998,1.16173,1.161845,2391.129964888096,0,0,True,False
2025-10-15 01:00:00-04:00,1.16191,1.1625999999999999,1.16191,1.1619700000000002,4319.809955008328,1,0,True,False
2025-10-15 02:00:00-04:00,1.16189,1.1637,1.161805,1.16342,13805.329896874726,2,0,True,False
2025-10-15 03:00:00-04:00,1.16351,1.1643400000000002,1.1631,1.16357,13417.679885558784,3,0,True,False
2025-10-15 04:00:00-04:00,1.1636600000000001,1.16446,1.16315,1.16327,8430.27989833057,4,0,True,False
2025-10-15 05:00:00-04:00,1.16331,1.16391,1.1628500000000002,1.163475,8211.959904424846,5,0,False,False
2025-10-15 06:00:00-04:00,1.163215,1.163215,1.16207,1.1624400000000001,8908.279956676066,6,0,False,False
2025-10-15 07:00:00-04:00,1.16269,1.16316,1.16201,1.16201,7611.699920125306,7,0,False,False
2025-10-15 08:00:00-04:00,1.1619199999999998,1.1626699999999999,1.16148,1.161765,11150.929865561426,8,0,False,False
2025-10-15 09:00:00-04:00,1.161575,1.163095,1.161125,1.16273,17182.839817985892,9,0,False,False
2025-10-15 10:00:00-04:00,1.16288,1.16288,1.16196,1.1624599999999998,10736.22987857461,10,0,False,True
2025-10-15 11:00:00-04:00,1.1624400000000001,1.16459,1.16189,1.1637149999999998,11725.779855318367,11,0,False,False
2025-10-15 12:00:00-04:00,1.16352,1.1640199999999998,1.1629999999999998,1.163995,8418.439898572862,12,0,False,False
2025-10-15 13:00:00-04:00,1.16381,1.163915,1.16275,1.16294,9798.179889954627,13,0,False,False
2025-10-15 14:00:00-04:00,1.1629200000000002,1.16371,1.16282,1.16333,4974.5599432736635,14,0,False,False
2025-10-15 15:00:00-04:00,1.163485,1.1644299999999999,1.1634250000000002,1.1644299999999999,4752.239947415888,15,0,False,False
2025-10-15 16:00:00-04:00,1.164485,1.16473,1.16433,1.1647,4072.6499690786004,16,0,False,False
2025-10-15 17:00:00-04:00,1.16471,1.16471,1.1643050000000001,1.164385,1477.8999765217304,17,0,False,False
2025-10-15 18:00:00-04:00,1.164615,1.1650749999999999,1.164615,1.164635,2794.9599767774343,18,0,False,False
2025-10-15 19:00:00-04:00,1.164685,1.164685,1.1644999999999999,1.16459,1951.499984152615,19,0,False,False
2025-10-15 20:00:00-04:00,1.164335,1.1666599999999998,1.164335,1.166325,12750.509898371994,20,0,False,False
2025-10-15 21:00:00-04:00,1.16618,1.16749,1.16616,1.166995,8270.029905214906,21,0,False,False
2025-10-15 22:00:00-04:00,1.167085,1.167415,1.16647,1.16662,6020.499932646751,22,0,False,False
2025-10-15 23:00:00-04:00,1.166465,1.16672,1.166195,1.166215,6343.059962369502,23,0,False,False
2025-10-16 00:00:00-04:00,1.1660650000000001,1.1662,1.16562,1.16562,2633.789970628917,0,0,True,False
2025-10-16 01:00:00-04:00,1.16575,1.166105,1.16541,1.1660149999999998,5841.709940798581,1,0,True,False
2025-10-16 02:00:00-04:00,1.16609,1.1667399999999999,1.16525,1.1654,12433.089888460934,2,0,True,False
2025-10-16 03:00:00-04:00,1.165345,1.16559,1.164405,1.165205,15928.529865652323,3,0,True,False
2025-10-16 04:00:00-04:00,1.1649850000000002,1.16593,1.1649850000000002,1.1659,9838.809887945652,4,0,True,False
2025-10-16 05:00:00-04:00,1.16582,1.16629,1.16532,1.1658300000000001,7125.699907295406,5,0,False,False
2025-10-16 06:00:00-04:00,1.165785,1.166265,1.165315,1.16555,8514.089909777045,6,0,False,False
2025-10-16 07:00:00-04:00,1.16548,1.16557,1.16472,1.1654,8931.739893630147,7,0,False,False
2025-10-16 08:00:00-04:00,1.16541,1.166125,1.1649150000000001,1.1660599999999999,11652.409868590534,8,0,False,False
2025-10-16 09:00:00-04:00,1.165975,1.1663450000000002,1.1650900000000002,1.165775,14440.219848752022,9,0,False,False
2025-10-16 10:00:00-04:00,1.1658849999999998,1.16776,1.16553,1.16771,13253.639845974743,10,0,False,True
2025-10-16 11:00:00-04:00,1.16756,1.167805,1.16629,1.166455,10754.229888744652,11,0,False,False
2025-10-16 12:00:00-04:00,1.166735,1.1678549999999999,1.1666400000000001,1.1676950000000001,14886.209843628109,12,0,False,False
2025-10-16 13:00:00-04:00,1.1677149999999998,1.1693699999999998,1.1677149999999998,1.168825,11921.079880684614,13,0,False,False
2025-10-16 14:00:00-04:00,1.168945,1.169245,1.16815,1.16894,11345.739906311035,14,0,False,False
2025-10-16 15:00:00-04:00,1.1688100000000001,1.1693699999999998,1.1687400000000001,1.168895,6926.899920798838,15,0,False,False
2025-10-16 16:00:00-04:00,1.16886,1.16912,1.16855,1.16872,3880.9499692097306,16,0,False,False
2025-10-16 17:00:00-04:00,1.16862,1.1690749999999999,1.16858,1.168905,2515.539977505803,17,0,False,False
2025-10-16 18:00:00-04:00,1.16898,1.169585,1.1689,1.169445,4708.2099719420075,18,0,False,False
2025-10-16 19:00:00-04:00,1.1694200000000001,1.16996,1.169375,1.169915,3754.6999829038978,19,0,False,False
2025-10-16 20:00:00-04:00,1.16993,1.1711,1.16955,1.1706699999999999,5765.869913347065,20,0,False,False
2025-10-16 21:00:00-04:00,1.17092,1.1709800000000001,1.17005,1.17011,11530.069897010922,21,0,False,False
2025-10-16 22:00:00-04:00,1.17021,1.171115,1.169555,1.17053,7761.009944804013,22,0,False,False
2025-10-16 23:00:00-04:00,1.17059,1.171195,1.1704949999999998,1.170925,4612.099955931306,23,0,False,False
2025-10-17 00:00:00-04:00,1.1709299999999998,1.1711900000000002,1.1706400000000001,1.1709900000000002,5019.559956677258,0,0,True,False
2025-10-17 01:00:00-04:00,1.17113,1.1726999999999999,1.17113,1.172315,5070.739933364093,1,0,True,False
2025-10-17 02:00:00-04:00,1.172205,1.172655,1.1709399999999999,1.17106,24941.73986645043,2,0,True,False
2025-10-17 03:00:00-04:00,1.170955,1.1713149999999999,1.16977,1.17116,39309.42982118577,3,0,True,False
2025-10-17 04:00:00-04:00,1.171465,1.1715499999999999,1.169315,1.1697199999999999,18455.69984985888,4,0,True,False
2025-10-17 05:00:00-04:00,1.169775,1.170725,1.1697199999999999,1.17013,12560.35990485549,5,0,False,False
2025-10-17 06:00:00-04:00,1.1700300000000001,1.17009,1.168835,1.16897,12353.439921401441,6,0,False,False
2025-10-17 07:00:00-04:00,1.168995,1.16963,1.1680899999999999,1.1684999999999999,21213.34986615926,7,0,False,False
2025-10-17 08:00:00-04:00,1.1683400000000002,1.16839,1.1667800000000002,1.167645,14457.289840839803,8,0,False,False
2025-10-17 09:00:00-04:00,1.167605,1.1681,1.1670150000000001,1.1670500000000001,19606.109808929265,9,0,False,False
2025-10-17 10:00:00-04:00,1.1672600000000002,1.1672600000000002,1.1657549999999999,1.1667,16757.769790798426,10,0,False,True
2025-10-17 11:00:00-04:00,1.1667049999999999,1.16734,1.16612,1.16734,11312.81987260282,11,0,False,False
2025-10-17 12:00:00-04:00,1.167,1.1678799999999998,1.167,1.1671,6627.789915680885,12,0,False,False
2025-10-17 13:00:00-04:00,1.1671200000000002,1.1675499999999999,1.1667800000000002,1.1667800000000002,7374.909923285246,13,0,False,False
2025-10-17 14:00:00-04:00,1.1664400000000001,1.1674,1.1664400000000001,1.166795,5895.129927277565,14,0,False,False
2025-10-17 15:00:00-04:00,1.167005,1.167065,1.16659,1.167065,3415.119953736663,15,0,False,False
2025-10-17 16:00:00-04:00,1.166955,1.16699,1.165085,1.16535,5386.029945477843,16,0,False,False
2025-10-19 17:00:00-04:00,1.16655,1.16665,1.1657199999999999,1.1657199999999999,1409.3599827438593,17,0,False,False
2025-10-19 18:00:00-04:00,1.165605,1.165765,1.165265,1.16562,4698.359946921468,18,0,False,False
2025-10-19 19:00:00-04:00,1.16553,1.166105,1.165465,1.1657950000000001,4128.919960878789,19,0,False,False
2025-10-19 20:00:00-04:00,1.166165,1.16665,1.16589,1.16665,10225.379934899509,20,0,False,False
2025-10-19 21:00:00-04:00,1.16666,1.1667399999999999,1.165715,1.166005,4534.539950944483,21,0,False,False
2025-10-19 22:00:00-04:00,1.166145,1.16703,1.1661350000000001,1.16659,4086.089962258935,22,0,False,False
2025-10-19 23:00:00-04:00,1.1665299999999998,1.16686,1.1665299999999998,1.16683,2641.649973653257,23,0,False,False
2025-10-20 00:00:00-04:00,1.16684,1.1673499999999999,1.16656,1.16716,3852.3899796530604,0,0,True,False
2025-10-20 01:00:00-04:00,1.167095,1.167545,1.16703,1.1673749999999998,3645.829964309931,1,0,True,False
2025-10-20 02:00:00-04:00,1.166935,1.1670699999999998,1.16568,1.1658499999999998,9505.069897130132,2,0,True,False
2025-10-20 03:00:00-04:00,1.1658149999999998,1.1667649999999998,1.165535,1.166245,8275.249886527658,3,0,True,False
2025-10-20 04:00:00-04:00,1.16616,1.16661,1.1659199999999998,1.16634,7141.09990311414,4,0,True,False
2025-10-20 05:00:00-04:00,1.16638,1.1667100000000001,1.16596,1.1662,8888.459895327687,5,0,False,False
2025-10-20 06:00:00-04:00,1.1662,1.1662,1.1651850000000001,1.16534,5452.639934442937,6,0,False,False
2025-10-20 07:00:00-04:00,1.16521,1.1656499999999999,1.16451,1.1656499999999999,7432.639919035137,7,0,False,False
2025-10-20 08:00:00-04:00,1.165795,1.16595,1.1651500000000001,1.16535,10056.339888811111,8,0,False,False
2025-10-20 09:00:00-04:00,1.165375,1.165375,1.1646800000000002,1.1648999999999998,9955.389887414873,9,0,False,False
2025-10-20 10:00:00-04:00,1.164865,1.1663649999999999,1.1648,1.16537,11788.959884658456,10,0,False,True
2025-10-20 11:00:00-04:00,1.1654,1.166425,1.1653,1.1655099999999998,8778.109909974039,11,0,False,False
2025-10-20 12:00:00-04:00,1.16553,1.1658,1.16498,1.164995,7529.909951321781,12,0,False,False
2025-10-20 13:00:00-04:00,1.16496,1.165265,1.16422,1.1643400000000002,4320.759951800108,13,0,False,False
2025-10-20 14:00:00-04:00,1.16426,1.16478,1.1639,1.164635,3951.0599499568343,14,0,False,False
2025-10-20 15:00:00-04:00,1.16473,1.16489,1.164015,1.1640899999999998,3382.219965994358,15,0,False,False
2025-10-20 16:00:00-04:00,1.1641599999999999,1.164435,1.16404,1.16417,2946.84996907413,16,0,False,False
2025-10-20 17:00:00-04:00,1.164215,1.164525,1.164205,1.16449,2173.5699889585376,17,0,False,False
2025-10-20 18:00:00-04:00,1.164485,1.16453,1.164295,1.1643050000000001,1022.9599852636456,18,0,False,False
2025-10-20 19:00:00-04:00,1.16431,1.164495,1.1642899999999998,1.164415,912.0499876514077,19,0,False,False
2025-10-20 20:00:00-04:00,1.16444,1.16551,1.16444,1.16531,8805.40994965285,20,0,False,False
2025-10-20 21:00:00-04:00,1.1652200000000001,1.1652200000000001,1.16428,1.16448,6362.859971553087,21,0,False,False
2025-10-20 22:00:00-04:00,1.16439,1.164405,1.1633,1.1634099999999998,9653.589961707592,22,0,False,False
2025-10-20 23:00:00-04:00,1.163415,1.16356,1.16331,1.16347,2749.189970970154,23,0,False,False
2025-10-21 00:00:00-04:00,1.16343,1.1636,1.16322,1.1636,3150.039955355227,0,0,True,False
2025-10-21 01:00:00-04:00,1.1636,1.1636,1.162505,1.1625299999999998,8204.059933707118,1,0,True,False
2025-10-21 02:00:00-04:00,1.162515,1.16339,1.16207,1.163195,11567.379912674427,2,0,True,False
2025-10-21 03:00:00-04:00,1.16322,1.1635300000000002,1.1622249999999998,1.16254,18674.16985642165,3,0,True,False
2025-10-21 04:00:00-04:00,1.16235,1.16275,1.1613950000000002,1.162115,13847.57986971736,4,0,True,False
2025-10-21 05:00:00-04:00,1.1620599999999999,1.1626850000000002,1.1616300000000002,1.1620650000000001,9016.6199112311,5,0,False,False
2025-10-21 06:00:00-04:00,1.16214,1.16234,1.16079,1.1618,12289.129906535149,6,0,False,False
2025-10-21 07:00:00-04:00,1.1617950000000001,1.162575,1.16112,1.161285,8740.669892571867,7,0,False,False
2025-10-21 08:00:00-04:00,1.1611850000000001,1.1613099999999998,1.16028,1.161105,16734.12985149026,8,0,False,False
2025-10-21 09:00:00-04:00,1.161235,1.161565,1.160415,1.16126,20970.179771065712,9,0,False,False
2025-10-21 10:00:00-04:00,1.16125,1.1617099999999998,1.1598600000000001,1.160445,16614.38980202377,10,0,False,True
2025-10-21 11:00:00-04:00,1.1604700000000001,1.161625,1.1604700000000001,1.1615199999999999,15498.659843355417,11,0,False,False
2025-10-21 12:00:00-04:00,1.1620599999999999,1.1623999999999999,1.160905,1.160905,11304.619866602123,12,0,False,False
2025-10-21 13:00:00-04:00,1.1608450000000001,1.16095,1.16019,1.1603949999999998,9678.059914313257,13,0,False,False
2025-10-21 14:00:00-04:00,1.1606,1.1607750000000001,1.160385,1.1605050000000001,3575.929962210357,14,0,False,False
2025-10-21 15:00:00-04:00,1.160545,1.160755,1.1600350000000001,1.160075,3878.979958899319,15,0,False,False
2025-10-21 16:00:00-04:00,1.15997,1.160285,1.15991,1.15999,3238.749964527786,16,0,False,False
2025-10-21 17:00:00-04:00,1.15998,1.160475,1.1599300000000001,1.1604299999999999,1823.2999695241451,17,0,False,False
2025-10-21 18:00:00-04:00,1.1602800000000002,1.1602800000000002,1.15997,1.1600199999999998,1982.929980441928,18,0,False,False
2025-10-21 19:00:00-04:00,1.159985,1.160135,1.1599300000000001,1.159945,1592.5699861198664,19,0,False,False
2025-10-21 20:00:00-04:00,1.1600350000000001,1.160765,1.16002,1.16048,7533.909944735467,20,0,False,False
2025-10-21 21:00:00-04:00,1.1604999999999999,1.1609099999999999,1.1602000000000001,1.160485,3520.5399518460035,21,0,False,False
2025-10-21 22:00:00-04:00,1.1605699999999999,1.1610550000000002,1.16055,1.16085,3491.1199651136994,22,0,False,False
2025-10-21 23:00:00-04:00,1.16085,1.16086,1.160485,1.16071,2495.939970649779,23,0,False,False
2025-10-22 00:00:00-04:00,1.16079,1.160945,1.160545,1.16092,2036.439975976944,0,0,True,False
2025-10-22 01:00:00-04:00,1.16099,1.161575,1.16099,1.16136,4176.389969542623,1,0,True,False
2025-10-22 02:00:00-04:00,1.160845,1.16141,1.1604999999999999,1.1609500000000001,9498.339871227741,2,0,True,False
2025-10-22 03:00:00-04:00,1.1611,1.1611,1.1600000000000001,1.160075,11878.879883825779,3,0,True,False
2025-10-22 04:00:00-04:00,1.15994,1.1599949999999999,1.159005,1.15976,11655.149892613292,4,0,True,False
2025-10-22 05:00:00-04:00,1.15978,1.16015,1.1593200000000001,1.15949,5664.779940471053,5,0,False,False
2025-10-22 06:00:00-04:00,1.15937,1.15964,1.15835,1.15859,7434.739929676056,6,0,False,False
2025-10-22 07:00:00-04:00,1.158665,1.15889,1.15825,1.15827,7302.29990337044,7,0,False,False
2025-10-22 08:00:00-04:00,1.1583700000000001,1.1590500000000001,1.15775,1.1583100000000002,11211.789883755147,8,0,False,False
2025-10-22 09:00:00-04:00,1.15852,1.15964,1.1582400000000002,1.159485,11692.759867601097,9,0,False,False
2025-10-22 10:00:00-04:00,1.159885,1.1611099999999999,1.1592799999999999,1.1611099999999999,14648.879889070988,10,0,False,True
2025-10-22 11:00:00-04:00,1.161195,1.16168,1.1609850000000002,1.1611349999999998,12056.499863609672,11,0,False,False
2025-10-22 12:00:00-04:00,1.16133,1.16223,1.16105,1.1619700000000002,13078.629876486957,12,0,False,False
2025-10-22 13:00:00-04:00,1.16194,1.16194,1.1613,1.161475,7890.169922403991,13,0,False,False
2025-10-22 14:00:00-04:00,1.16146,1.1615199999999999,1.16082,1.16092,5105.2199403345585,14,0,False,False
2025-10-22 15:00:00-04:00,1.16092,1.1611,1.1605500000000002,1.160585,3833.7799481749535,15,0,False,False
2025-10-22 16:00:00-04:00,1.1606,1.161085,1.1606,1.161065,3249.879963979125,16,0,False,False
2025-10-22 17:00:00-04:00,1.161015,1.161275,1.16095,1.161275,1657.1599779501557,17,0,False,False
2025-10-22 18:00:00-04:00,1.16123,1.16144,1.1611850000000001,1.161235,950.3399858400226,18,0,False,False
2025-10-22 19:00:00-04:00,1.16114,1.161155,1.1606999999999998,1.160725,1631.0999763607979,19,0,False,False
2025-10-22 20:00:00-04:00,1.16071,1.16071,1.159835,1.160425,6517.619931168854,20,0,False,False
2025-10-22 21:00:00-04:00,1.16052,1.16052,1.159795,1.159795,4795.409951634705,21,0,False,False
2025-10-22 22:00:00-04:00,1.15971,1.1599,1.1595499999999999,1.1596700000000002,2615.199967958033,22,0,False,False
2025-10-22 23:00:00-04:00,1.1596600000000001,1.15984,1.15924,1.1593,2125.479971460998,23,0,False,False
2025-10-23 00:00:00-04:00,1.1592600000000002,1.159905,1.1591,1.1598899999999999,3399.979973092675,0,0,True,False
2025-10-23 01:00:00-04:00,1.1598000000000002,1.160355,1.15972,1.160145,4295.789965234697,1,0,True,False
2025-10-23 02:00:00-04:00,1.1601400000000002,1.1602899999999998,1.1590799999999999,1.159445,7881.669901505113,2,0,True,False
2025-10-23 03:00:00-04:00,1.15924,1.160085,1.15917,1.16001,8528.519905373454,3,0,True,False
2025-10-23 04:00:00-04:00,1.1599300000000001,1.1605349999999999,1.15933,1.1596250000000001,8503.45992257446,4,0,True,False
2025-10-23 05:00:00-04:00,1.1596099999999998,1.1599650000000001,1.1593200000000001,1.159365,6070.339934766293,5,0,False,False
2025-10-23 06:00:00-04:00,1.1592449999999999,1.1594600000000002,1.158755,1.158795,4734.2799412459135,6,0,False,False
2025-10-23 07:00:00-04:00,1.1587649999999998,1.159265,1.158555,1.1587100000000001,6067.179929435253,7,0,False,False
2025-10-23 08:00:00-04:00,1.1589399999999999,1.1605850000000002,1.1587299999999998,1.1600700000000002,9365.379893898964,8,0,False,False
2025-10-23 09:00:00-04:00,1.16012,1.160925,1.1599249999999999,1.160675,14595.329863198102,9,0,False,False
2025-10-23 10:00:00-04:00,1.1608900000000002,1.161975,1.1607500000000002,1.161315,15532.979858502746,10,0,False,True
2025-10-23 11:00:00-04:00,1.1614650000000002,1.1615799999999998,1.16066,1.1611699999999998,10406.569897733629,11,0,False,False
2025-10-23 12:00:00-04:00,1.1613850000000001,1.161595,1.160685,1.160685,5646.0599367544055,12,0,False,False
2025-10-23 13:00:00-04:00,1.160695,1.161195,1.160485,1.161175,4376.509943164885,13,0,False,False
2025-10-23 14:00:00-04:00,1.1611250000000002,1.16178,1.160995,1.161765,4791.7199537828565,14,0,False,False
2025-10-23 15:00:00-04:00,1.161895,1.161895,1.16155,1.1616499999999998,2567.699967570603,15,0,False,False
2025-10-23 16:00:00-04:00,1.16155,1.16194,1.16139,1.1618300000000001,2517.499971844256,16,0,False,False
2025-10-23 17:00:00-04:00,1.1618249999999999,1.16184,1.161575,1.16173,3464.429974451661,17,0,False,False
2025-10-23 18:00:00-04:00,1.162055,1.1621350000000001,1.1617950000000001,1.16181,1278.9299848675728,18,0,False,False
2025-10-23 19:00:00-04:00,1.1618,1.16187,1.161545,1.1617199999999999,1111.839987270534,19,0,False,False
2025-10-23 20:00:00-04:00,1.1617600000000001,1.162145,1.1617600000000001,1.1617950000000001,4033.1599534526467,20,0,False,False
2025-10-23 21:00:00-04:00,1.1617250000000001,1.1618499999999998,1.1609349999999998,1.16096,3113.3999564126134,21,0,False,False
2025-10-23 22:00:00-04:00,1.16099,1.16121,1.160785,1.1608100000000001,2717.279964931309,22,0,False,False
2025-10-23 23:00:00-04:00,1.1608,1.1611250000000002,1.16078,1.1609150000000001,2688.9899726063013,23,0,False,False
2025-10-24 00:00:00-04:00,1.1609099999999999,1.1609099999999999,1.16058,1.1607750000000001,2811.9999673217535,0,0,True,False
2025-10-24 01:00:00-04:00,1.16076,1.160765,1.1602350000000001,1.16055,2835.3599650263786,1,0,True,False
2025-10-24 02:00:00-04:00,1.1605400000000001,1.16137,1.160135,1.16137,8358.809911213815,2,0,True,False
2025-10-24 03:00:00-04:00,1.16137,1.162745,1.16025,1.1618300000000001,15542.439826443791,3,0,True,False
2025-10-24 04:00:00-04:00,1.16201,1.16214,1.16066,1.161035,8496.389883607626,4,0,True,False
2025-10-24 05:00:00-04:00,1.16092,1.161225,1.1606100000000001,1.1611799999999999,8442.289962112904,5,0,False,False
2025-10-24 06:00:00-04:00,1.161175,1.1616,1.161175,1.161285,7672.159991584719,6,0,False,False
2025-10-24 07:00:00-04:00,1.1612,1.16154,1.16082,1.1615,6232.489910468459,7,0,False,False
2025-10-24 08:00:00-04:00,1.161585,1.16462,1.16101,1.16342,30098.83965149522,8,0,False,False
2025-10-24 09:00:00-04:00,1.1632099999999999,1.1642700000000001,1.1623299999999999,1.1626699999999999,24717.029761381447,9,0,False,False
2025-10-24 10:00:00-04:00,1.1627649999999998,1.16354,1.16201,1.1625999999999999,15816.609801881015,10,0,False,True
2025-10-24 11:00:00-04:00,1.16269,1.163395,1.162195,1.16254,11593.959866277874,11,0,False,False
2025-10-24 12:00:00-04:00,1.162655,1.16276,1.16215,1.16257,5050.349933318794,12,0,False,False
2025-10-24 13:00:00-04:00,1.1626500000000002,1.16318,1.162485,1.1627399999999999,4568.009949959815,13,0,False,False
2025-10-24 14:00:00-04:00,1.1627,1.1627800000000001,1.1625,1.162615,3375.939956538379,14,0,False,False
2025-10-24 15:00:00-04:00,1.1627649999999998,1.163255,1.16263,1.16316,2783.8299621269107,15,0,False,False
2025-10-24 16:00:00-04:00,1.1632500000000001,1.1635849999999999,1.162145,1.1628500000000002,7418.1899155676365,16,0,False,False
2025-10-26 17:00:00-04:00,1.16354,1.1635900000000001,1.1628699999999998,1.163195,2010.31995511055,17,0,False,False
2025-10-26 18:00:00-04:00,1.16275,1.16352,1.162625,1.162855,4650.4799373447895,18,0,False,False
2025-10-26 19:00:00-04:00,1.1627800000000001,1.1632600000000002,1.162645,1.163115,3465.669964827597,19,0,False,False
2025-10-26 20:00:00-04:00,1.163125,1.16376,1.16282,1.163505,3948.1199452653527,20,0,False,False
2025-10-26 21:00:00-04:00,1.16338,1.164745,1.16338,1.1639,5526.239924095571,21,0,False,False
2025-10-26 22:00:00-04:00,1.1639149999999998,1.1639149999999998,1.1630500000000001,1.1630850000000001,2187.119969047606,22,0,False,False
2025-10-26 23:00:00-04:00,1.16309,1.16322,1.16276,1.16279,2131.659970752895,23,0,False,False
2025-10-27 00:00:00-04:00,1.16268,1.16268,1.16211,1.1624400000000001,2575.9999731108546,0,0,True,False
2025-10-27 01:00:00-04:00,1.16248,1.16269,1.16218,1.16262,3180.939962118864,1,0,True,False
2025-10-27 02:00:00-04:00,1.162715,1.16318,1.16249,1.1626400000000001,5159.439933493733,2,0,True,False
2025-10-27 03:00:00-04:00,1.162715,1.162715,1.162005,1.162005,6707.649920165539,3,0,True,False
2025-10-27 04:00:00-04:00,1.16186,1.1632500000000001,1.16184,1.16284,7267.409893766046,4,0,True,False
2025-10-27 05:00:00-04:00,1.16282,1.16397,1.1626599999999998,1.1638000000000002,7819.489896848798,5,0,False,False
2025-10-27 06:00:00-04:00,1.1636549999999999,1.1644100000000002,1.16357,1.1641599999999999,5358.949930027127,6,0,False,False
2025-10-27 07:00:00-04:00,1.1641400000000002,1.16466,1.1636449999999998,1.1646,5999.229919463396,7,0,False,False
2025-10-27 08:00:00-04:00,1.16462,1.16493,1.1638000000000002,1.16414,8937.199899435043,8,0,False,False
2025-10-27 09:00:00-04:00,1.16414,1.16425,1.1633499999999999,1.1635900000000001,11311.89987359196,9,0,False,False
2025-10-27 10:00:00-04:00,1.1636099999999998,1.1642350000000001,1.1633499999999999,1.1640899999999998,7713.149909548461,10,0,False,True
2025-10-27 11:00:00-04:00,1.16405,1.16411,1.163345,1.1634799999999998,6677.64991723001,11,0,False,False
2025-10-27 12:00:00-04:00,1.16361,1.1641,1.16329,1.16387,6239.059929855168,12,0,False,False
2025-10-27 13:00:00-04:00,1.16385,1.16415,1.1636,1.16381,5188.219948075712,13,0,False,False
2025-10-27 14:00:00-04:00,1.1638000000000002,1.16519,1.163535,1.1650399999999999,4712.319948576391,14,0,False,False
2025-10-27 15:00:00-04:00,1.164755,1.1648800000000001,1.16442,1.16476,3455.6499544233084,15,0,False,False
2025-10-27 16:00:00-04:00,1.16486,1.16489,1.164385,1.16446,2900.609969906509,16,0,False,False
2025-10-27 17:00:00-04:00,1.1645050000000001,1.164615,1.1644999999999999,1.16453,3123.1799852848053,17,0,False,False
2025-10-27 18:00:00-04:00,1.164685,1.165065,1.16458,1.164985,3052.2499609291553,18,0,False,False
2025-10-27 19:00:00-04:00,1.165045,1.165425,1.1650049999999998,1.165105,1963.6399777457118,19,0,False,False
2025-10-27 20:00:00-04:00,1.16499,1.1658050000000002,1.1646649999999998,1.1655600000000002,6711.439935654402,20,0,False,False
2025-10-27 21:00:00-04:00,1.1656,1.16634,1.1655600000000002,1.16575,5347.309928640723,21,0,False,False
2025-10-27 22:00:00-04:00,1.1658300000000001,1.1663000000000001,1.1654,1.16546,3374.7199509739876,22,0,False,False
2025-10-27 23:00:00-04:00,1.16559,1.166215,1.16553,1.166,3222.6899541914463,23,0,False,False
2025-10-28 00:00:00-04:00,1.16598,1.166755,1.16598,1.16663,4386.809952117503,0,0,True,False
2025-10-28 01:00:00-04:00,1.16661,1.16677,1.1663000000000001,1.16638,4248.999954611063,1,0,True,False
2025-10-28 02:00:00-04:00,1.1663899999999998,1.1666400000000001,1.16555,1.16558,4497.329938478768,2,0,True,False
2025-10-28 03:00:00-04:00,1.165355,1.16615,1.165165,1.16552,6960.3899138867855,3,0,True,False
2025-10-28 04:00:00-04:00,1.1655600000000002,1.16622,1.165025,1.165225,14306.079859025776,4,0,True,False
2025-10-28 05:00:00-04:00,1.16534,1.165825,1.1646999999999998,1.1657000000000002,7775.599916316569,5,0,False,False
2025-10-28 06:00:00-04:00,1.1657,1.166485,1.16554,1.16642,5823.959926486015,6,0,False,False
2025-10-28 07:00:00-04:00,1.16635,1.1663999999999999,1.1655250000000001,1.16593,6548.019922822714,7,0,False,False
2025-10-28 08:00:00-04:00,1.16593,1.1659549999999999,1.16374,1.16403,12227.249859757721,8,0,False,False
2025-10-28 09:00:00-04:00,1.1638600000000001,1.16404,1.16268,1.163935,14467.239855661988,9,0,False,False
2025-10-28 10:00:00-04:00,1.163865,1.1662400000000002,1.1637650000000002,1.166045,14153.649867124856,10,0,False,True
2025-10-28 11:00:00-04:00,1.166395,1.1666949999999998,1.165515,1.1658849999999998,9613.979880176485,11,0,False,False
2025-10-28 12:00:00-04:00,1.1658849999999998,1.16679,1.165425,1.16679,10760.479875043035,12,0,False,False
2025-10-28 13:00:00-04:00,1.1668349999999998,1.1668349999999998,1.1659950000000001,1.166305,6109.899926312268,13,0,False,False
2025-10-28 14:00:00-04:00,1.1662050000000002,1.166285,1.16564,1.166215,4857.379948556423,14,0,False,False
2025-10-28 15:00:00-04:00,1.166315,1.1665100000000002,1.1652399999999998,1.1652399999999998,7195.999922379851,15,0,False,False
2025-10-28 16:00:00-04:00,1.1652399999999998,1.1657199999999999,1.1650999999999998,1.1650999999999998,2656.929970689118,16,0,False,False
2025-10-28 17:00:00-04:00,1.165175,1.165295,1.165155,1.165195,2564.0899992734194,17,0,False,False
2025-10-28 18:00:00-04:00,1.1652749999999998,1.165365,1.16501,1.16506,2394.919986702502,18,0,False,False
2025-10-28 19:00:00-04:00,1.165025,1.16571,1.164885,1.16571,2353.419981509447,19,0,False,False
2025-10-28 20:00:00-04:00,1.1656900000000001,1.1659899999999999,1.16532,1.1654550000000001,11638.469891346991,20,0,False,False
2025-10-28 21:00:00-04:00,1.165505,1.16559,1.16473,1.1647349999999999,4385.849926173687,21,0,False,False
2025-10-28 22:00:00-04:00,1.16474,1.1647699999999999,1.1643050000000001,1.16465,3131.949957214296,22,0,False,False
2025-10-28 23:00:00-04:00,1.16462,1.16462,1.16371,1.16372,2670.749968588352,23,0,False,False
2025-10-29 00:00:00-04:00,1.163695,1.163735,1.163185,1.16342,2957.7099671438336,0,0,True,False
2025-10-29 01:00:00-04:00,1.163385,1.163535,1.162795,1.1631399999999998,4297.519950829446,1,0,True,False
2025-10-29 02:00:00-04:00,1.16308,1.163185,1.1625800000000002,1.162985,5348.459940105677,2,0,True,False
2025-10-29 03:00:00-04:00,1.163,1.163635,1.16297,1.163255,9040.079900093377,3,0,True,False
2025-10-29 04:00:00-04:00,1.1632349999999998,1.16336,1.1623299999999999,1.1623299999999999,8063.389909625053,4,0,True,False
2025-10-29 05:00:00-04:00,1.1623299999999999,1.1645699999999999,1.16194,1.164135,11443.799944981933,5,0,False,False
2025-10-29 06:00:00-04:00,1.16421,1.164825,1.163775,1.164745,6328.079931028187,6,0,False,False
2025-10-29 07:00:00-04:00,1.16479,1.1648,1.163335,1.16397,10915.259936377406,7,0,False,False
2025-10-29 08:00:00-04:00,1.1640549999999998,1.164445,1.162795,1.163395,13188.259900525212,8,0,False,False
2025-10-29 09:00:00-04:00,1.163385,1.1644649999999999,1.163385,1.163675,17562.80987147987,9,0,False,False
2025-10-29 10:00:00-04:00,1.1640000000000001,1.165055,1.16321,1.165055,13033.6698846519,10,0,False,True
2025-10-29 11:00:00-04:00,1.165135,1.16642,1.1645400000000001,1.166375,11269.96986565739,11,0,False,False
2025-10-29 12:00:00-04:00,1.1664599999999998,1.1664750000000002,1.165585,1.165715,7512.9399010539055,12,0,False,False
2025-10-29 13:00:00-04:00,1.1657549999999999,1.16588,1.1646,1.164795,5878.479923002422,13,0,False,False
2025-10-29 14:00:00-04:00,1.163945,1.164815,1.158715,1.159435,45163.599555671215,14,0,False,False
2025-10-29 15:00:00-04:00,1.15987,1.1599650000000001,1.15787,1.1599300000000001,39731.66987136006,15,0,False,False
2025-10-29 16:00:00-04:00,1.1599499999999998,1.160635,1.1592,1.1601,7544.969937361777,16,0,False,False
2025-10-29 17:00:00-04:00,1.1600899999999998,1.160455,1.160035,1.1602899999999998,4954.300002992153,17,0,False,False
2025-10-29 18:00:00-04:00,1.160345,1.160545,1.160145,1.1604,2138.5499815419316,18,0,False,False
2025-10-29 19:00:00-04:00,1.160485,1.1605150000000002,1.16016,1.1603050000000001,1471.2799838110805,19,0,False,False
2025-10-29 20:00:00-04:00,1.1601849999999998,1.161545,1.159745,1.161205,11012.249971963465,20,0,False,False
2025-10-29 21:00:00-04:00,1.161375,1.161465,1.1609150000000001,1.1613799999999999,8101.1499599814415,21,0,False,False
2025-10-29 22:00:00-04:00,1.1613600000000002,1.1619350000000002,1.16127,1.1617449999999998,5572.509950697422,22,0,False,False
2025-10-29 23:00:00-04:00,1.16182,1.16198,1.1608200000000002,1.1615449999999998,7111.749923206866,23,0,False,False
2025-10-30 00:00:00-04:00,1.1615250000000001,1.163485,1.16143,1.163215,16006.639888748527,0,0,True,False
2025-10-30 01:00:00-04:00,1.16337,1.16337,1.16241,1.16241,3905.9599492922425,1,0,True,False
2025-10-30 02:00:00-04:00,1.16256,1.1629399999999999,1.1618300000000001,1.161955,9000.559910416603,2,0,True,False
2025-10-30 03:00:00-04:00,1.162045,1.162245,1.1610399999999998,1.161855,11700.639877915382,3,0,True,False
2025-10-30 04:00:00-04:00,1.16194,1.16194,1.160785,1.1617199999999999,11279.939879879355,4,0,True,False
2025-10-30 05:00:00-04:00,1.161845,1.16273,1.1614499999999999,1.16166,8771.849889941514,5,0,False,False
2025-10-30 06:00:00-04:00,1.1616499999999998,1.16193,1.1606800000000002,1.1606800000000002,6541.419914767146,6,0,False,False
2025-10-30 07:00:00-04:00,1.1604800000000002,1.1610900000000002,1.15965,1.1598000000000002,7577.449893772602,7,0,False,False
2025-10-30 08:00:00-04:00,1.15974,1.1599,1.15552,1.15552,15017.569822438061,8,0,False,False
2025-10-30 09:00:00-04:00,1.1552850000000001,1.15795,1.1547399999999999,1.15795,23421.93978726864,9,0,False,False
2025-10-30 10:00:00-04:00,1.1574749999999998,1.15843,1.15686,1.1573099999999998,20375.72981979698,10,0,False,True
2025-10-30 11:00:00-04:00,1.15733,1.15769,1.1560700000000002,1.1563599999999998,9009.76989055425,11,0,False,False
2025-10-30 12:00:00-04:00,1.15645,1.1571,1.15595,1.15692,6304.189919270575,12,0,False,False
2025-10-30 13:00:00-04:00,1.15694,1.1569500000000001,1.15605,1.156635,5152.949938192964,13,0,False,False
2025-10-30 14:00:00-04:00,1.15652,1.15701,1.156485,1.15679,4198.649938553572,14,0,False,False
2025-10-30 15:00:00-04:00,1.15701,1.1571500000000001,1.1562199999999998,1.15642,4218.439944811165,15,0,False,False
2025-10-30 16:00:00-04:00,1.15644,1.157195,1.156395,1.15646,3116.6199779734015,16,0,False,False
2025-10-30 17:00:00-04:00,1.1564999999999999,1.156995,1.1564999999999999,1.156885,2981.1999938562512,17,0,False,False
2025-10-30 18:00:00-04:00,1.156715,1.156955,1.1566,1.1568049999999999,2661.65998121351,18,0,False,False
2025-10-30 19:00:00-04:00,1.15679,1.15727,1.1566100000000001,1.15717,2377.2899832576513,19,0,False,False
2025-10-30 20:00:00-04:00,1.157375,1.157655,1.157025,1.15739,7237.25994797796,20,0,False,False
2025-10-30 21:00:00-04:00,1.15741,1.15773,1.15671,1.1567699999999999,4867.619959577918,21,0,False,False
2025-10-30 22:00:00-04:00,1.15666,1.1574149999999999,1.156555,1.15682,2911.6299627050757,22,0,False,False
2025-10-30 23:00:00-04:00,1.1568450000000001,1.1570399999999998,1.156615,1.15673,1956.6499737277627,23,0,False,False
2025-10-31 00:00:00-04:00,1.156655,1.15733,1.156655,1.15721,1713.7999796122313,0,0,True,False
2025-10-31 01:00:00-04:00,1.157175,1.1572,1.15667,1.1568100000000001,2711.669963672757,1,0,True,False
2025-10-31 02:00:00-04:00,1.15687,1.157325,1.156095,1.15614,4658.179945774376,2,0,True,False
2025-10-31 03:00:00-04:00,1.156185,1.15656,1.155525,1.156495,7619.349910162389,3,0,True,False
2025-10-31 04:00:00-04:00,1.1563750000000002,1.157125,1.156045,1.1570749999999999,8308.399921424687,4,0,True,False
2025-10-31 05:00:00-04:00,1.15686,1.15767,1.1565850000000002,1.157605,6582.269925713539,5,0,False,False
2025-10-31 06:00:00-04:00,1.157515,1.157515,1.156755,1.1571,5089.289932601154,6,0,False,False
2025-10-31 07:00:00-04:00,1.157105,1.15741,1.15586,1.156695,7667.939917422831,7,0,False,False
2025-10-31 08:00:00-04:00,1.156495,1.156615,1.155475,1.155595,10772.539867840707,8,0,False,False
2025-10-31 09:00:00-04:00,1.15542,1.155575,1.153165,1.153895,13445.349820539355,9,0,False,False
2025-10-31 10:00:00-04:00,1.154215,1.154215,1.152325,1.1534,13770.379821039736,10,0,False,True
2025-10-31 11:00:00-04:00,1.1533099999999998,1.154195,1.152525,1.1540949999999999,15748.13979512453,11,0,False,False
2025-10-31 12:00:00-04:00,1.1542400000000002,1.154315,1.15282,1.153015,10506.929872378707,12,0,False,False
2025-10-31 13:00:00-04:00,1.1529150000000001,1.1529150000000001,1.152255,1.1524100000000002,5885.199928209186,13,0,False,False
2025-10-31 14:00:00-04:00,1.15239,1.15267,1.1522000000000001,1.1524999999999999,4052.4099520146847,14,0,False,False
2025-10-31 15:00:00-04:00,1.152455,1.15312,1.152455,1.152565,4427.509957142174,15,0,False,False
2025-10-31 16:00:00-04:00,1.15272,1.15384,1.1525699999999999,1.153775,6019.219936564565,16,0,False,False
2025-11-02 17:00:00-05:00,1.153375,1.15345,1.15306,1.15337,11190.42001722008,17,0,False,False
2025-11-02 18:00:00-05:00,1.153335,1.1537199999999999,1.15262,1.152755,10354.45991653949,18,0,False,False
2025-11-02 19:00:00-05:00,1.1528800000000001,1.1530399999999998,1.1524999999999999,1.15258,3775.149945527315,19,0,False,False
2025-11-02 20:00:00-05:00,1.15253,1.152885,1.15221,1.15271,4955.42994774878,20,0,False,False
2025-11-02 21:00:00-05:00,1.1526649999999998,1.1534,1.1526649999999998,1.1531600000000002,3780.619955495,21,0,False,False
2025-11-02 22:00:00-05:00,1.153205,1.15341,1.153095,1.15337,2474.1899692490697,22,0,False,False
2025-11-02 23:00:00-05:00,1.15337,1.15371,1.1532149999999999,1.15341,3368.6699612885714,23,0,False,False
2025-11-03 00:00:00-05:00,1.153425,1.153765,1.1532900000000001,1.153505,2694.9999652579427,0,0,True,False
2025-11-03 01:00:00-05:00,1.1535000000000002,1.154105,1.1535000000000002,1.153775,3226.539961256087,1,0,True,False
2025-11-03 02:00:00-05:00,1.15396,1.15409,1.1535000000000002,1.153995,8311.679925821722,2,0,True,False
2025-11-03 03:00:00-05:00,1.15369,1.15373,1.1510150000000001,1.1513499999999999,9881.609901316464,3,0,True,False
2025-11-03 04:00:00-05:00,1.15116,1.1520100000000002,1.15116,1.15145,6695.529911726713,4,0,True,False
2025-11-03 05:00:00-05:00,1.151605,1.1519300000000001,1.150915,1.1515499999999999,7621.909907437861,5,0,False,False
2025-11-03 06:00:00-05:00,1.151405,1.1519849999999998,1.1512850000000001,1.151535,4603.239936582744,6,0,False,False
2025-11-03 07:00:00-05:00,1.151485,1.1521599999999999,1.15144,1.1517249999999999,5532.8199326545,7,0,False,False
2025-11-03 08:00:00-05:00,1.15171,1.15176,1.150665,1.15111,10723.409884639084,8,0,False,False
2025-11-03 09:00:00-05:00,1.151145,1.151255,1.150565,1.15103,13216.3798763901,9,0,False,False
2025-11-03 10:00:00-05:00,1.151795,1.15253,1.1505999999999998,1.15253,20995.089797258377,10,0,False,True
2025-11-03 11:00:00-05:00,1.1526049999999999,1.1531850000000001,1.1523349999999999,1.1530749999999999,9766.589909993112,11,0,False,False
2025-11-03 12:00:00-05:00,1.1529850000000001,1.1537549999999999,1.1527150000000002,1.1527150000000002,6732.10993937403,12,0,False,False
2025-11-03 13:00:00-05:00,1.1528450000000001,1.153095,1.1521599999999999,1.15232,7507.309949785471,13,0,False,False
2025-11-03 14:00:00-05:00,1.152285,1.15233,1.1516899999999999,1.151955,6030.659934602678,14,0,False,False
2025-11-03 15:00:00-05:00,1.151955,1.1523050000000001,1.151805,1.1519599999999999,3260.599951207638,15,0,False,False
2025-11-03 16:00:00-05:00,1.1518,1.1520199999999998,1.15165,1.152005,3235.929973229766,16,0,False,False
2025-11-03 17:00:00-05:00,1.15197,1.1521050000000002,1.15186,1.1521050000000002,2472.8899665027857,17,0,False,False
2025-11-03 18:00:00-05:00,1.15206,1.15206,1.1518549999999999,1.1518549999999999,1969.6199803426862,18,0,False,False
2025-11-03 19:00:00-05:00,1.15157,1.15157,1.15063,1.150845,6518.299922153354,19,0,False,False
2025-11-03 20:00:00-05:00,1.150735,1.1510099999999999,1.149985,1.1510099999999999,7029.11992226541,20,0,False,False
2025-11-03 21:00:00-05:00,1.15095,1.1511149999999999,1.150515,1.1511149999999999,6160.479931250215,21,0,False,False
2025-11-03 22:00:00-05:00,1.151255,1.1517149999999998,1.151125,1.1513399999999998,6121.669908486307,22,0,False,False
2025-11-03 23:00:00-05:00,1.1513550000000001,1.15172,1.15096,1.15096,4647.759952299297,23,0,False,False
2025-11-04 00:00:00-05:00,1.15095,1.1513399999999998,1.1507749999999999,1.151265,6602.149942316115,0,0,True,False
2025-11-04 01:00:00-05:00,1.151255,1.152595,1.1512099999999998,1.1523400000000001,6551.519922412932,1,0,True,False
2025-11-04 02:00:00-05:00,1.1524649999999999,1.15326,1.15236,1.15272,10908.669895477593,2,0,True,False
2025-11-04 03:00:00-05:00,1.15285,1.15285,1.1514000000000002,1.1514000000000002,10628.949856251478,3,0,True,False
2025-11-04 04:00:00-05:00,1.151305,1.15167,1.1500599999999999,1.15011,9369.979876853526,4,0,True,False
2025-11-04 05:00:00-05:00,1.1501100000000002,1.150945,1.1501100000000002,1.15039,6531.9999119490385,5,0,False,False
2025-11-04 06:00:00-05:00,1.1505649999999998,1.1505649999999998,1.149,1.149,6452.339918345213,6,0,False,False
2025-11-04 07:00:00-05:00,1.1490399999999998,1.14927,1.14777,1.14893,9010.369879618287,7,0,False,False
2025-11-04 08:00:00-05:00,1.1488800000000001,1.1496849999999998,1.1488800000000001,1.1492399999999998,7867.469899967313,8,0,False,False
2025-11-04 09:00:00-05:00,1.1492499999999999,1.14947,1.1473200000000001,1.14811,13165.979848526418,9,0,False,False
2025-11-04 10:00:00-05:00,1.148025,1.149225,1.14763,1.14917,12584.319835141301,10,0,False,True
2025-11-04 11:00:00-05:00,1.14917,1.1495600000000001,1.1488200000000002,1.1489699999999998,8233.809906251729,11,0,False,False
2025-11-04 12:00:00-05:00,1.148965,1.14899,1.148365,1.1484,4629.279932260513,12,0,False,False
2025-11-04 13:00:00-05:00,1.14831,1.14863,1.14813,1.1484100000000002,4181.239951394498,13,0,False,False
2025-11-04 14:00:00-05:00,1.148385,1.14871,1.14791,1.14791,4183.779946640134,14,0,False,False
2025-11-04 15:00:00-05:00,1.147735,1.14829,1.1475499999999998,1.147975,4950.659957699478,15,0,False,False
2025-11-04 16:00:00-05:00,1.14806,1.1482700000000001,1.147975,1.1482299999999999,4810.459954999387,16,0,False,False
2025-11-04 17:00:00-05:00,1.148245,1.148485,1.14817,1.1484,3280.1999388337135,17,0,False,False
2025-11-04 18:00:00-05:00,1.1483599999999998,1.1485750000000001,1.1482999999999999,1.148525,1520.6699847355485,18,0,False,False
2025-11-04 19:00:00-05:00,1.148495,1.1485,1.1481,1.1483949999999998,6915.429925739765,19,0,False,False
2025-11-04 20:00:00-05:00,1.148435,1.149765,1.1480299999999999,1.1489449999999999,9514.829889543355,20,0,False,False
2025-11-04 21:00:00-05:00,1.149155,1.1492,1.14858,1.14886,5886.789937138557,21,0,False,False
2025-11-04 22:00:00-05:00,1.148905,1.149235,1.1486100000000001,1.1488749999999999,4479.569948703051,22,0,False,False
2025-11-04 23:00:00-05:00,1.14889,1.149155,1.14879,1.149085,2475.2799763679504,23,0,False,False
2025-11-05 00:00:00-05:00,1.14907,1.149415,1.148975,1.1491850000000001,2885.9399694278836,0,0,True,False
2025-11-05 01:00:00-05:00,1.14914,1.14939,1.14873,1.14881,3771.1999566853046,1,0,True,False
2025-11-05 02:00:00-05:00,1.1487500000000002,1.1490900000000002,1.14837,1.1486999999999998,5530.039921335876,2,0,True,False
2025-11-05 03:00:00-05:00,1.1486800000000001,1.14953,1.1486800000000001,1.14889,10186.199899494648,3,0,True,False
2025-11-05 04:00:00-05:00,1.14867,1.14919,1.1482299999999999,1.14845,6997.019897252321,4,0,True,False
2025-11-05 05:00:00-05:00,1.14844,1.14846,1.147685,1.14833,5810.979920774698,5,0,False,False
2025-11-05 06:00:00-05:00,1.148385,1.1488999999999998,1.1478899999999999,1.1488200000000002,6968.569913677871,6,0,False,False
2025-11-05 07:00:00-05:00,1.14899,1.1492200000000001,1.14872,1.149105,6422.489931158721,7,0,False,False
2025-11-05 08:00:00-05:00,1.149025,1.14929,1.147365,1.147365,11386.419861353934,8,0,False,False
2025-11-05 09:00:00-05:00,1.147455,1.1492200000000001,1.146955,1.148745,11356.259856812656,9,0,False,False
2025-11-05 10:00:00-05:00,1.147325,1.14862,1.147135,1.14792,25883.059773236513,10,0,False,True
2025-11-05 11:00:00-05:00,1.14781,1.1485249999999998,1.1471200000000001,1.1484,9884.43988224864,11,0,False,False
2025-11-05 12:00:00-05:00,1.148345,1.1485349999999999,1.14774,1.14805,6016.089940153062,12,0,False,False
2025-11-05 13:00:00-05:00,1.14798,1.1483599999999998,1.1479300000000001,1.148165,4094.059957295656,13,0,False,False
2025-11-05 14:00:00-05:00,1.14822,1.14872,1.14809,1.14859,3981.9799707755446,14,0,False,False
2025-11-05 15:00:00-05:00,1.14874,1.1491850000000001,1.14874,1.1488450000000001,3293.349972128868,15,0,False,False
2025-11-05 16:00:00-05:00,1.1487500000000002,1.1494,1.1487500000000002,1.14924,4340.029951311648,16,0,False,False
2025-11-05 17:00:00-05:00,1.149245,1.149345,1.14914,1.1492749999999998,2957.0099451467395,17,0,False,False
2025-11-05 18:00:00-05:00,1.149305,1.149645,1.1491449999999999,1.149585,1975.9299819096923,18,0,False,False
2025-11-05 19:00:00-05:00,1.149435,1.150175,1.1493250000000002,1.15007,3676.1199565008283,19,0,False,False
2025-11-05 20:00:00-05:00,1.150235,1.150855,1.150235,1.150735,5821.279963500798,20,0,False,False
2025-11-05 21:00:00-05:00,1.1506349999999999,1.1508699999999998,1.1503299999999999,1.150535,3094.8799681141973,21,0,False,False
2025-11-05 22:00:00-05:00,1.15051,1.15077,1.150385,1.1507,2904.449974410236,22,0,False,False
2025-11-05 23:00:00-05:00,1.1507399999999999,1.15082,1.1504400000000001,1.1507049999999999,2044.5299807935953,23,0,False,False
2025-11-06 00:00:00-05:00,1.15059,1.151095,1.150425,1.15102,2698.4799688085914,0,0,True,False
2025-11-06 01:00:00-05:00,1.1508850000000002,1.1512600000000002,1.15058,1.1507100000000001,4072.409952491522,1,0,True,False
2025-11-06 02:00:00-05:00,1.150695,1.1513399999999998,1.150695,1.15083,7375.449926994741,2,0,True,False
2025-11-06 03:00:00-05:00,1.1510150000000001,1.1523050000000001,1.15063,1.152115,12113.599886372685,3,0,True,False
2025-11-06 04:00:00-05:00,1.151985,1.152355,1.15125,1.151365,9581.149887248874,4,0,True,False
2025-11-06 05:00:00-05:00,1.15118,1.15172,1.151045,1.151045,7706.369923263788,5,0,False,False
2025-11-06 06:00:00-05:00,1.1510799999999999,1.1521,1.1510799999999999,1.1520299999999999,5140.709943920374,6,0,False,False
2025-11-06 07:00:00-05:00,1.1517149999999998,1.153245,1.15152,1.1530900000000002,16689.519879974425,7,0,False,False
2025-11-06 08:00:00-05:00,1.152965,1.154295,1.152965,1.153575,12117.859869770706,8,0,False,False
2025-11-06 09:00:00-05:00,1.153545,1.15367,1.152055,1.152055,11706.879851862788,9,0,False,False
2025-11-06 10:00:00-05:00,1.152065,1.1540499999999998,1.151985,1.153955,18740.059808291495,10,0,False,True
2025-11-06 11:00:00-05:00,1.153775,1.1541549999999998,1.15319,1.153785,13803.35986314714,11,0,False,False
2025-11-06 12:00:00-05:00,1.153835,1.15424,1.1531250000000002,1.1540750000000002,13232.059890374541,12,0,False,False
2025-11-06 13:00:00-05:00,1.1540650000000001,1.1549749999999999,1.15395,1.154725,7546.289941713214,13,0,False,False
2025-11-06 14:00:00-05:00,1.1546699999999999,1.155235,1.1542400000000002,1.1544400000000001,5961.889944493771,14,0,False,False
2025-11-06 15:00:00-05:00,1.154485,1.15489,1.154335,1.15477,4838.119963109493,15,0,False,False
2025-11-06 16:00:00-05:00,1.15479,1.15487,1.1544750000000001,1.1547,4121.589944899082,16,0,False,False
2025-11-06 17:00:00-05:00,1.154715,1.1548,1.154415,1.1545,12952.669886864722,17,0,False,False
2025-11-06 18:00:00-05:00,1.154855,1.1551550000000002,1.154765,1.154865,1408.5499886721373,18,0,False,False
2025-11-06 19:00:00-05:00,1.15478,1.154795,1.1538,1.15396,4732.919929400086,19,0,False,False
2025-11-06 20:00:00-05:00,1.153905,1.1540750000000002,1.1536499999999998,1.153805,6150.129930898547,20,0,False,False
2025-11-06 21:00:00-05:00,1.15395,1.154295,1.1539000000000001,1.154005,5572.069966733456,21,0,False,False
2025-11-06 22:00:00-05:00,1.154105,1.154105,1.153515,1.1537899999999999,3454.6599733009934,22,0,False,False
2025-11-06 23:00:00-05:00,1.15367,1.153705,1.15332,1.15366,2667.5599632412195,23,0,False,False
2025-11-07 00:00:00-05:00,1.1536300000000002,1.153835,1.153315,1.1534049999999998,2932.239958629012,0,0,True,False
2025-11-07 01:00:00-05:00,1.1534,1.1535549999999999,1.152995,1.15309,4726.359940372407,1,0,True,False
2025-11-07 02:00:00-05:00,1.15321,1.153605,1.153105,1.153285,4962.8199344575405,2,0,True,False
2025-11-07 03:00:00-05:00,1.15339,1.15398,1.15304,1.1535000000000002,8212.869904600084,3,0,True,False
2025-11-07 04:00:00-05:00,1.15355,1.154145,1.153475,1.1538300000000001,5572.099929064512,4,0,True,False
2025-11-07 05:00:00-05:00,1.1537600000000001,1.1551749999999998,1.1537600000000001,1.15502,6696.349931284785,5,0,False,False
2025-11-07 06:00:00-05:00,1.15499,1.156065,1.15499,1.15581,10633.579911984503,6,0,False,False
2025-11-07 07:00:00-05:00,1.1556950000000001,1.1564999999999999,1.155445,1.1555849999999999,10099.599908426404,7,0,False,False
2025-11-07 08:00:00-05:00,1.155615,1.1569099999999999,1.155615,1.1567500000000002,16260.299859330058,8,0,False,False
2025-11-07 09:00:00-05:00,1.156705,1.1577449999999998,1.156675,1.15732,12960.639873608947,9,0,False,False
2025-11-07 10:00:00-05:00,1.15789,1.158985,1.157175,1.157175,17954.079801753163,10,0,False,True
2025-11-07 11:00:00-05:00,1.157325,1.1582,1.1573099999999998,1.157775,9655.289909407496,11,0,False,False
2025-11-07 12:00:00-05:00,1.157705,1.15815,1.1571500000000001,1.15804,7638.159946151078,12,0,False,False
2025-11-07 13:00:00-05:00,1.1581000000000001,1.158345,1.156825,1.156825,5103.839956641197,13,0,False,False
2025-11-07 14:00:00-05:00,1.15669,1.157245,1.155605,1.155955,6518.259926460683,14,0,False,False
2025-11-07 15:00:00-05:00,1.155795,1.15665,1.1557849999999998,1.1564450000000002,5509.519934922457,15,0,False,False
2025-11-07 16:00:00-05:00,1.15647,1.156705,1.15606,1.156705,3445.8899685293436,16,0,False,False
2025-11-09 17:00:00-05:00,1.155985,1.155985,1.155615,1.15585,1373.5399827361107,17,0,False,False
2025-11-09 18:00:00-05:00,1.1556950000000001,1.1556950000000001,1.154235,1.1543450000000002,9476.66994868964,18,0,False,False
2025-11-09 19:00:00-05:00,1.1553900000000001,1.1556,1.15473,1.155445,7882.989908590913,19,0,False,False
2025-11-09 20:00:00-05:00,1.15531,1.156005,1.154695,1.15581,5351.959925480187,20,0,False,False
2025-11-09 21:00:00-05:00,1.15576,1.15601,1.15549,1.1558000000000002,3942.009959347546,21,0,False,False
2025-11-09 22:00:00-05:00,1.15585,1.1558549999999999,1.15516,1.155465,3371.9299472123384,22,0,False,False
2025-11-09 23:00:00-05:00,1.155555,1.15626,1.155555,1.15611,2702.3799603953958,23,0,False,False
2025-11-10 00:00:00-05:00,1.15612,1.1565699999999999,1.15584,1.1562000000000001,2641.229964338243,0,0,True,False
2025-11-10 01:00:00-05:00,1.1562000000000001,1.1564299999999998,1.1552099999999998,1.1553900000000001,4283.269934520125,1,0,True,False
2025-11-10 02:00:00-05:00,1.15545,1.1571099999999999,1.15545,1.15676,7015.0499169752,2,0,True,False
2025-11-10 03:00:00-05:00,1.15667,1.1582400000000002,1.15667,1.15723,7726.78990175575,3,0,True,False
2025-11-10 04:00:00-05:00,1.15737,1.157375,1.15651,1.15683,7235.189907692373,4,0,True,False
2025-11-10 05:00:00-05:00,1.1567500000000002,1.15712,1.156155,1.15626,6050.469915091991,5,0,False,False
2025-11-10 06:00:00-05:00,1.1562000000000001,1.15637,1.15551,1.15633,4711.679934680462,6,0,False,False
2025-11-10 07:00:00-05:00,1.15635,1.1574499999999999,1.15635,1.156815,5660.249920845032,7,0,False,False
2025-11-10 08:00:00-05:00,1.1567699999999999,1.1577449999999998,1.1567500000000002,1.1568049999999999,7445.159895576537,8,0,False,False
2025-11-10 09:00:00-05:00,1.1566649999999998,1.15679,1.156015,1.15646,10477.469874314964,9,0,False,False
2025-11-10 10:00:00-05:00,1.1564299999999998,1.15659,1.154555,1.154555,9830.029875852168,10,0,False,True
2025-11-10 11:00:00-05:00,1.154845,1.15545,1.154325,1.154495,10363.659900896251,11,0,False,False
2025-11-10 12:00:00-05:00,1.15441,1.1560549999999998,1.15428,1.1560549999999998,8211.149901941419,12,0,False,False
2025-11-10 13:00:00-05:00,1.1560700000000002,1.15646,1.15584,1.15584,4258.979955017567,13,0,False,False
2025-11-10 14:00:00-05:00,1.15586,1.1562999999999999,1.15586,1.1561,3288.3199570924044,14,0,False,False
2025-11-10 15:00:00-05:00,1.15612,1.15646,1.15612,1.15639,4060.549961619079,15,0,False,False
2025-11-10 16:00:00-05:00,1.15633,1.15634,1.155555,1.155725,3993.249962002039,16,0,False,False
2025-11-10 17:00:00-05:00,1.1556099999999998,1.155955,1.1556099999999998,1.1558350000000002,4854.9599170312285,17,0,False,False
2025-11-10 18:00:00-05:00,1.155705,1.156015,1.155675,1.15568,2210.58997579664,18,0,False,False
2025-11-10 19:00:00-05:00,1.1556700000000002,1.1559300000000001,1.15523,1.15523,4166.659956976771,19,0,False,False
2025-11-10 20:00:00-05:00,1.15518,1.155475,1.15477,1.155475,4994.159941650927,20,0,False,False
2025-11-10 21:00:00-05:00,1.15551,1.155685,1.1552099999999998,1.155335,3214.8099744841456,21,0,False,False
2025-11-10 22:00:00-05:00,1.15539,1.1558000000000002,1.15539,1.15565,3349.929966367781,22,0,False,False
2025-11-10 23:00:00-05:00,1.15576,1.15591,1.155555,1.1558000000000002,2606.3199733793736,23,0,False,False
2025-11-11 00:00:00-05:00,1.15586,1.156515,1.1558000000000002,1.1561599999999999,3191.119967214763,0,0,True,False
2025-11-11 01:00:00-05:00,1.15624,1.1562700000000001,1.1551,1.15522,3772.41993381083,1,0,True,False
2025-11-11 02:00:00-05:00,1.155165,1.15604,1.155055,1.1560000000000001,7598.209892824292,2,0,True,False
2025-11-11 03:00:00-05:00,1.156005,1.15667,1.15547,1.15547,8226.05989998579,3,0,True,False
2025-11-11 04:00:00-05:00,1.15545,1.1568100000000001,1.15545,1.156495,6758.50991410017,4,0,True,False
2025-11-11 05:00:00-05:00,1.1566800000000002,1.15746,1.1562700000000001,1.1573,5025.719930432737,5,0,False,False
2025-11-11 06:00:00-05:00,1.1574300000000002,1.1577549999999999,1.157045,1.15721,5766.13993062824,6,0,False,False
2025-11-11 07:00:00-05:00,1.1572149999999999,1.15768,1.15696,1.15705,5594.939930140972,7,0,False,False
2025-11-11 08:00:00-05:00,1.15748,1.16042,1.157385,1.1600899999999998,16292.209814935923,8,0,False,False
2025-11-11 09:00:00-05:00,1.1601949999999999,1.16046,1.159405,1.1600549999999998,12504.629854165018,9,0,False,False
2025-11-11 10:00:00-05:00,1.16005,1.16026,1.1593,1.15949,10746.199855402112,10,0,False,True
2025-11-11 11:00:00-05:00,1.1594099999999998,1.1599249999999999,1.15909,1.159335,8340.119900934398,11,0,False,False
2025-11-11 12:00:00-05:00,1.1593900000000001,1.1598950000000001,1.159135,1.15949,3393.429955288768,12,0,False,False
2025-11-11 13:00:00-05:00,1.1593900000000001,1.15951,1.159145,1.15927,3108.549962565303,13,0,False,False
2025-11-11 14:00:00-05:00,1.159115,1.1592799999999999,1.1583899999999998,1.1584500000000002,4232.909943655133,14,0,False,False
2025-11-11 15:00:00-05:00,1.1584949999999998,1.1589,1.15834,1.15834,3020.6699584946036,15,0,False,False
2025-11-11 16:00:00-05:00,1.15832,1.1585450000000002,1.1581700000000001,1.158245,3783.1199785619974,16,0,False,False
2025-11-11 17:00:00-05:00,1.1582949999999999,1.1586750000000001,1.1582949999999999,1.1586750000000001,2534.8499668613076,17,0,False,False
2025-11-11 18:00:00-05:00,1.158365,1.15869,1.15823,1.15869,1539.3199777677655,18,0,False,False
2025-11-11 19:00:00-05:00,1.158655,1.158655,1.157935,1.157935,4327.989955082536,19,0,False,False
2025-11-11 20:00:00-05:00,1.158015,1.158175,1.1574749999999998,1.157545,5052.949934870005,20,0,False,False
2025-11-11 21:00:00-05:00,1.157615,1.1579350000000002,1.1575600000000001,1.15789,2982.7499714270234,21,0,False,False
2025-11-11 22:00:00-05:00,1.15786,1.15814,1.15759,1.1577600000000001,3462.729968369007,22,0,False,False
2025-11-11 23:00:00-05:00,1.15778,1.15784,1.157065,1.15721,2989.609961554408,23,0,False,False
2025-11-12 00:00:00-05:00,1.1572200000000001,1.1578249999999999,1.15712,1.15763,5281.639939002693,0,0,True,False
2025-11-12 01:00:00-05:00,1.157625,1.1582400000000002,1.157625,1.158225,3208.2799519225955,1,0,True,False
2025-11-12 02:00:00-05:00,1.1583350000000001,1.15883,1.158155,1.158375,5482.499928571284,2,0,True,False
2025-11-12 03:00:00-05:00,1.15815,1.1586699999999999,1.1577199999999999,1.157735,8453.409916386008,3,0,True,False
2025-11-12 04:00:00-05:00,1.157625,1.158015,1.15686,1.15701,8707.049929648638,4,0,True,False
2025-11-12 05:00:00-05:00,1.157055,1.1575199999999999,1.1565750000000001,1.157025,7807.389930173755,5,0,False,False
2025-11-12 06:00:00-05:00,1.156955,1.1578,1.1566100000000001,1.1578,6483.269932538271,6,0,False,False
2025-11-12 07:00:00-05:00,1.15769,1.1579899999999999,1.157235,1.15769,7705.179902985692,7,0,False,False
2025-11-12 08:00:00-05:00,1.1579000000000002,1.1579000000000002,1.1566450000000001,1.1572,7725.869892202318,8,0,False,False
2025-11-12 09:00:00-05:00,1.1572200000000001,1.15754,1.1563400000000001,1.15754,12154.369858369231,9,0,False,False
2025-11-12 10:00:00-05:00,1.1579000000000002,1.15954,1.157355,1.1594,14651.139865145087,10,0,False,True
2025-11-12 11:00:00-05:00,1.15951,1.15976,1.15889,1.15911,8908.029881343246,11,0,False,False
2025-11-12 12:00:00-05:00,1.15926,1.15967,1.15916,1.1593,5292.949946276844,12,0,False,False
2025-11-12 13:00:00-05:00,1.15936,1.15943,1.158955,1.158955,4136.359952099621,13,0,False,False
2025-11-12 14:00:00-05:00,1.15891,1.1589800000000001,1.1584750000000001,1.1586699999999999,4812.6299455836415,14,0,False,False
2025-11-12 15:00:00-05:00,1.15862,1.1590500000000001,1.15862,1.1589649999999998,3195.5499670803547,15,0,False,False
2025-11-12 16:00:00-05:00,1.158915,1.1593399999999998,1.158505,1.1593399999999998,3196.0499712973833,16,0,False,False
2025-11-12 17:00:00-05:00,1.15928,1.15928,1.15902,1.15902,5637.98992343992,17,0,False,False
2025-11-12 18:00:00-05:00,1.15934,1.159395,1.15904,1.15917,1985.959977030754,18,0,False,False
2025-11-12 19:00:00-05:00,1.159135,1.159135,1.15805,1.15805,5659.279917404056,19,0,False,False
2025-11-12 20:00:00-05:00,1.1580300000000001,1.15895,1.157945,1.1589399999999999,4421.169931307435,20,0,False,False
2025-11-12 21:00:00-05:00,1.15897,1.159145,1.15856,1.15894,3016.3599582463503,21,0,False,False
2025-11-12 22:00:00-05:00,1.1589800000000001,1.159135,1.158725,1.1589900000000002,2902.3699658960104,22,0,False,False
2025-11-12 23:00:00-05:00,1.1589999999999998,1.15915,1.1587450000000001,1.15902,1868.7499734982848,23,0,False,False
2025-11-13 00:00:00-05:00,1.15906,1.159075,1.1581000000000001,1.158195,2444.419966056943,0,0,True,False
2025-11-13 01:00:00-05:00,1.158245,1.15856,1.158155,1.15856,4120.099953584373,1,0,True,False
2025-11-13 02:00:00-05:00,1.15841,1.16113,1.15841,1.16113,8022.389928750694,2,0,True,False
2025-11-13 03:00:00-05:00,1.161355,1.16281,1.161035,1.16281,11047.819892123342,3,0,True,False
2025-11-13 04:00:00-05:00,1.162805,1.16345,1.16113,1.1616499999999998,13963.839860521257,4,0,True,False
2025-11-13 05:00:00-05:00,1.1616300000000002,1.1623299999999999,1.1611799999999999,1.16159,7319.43991971761,5,0,False,False
2025-11-13 06:00:00-05:00,1.16134,1.162035,1.16052,1.16064,8469.409927994013,6,0,False,False
2025-11-13 07:00:00-05:00,1.1607750000000001,1.16228,1.1606299999999998,1.16228,10839.859915874898,7,0,False,False
2025-11-13 08:00:00-05:00,1.162245,1.1623,1.16121,1.16205,10328.409910663962,8,0,False,False
2025-11-13 09:00:00-05:00,1.162305,1.16309,1.1617549999999999,1.162805,19166.47983954847,9,0,False,False
2025-11-13 10:00:00-05:00,1.162585,1.16431,1.16235,1.1639249999999999,22255.619869060814,10,0,False,True
2025-11-13 11:00:00-05:00,1.16378,1.16489,1.16372,1.16489,14429.8498621732,11,0,False,False
2025-11-13 12:00:00-05:00,1.16485,1.1655,1.16471,1.16513,11782.2398962304,12,0,False,False
2025-11-13 13:00:00-05:00,1.165165,1.1651699999999998,1.16369,1.163825,9900.589930646122,13,0,False,False
2025-11-13 14:00:00-05:00,1.16371,1.1640899999999998,1.16357,1.16357,6771.18994051218,14,0,False,False
2025-11-13 15:00:00-05:00,1.16356,1.16392,1.1632799999999999,1.1633049999999998,4818.839947618544,15,0,False,False
2025-11-13 16:00:00-05:00,1.163235,1.163755,1.16309,1.1633200000000001,3738.3499731346965,16,0,False,False
2025-11-13 17:00:00-05:00,1.16331,1.163925,1.16331,1.1636950000000001,2521.5299794897437,17,0,False,False
2025-11-13 18:00:00-05:00,1.16318,1.16319,1.162395,1.16302,4315.589970223606,18,0,False,False
2025-11-13 19:00:00-05:00,1.163035,1.16331,1.1627299999999998,1.163295,5713.109930478036,19,0,False,False
2025-11-13 20:00:00-05:00,1.163265,1.16384,1.16304,1.163335,7695.849914290011,20,0,False,False
2025-11-13 21:00:00-05:00,1.1633399999999998,1.163705,1.16299,1.16358,4216.039946973324,21,0,False,False
2025-11-13 22:00:00-05:00,1.163645,1.1644450000000002,1.163645,1.16384,4672.619948238134,22,0,False,False
2025-11-13 23:00:00-05:00,1.16382,1.164285,1.16382,1.1642000000000001,5401.84995803237,23,0,False,False
2025-11-14 00:00:00-05:00,1.1642649999999999,1.16479,1.16397,1.16479,5006.709948763251,0,0,True,False
2025-11-14 01:00:00-05:00,1.1648,1.16483,1.16338,1.16377,4814.289940088987,1,0,True,False
2025-11-14 02:00:00-05:00,1.1640549999999998,1.16455,1.163295,1.163295,9692.209901802242,2,0,True,False
2025-11-14 03:00:00-05:00,1.1635,1.1635,1.1620599999999999,1.162955,16860.989825583994,3,0,True,False
2025-11-14 04:00:00-05:00,1.16279,1.1631049999999998,1.16212,1.16219,14527.109899386764,4,0,True,False
2025-11-14 05:00:00-05:00,1.1620400000000002,1.1621299999999999,1.161285,1.16137,7670.649919010699,5,0,False,False
2025-11-14 06:00:00-05:00,1.1613799999999999,1.161965,1.1609500000000001,1.1619549999999998,7797.169911913574,6,0,False,False
2025-11-14 07:00:00-05:00,1.16181,1.16525,1.1617600000000001,1.16525,12895.009842820466,7,0,False,False
2025-11-14 08:00:00-05:00,1.16525,1.16525,1.1635650000000002,1.16378,15019.499826468527,8,0,False,False
2025-11-14 09:00:00-05:00,1.1638000000000002,1.1638000000000002,1.16225,1.1623450000000002,22647.749827697873,9,0,False,False
2025-11-14 10:00:00-05:00,1.16191,1.1624750000000001,1.16074,1.1613099999999998,21532.199813082814,10,0,False,True
2025-11-14 11:00:00-05:00,1.1613,1.1622400000000002,1.1610200000000002,1.1616900000000001,10168.549877129495,11,0,False,False
2025-11-14 12:00:00-05:00,1.16164,1.1617899999999999,1.16087,1.16141,7244.889923758805,12,0,False,False
2025-11-14 13:00:00-05:00,1.16139,1.1618,1.16101,1.16164,4835.799943074584,13,0,False,False
2025-11-14 14:00:00-05:00,1.16168,1.16196,1.1616,1.1617899999999999,4923.889945603907,14,0,False,False
2025-11-14 15:00:00-05:00,1.161785,1.16229,1.16175,1.16205,5056.796954458579,15,0,False,False
2025-11-14 16:00:00-05:00,1.162055,1.1623549999999998,1.1618249999999999,1.1620750000000002,4574.826965903863,16,0,False,False
2025-11-16 17:00:00-05:00,1.16194,1.16245,1.16194,1.1623350000000001,3330.2199542969465,17,0,False,False
2025-11-16 18:00:00-05:00,1.162,1.16245,1.161165,1.1614849999999999,2744.0299726203084,18,0,False,False
2025-11-16 19:00:00-05:00,1.1614149999999999,1.1614149999999999,1.1605599999999998,1.16064,5565.54994469136,19,0,False,False
2025-11-16 20:00:00-05:00,1.160625,1.160985,1.1605699999999999,1.16065,6651.09995855391,20,0,False,False
2025-11-16 21:00:00-05:00,1.1605349999999999,1.1605349999999999,1.1601599999999999,1.1602199999999998,2782.069963760674,21,0,False,False
2025-11-16 22:00:00-05:00,1.16012,1.16012,1.15971,1.15987,5034.6599635109305,22,0,False,False
2025-11-16 23:00:00-05:00,1.15979,1.1602999999999999,1.15979,1.1602999999999999,1997.8099796250463,23,0,False,False
2025-11-17 00:00:00-05:00,1.160385,1.160475,1.15997,1.1600350000000001,3083.949977353215,0,0,True,False
2025-11-17 01:00:00-05:00,1.1600549999999998,1.160835,1.1595650000000002,1.1607500000000002,4694.8199519068,1,0,True,False
2025-11-17 02:00:00-05:00,1.1608800000000001,1.1613950000000002,1.1606800000000002,1.161335,5042.069929175079,2,0,True,False
2025-11-17 03:00:00-05:00,1.1611799999999999,1.16144,1.16005,1.16032,7883.259913504124,3,0,True,False
2025-11-17 04:00:00-05:00,1.1600700000000002,1.1603400000000001,1.159735,1.1601400000000002,6701.489922605455,4,0,True,False
2025-11-17 05:00:00-05:00,1.160095,1.160795,1.159665,1.159675,6390.839927472174,5,0,False,False
2025-11-17 06:00:00-05:00,1.15957,1.1602649999999999,1.15957,1.16013,6530.299929268658,6,0,False,False
2025-11-17 07:00:00-05:00,1.16024,1.16046,1.1596250000000001,1.159885,6480.879923500121,7,0,False,False
2025-11-17 08:00:00-05:00,1.15981,1.15983,1.1588699999999998,1.15913,12462.279901996255,8,0,False,False
2025-11-17 09:00:00-05:00,1.15918,1.15945,1.1584249999999998,1.1585800000000002,11186.949900008738,9,0,False,False
2025-11-17 10:00:00-05:00,1.15832,1.15979,1.15828,1.1597650000000002,10484.169891245663,10,0,False,True
2025-11-17 11:00:00-05:00,1.15977,1.1601400000000002,1.15947,1.15974,7573.589911334217,11,0,False,False
2025-11-17 12:00:00-05:00,1.1597849999999998,1.1599300000000001,1.15916,1.1593900000000001,5514.909936659038,12,0,False,False
2025-11-17 13:00:00-05:00,1.15934,1.1593550000000001,1.15884,1.1591,5627.4799482524395,13,0,False,False
2025-11-17 14:00:00-05:00,1.15917,1.15947,1.1583999999999999,1.1583999999999999,6887.959928683937,14,0,False,False
2025-11-17 15:00:00-05:00,1.15836,1.159055,1.15836,1.15886,8563.289911203086,15,0,False,False
2025-11-17 16:00:00-05:00,1.158785,1.15924,1.15875,1.15917,3195.0299668088555,16,0,False,False
2025-11-17 17:00:00-05:00,1.15916,1.159255,1.1589800000000001,1.1590150000000001,2988.2699791118503,17,0,False,False
2025-11-17 18:00:00-05:00,1.15913,1.1594099999999998,1.158895,1.1590150000000001,1535.6999837085605,18,0,False,False
2025-11-17 19:00:00-05:00,1.1589450000000001,1.1589450000000001,1.158515,1.1587,4241.769962333143,19,0,False,False
2025-11-17 20:00:00-05:00,1.1586699999999999,1.15931,1.15848,1.1590950000000002,2772.319960653782,20,0,False,False
2025-11-17 21:00:00-05:00,1.1590799999999999,1.1593650000000002,1.15884,1.1593,2530.7099730595946,21,0,False,False
2025-11-17 22:00:00-05:00,1.1592850000000001,1.1595849999999999,1.15916,1.1592449999999999,3459.6399717107415,22,0,False,False
2025-11-17 23:00:00-05:00,1.1591749999999998,1.160245,1.158925,1.159955,8447.999950818717,23,0,False,False
2025-11-18 00:00:00-05:00,1.159935,1.160035,1.159575,1.15979,3832.7999636158347,0,0,True,False
2025-11-18 01:00:00-05:00,1.159675,1.1600700000000002,1.15936,1.159435,5689.559958413243,1,0,True,False
2025-11-18 02:00:00-05:00,1.159545,1.1599599999999999,1.159105,1.159105,8360.09990093112,2,0,True,False
2025-11-18 03:00:00-05:00,1.15916,1.160615,1.159135,1.159205,14828.83989020437,3,0,True,False
2025-11-18 04:00:00-05:00,1.1590449999999999,1.15942,1.1588150000000002,1.1589399999999999,9995.529924184084,4,0,True,False
2025-11-18 05:00:00-05:00,1.15896,1.15903,1.15807,1.1582050000000002,6059.129929989576,5,0,False,False
2025-11-18 06:00:00-05:00,1.1582400000000002,1.15876,1.1580499999999998,1.15848,5055.949936524034,6,0,False,False
2025-11-18 07:00:00-05:00,1.15836,1.15922,1.15836,1.1592,6572.469918042421,7,0,False,False
2025-11-18 08:00:00-05:00,1.1591900000000002,1.16006,1.1589,1.1596899999999999,16273.269875280559,8,0,False,False
2025-11-18 09:00:00-05:00,1.15976,1.160205,1.15949,1.16002,14443.719865053892,9,0,False,False
2025-11-18 10:00:00-05:00,1.16018,1.16074,1.15821,1.15821,19492.89981905371,10,0,False,True
2025-11-18 11:00:00-05:00,1.15816,1.158325,1.15736,1.157905,16550.399823062122,11,0,False,False
2025-11-18 12:00:00-05:00,1.1579549999999998,1.158055,1.15721,1.15756,9964.31991969049,12,0,False,False
2025-11-18 13:00:00-05:00,1.15762,1.15852,1.15755,1.158215,7065.299943201244,13,0,False,False
2025-11-18 14:00:00-05:00,1.1580499999999998,1.15869,1.1580499999999998,1.158555,5638.379947587848,14,0,False,False
2025-11-18 15:00:00-05:00,1.1585999999999999,1.1586699999999999,1.15789,1.1580599999999999,4796.799958750606,15,0,False,False
2025-11-18 16:00:00-05:00,1.15801,1.1583549999999998,1.15781,1.1580949999999999,3085.1899737864733,16,0,False,False
2025-11-18 17:00:00-05:00,1.1580650000000001,1.158195,1.15781,1.15781,3365.4599651396275,17,0,False,False
2025-11-18 18:00:00-05:00,1.1580599999999999,1.15818,1.1577600000000001,1.1580249999999999,2347.809989131987,18,0,False,False
2025-11-18 19:00:00-05:00,1.1578849999999998,1.1584050000000001,1.1578849999999998,1.1582400000000002,4149.929956749082,19,0,False,False
2025-11-18 20:00:00-05:00,1.15836,1.158445,1.1576650000000002,1.1576849999999999,4852.04997317493,20,0,False,False
2025-11-18 21:00:00-05:00,1.157665,1.15818,1.15732,1.15789,3945.4099543243647,21,0,False,False
2025-11-18 22:00:00-05:00,1.1579350000000002,1.1583800000000002,1.1577549999999999,1.1583800000000002,3310.5499638170004,22,0,False,False
2025-11-18 23:00:00-05:00,1.1583800000000002,1.15843,1.157815,1.15843,3241.4999690279365,23,0,False,False
2025-11-19 00:00:00-05:00,1.158485,1.158955,1.1583450000000002,1.1589049999999999,6100.389968469739,0,0,True,False
2025-11-19 01:00:00-05:00,1.15892,1.1591200000000002,1.158685,1.158685,3010.8399749547243,1,0,True,False
2025-11-19 02:00:00-05:00,1.1586400000000001,1.159715,1.158145,1.15815,10755.779910467565,2,0,True,False
2025-11-19 03:00:00-05:00,1.15875,1.1588500000000002,1.1572149999999999,1.15735,15367.859915576875,3,0,True,False
2025-11-19 04:00:00-05:00,1.15737,1.15795,1.1566649999999998,1.157335,10076.739901795983,4,0,True,False
2025-11-19 05:00:00-05:00,1.1574300000000002,1.15774,1.1568100000000001,1.156935,9586.979904465377,5,0,False,False
2025-11-19 06:00:00-05:00,1.1569699999999998,1.158725,1.1569699999999998,1.1586400000000001,8111.379915736616,6,0,False,False
2025-11-19 07:00:00-05:00,1.158725,1.158875,1.15775,1.1578300000000001,6418.9899379089475,7,0,False,False
2025-11-19 08:00:00-05:00,1.1578300000000001,1.15904,1.1571799999999999,1.15728,8173.929911673069,8,0,False,False
2025-11-19 09:00:00-05:00,1.157265,1.1573,1.15551,1.1555499999999999,17942.279850944877,9,0,False,False
2025-11-19 10:00:00-05:00,1.1555,1.1555,1.1541299999999999,1.15468,15772.21982306987,10,0,False,True
2025-11-19 11:00:00-05:00,1.1546750000000001,1.1546750000000001,1.153495,1.1539700000000002,13964.20987045765,11,0,False,False
2025-11-19 12:00:00-05:00,1.1541000000000001,1.1542050000000001,1.1526999999999998,1.1533099999999998,14935.109889306128,12,0,False,False
2025-11-19 13:00:00-05:00,1.15326,1.1537000000000002,1.15296,1.15301,7135.889936000109,13,0,False,False
2025-11-19 14:00:00-05:00,1.15287,1.1530550000000002,1.1519650000000001,1.15211,11512.639906130731,14,0,False,False
2025-11-19 15:00:00-05:00,1.15212,1.15283,1.15212,1.152635,7160.409938439727,15,0,False,False
2025-11-19 16:00:00-05:00,1.152565,1.15387,1.1523599999999998,1.15378,5472.419963411987,16,0,False,False
2025-11-19 17:00:00-05:00,1.1538599999999999,1.1539199999999998,1.15378,1.15384,758.6999891996384,17,0,False,False
2025-11-19 18:00:00-05:00,1.15395,1.1541700000000001,1.153675,1.153945,2285.249979272485,18,0,False,False
2025-11-19 19:00:00-05:00,1.15367,1.15367,1.152995,1.1534399999999998,7625.359954081476,19,0,False,False
2025-11-19 20:00:00-05:00,1.15354,1.15354,1.152285,1.15229,7597.829927094281,20,0,False,False
2025-11-19 21:00:00-05:00,1.1521599999999999,1.1521599999999999,1.151615,1.152015,5895.61994574219,21,0,False,False
2025-11-19 22:00:00-05:00,1.152065,1.152185,1.151135,1.15141,5122.69994263351,22,0,False,False
2025-11-19 23:00:00-05:00,1.15138,1.1520299999999999,1.1513149999999999,1.1519650000000001,4092.329980492592,23,0,False,False
2025-11-20 00:00:00-05:00,1.15186,1.151875,1.15147,1.151575,3515.269963748753,0,0,True,False
2025-11-20 01:00:00-05:00,1.1513900000000001,1.1522700000000001,1.1513900000000001,1.1519949999999999,4798.679944328964,1,0,True,False
2025-11-20 02:00:00-05:00,1.1518199999999998,1.15224,1.15157,1.1519849999999998,7269.299915857613,2,0,True,False
2025-11-20 03:00:00-05:00,1.1520199999999998,1.15222,1.15127,1.15211,9624.939901694655,3,0,True,False
2025-11-20 04:00:00-05:00,1.1520899999999998,1.152755,1.15183,1.152755,7032.119929365814,4,0,True,False
2025-11-20 05:00:00-05:00,1.152865,1.1529150000000001,1.152475,1.1527349999999998,6378.3399244099855,5,0,False,False
2025-11-20 06:00:00-05:00,1.152625,1.152675,1.1513550000000001,1.15143,6332.659936368465,6,0,False,False
2025-11-20 07:00:00-05:00,1.15131,1.1516600000000001,1.15075,1.1510950000000002,6246.279934562743,7,0,False,False
2025-11-20 08:00:00-05:00,1.151325,1.1538050000000002,1.15116,1.152775,26077.739741057158,8,0,False,False
2025-11-20 09:00:00-05:00,1.153035,1.1548699999999998,1.152415,1.1535,22042.709822021425,9,0,False,False
2025-11-20 10:00:00-05:00,1.153425,1.15348,1.15211,1.1527500000000002,12962.149868801236,10,0,False,True
2025-11-20 11:00:00-05:00,1.1529099999999999,1.154115,1.1528100000000001,1.153375,14298.049856103957,11,0,False,False
2025-11-20 12:00:00-05:00,1.1534499999999999,1.153765,1.1525150000000002,1.1528800000000001,13820.759863309562,12,0,False,False
2025-11-20 13:00:00-05:00,1.15287,1.1536499999999998,1.152755,1.1536499999999998,7432.779933191836,13,0,False,False
2025-11-20 14:00:00-05:00,1.1536499999999998,1.15407,1.15355,1.1538,4888.709955871105,14,0,False,False
2025-11-20 15:00:00-05:00,1.1538050000000002,1.1538050000000002,1.1526049999999999,1.152615,4382.56994907558,15,0,False,False
2025-11-20 16:00:00-05:00,1.152555,1.15285,1.1524450000000002,1.15279,4194.12997174263,16,0,False,False
2025-11-20 17:00:00-05:00,1.152795,1.153095,1.1526999999999998,1.1529449999999999,5577.149938412011,17,0,False,False
2025-11-20 18:00:00-05:00,1.1528450000000001,1.153425,1.152375,1.153365,3484.9899723008275,18,0,False,False
2025-11-20 19:00:00-05:00,1.153165,1.1536,1.15286,1.15353,4209.249963387847,19,0,False,False
2025-11-20 20:00:00-05:00,1.153695,1.15378,1.1532499999999999,1.1532499999999999,7325.579946696758,20,0,False,False
2025-11-20 21:00:00-05:00,1.15332,1.15387,1.1532650000000002,1.15358,4098.849967204034,21,0,False,False
2025-11-20 22:00:00-05:00,1.15355,1.153735,1.153375,1.15364,4132.539967626333,22,0,False,False
2025-11-20 23:00:00-05:00,1.15362,1.154185,1.15362,1.1538750000000002,3864.0999513566494,23,0,False,False
2025-11-21 00:00:00-05:00,1.153975,1.15414,1.1534900000000001,1.15353,3979.889974310994,0,0,True,False
2025-11-21 01:00:00-05:00,1.15366,1.15463,1.15366,1.15415,4901.019949033856,1,0,True,False
2025-11-21 02:00:00-05:00,1.154035,1.154735,1.154035,1.1541350000000001,11471.05990190804,2,0,True,False
2025-11-21 03:00:00-05:00,1.15401,1.15519,1.153445,1.1541000000000001,20924.429874561727,3,0,True,False
2025-11-21 04:00:00-05:00,1.154055,1.1542050000000001,1.1525500000000002,1.1525500000000002,11531.97990038246,4,0,True,False
2025-11-21 05:00:00-05:00,1.1525699999999999,1.1525750000000001,1.1512600000000002,1.1519949999999999,11381.579881466925,5,0,False,False
2025-11-21 06:00:00-05:00,1.1520700000000001,1.1522700000000001,1.15055,1.15059,10320.159902177751,6,0,False,False
2025-11-21 07:00:00-05:00,1.15077,1.152565,1.149855,1.1524800000000002,19524.159818954766,7,0,False,False
2025-11-21 08:00:00-05:00,1.15244,1.152615,1.1515849999999999,1.1520700000000001,16718.4998742342,8,0,False,False
2025-11-21 09:00:00-05:00,1.15192,1.15192,1.150625,1.1513900000000001,16347.299822069705,9,0,False,False
2025-11-21 10:00:00-05:00,1.15171,1.15222,1.149995,1.1503,27056.749781429768,10,0,False,True
2025-11-21 11:00:00-05:00,1.150175,1.15049,1.1491449999999999,1.15049,14309.559842802584,11,0,False,False
2025-11-21 12:00:00-05:00,1.150735,1.15129,1.15007,1.15073,11193.609865762293,12,0,False,False
2025-11-21 13:00:00-05:00,1.1507100000000001,1.1507550000000002,1.150315,1.1504249999999998,8323.879914820194,13,0,False,False
2025-11-21 14:00:00-05:00,1.150515,1.1517249999999999,1.150515,1.151335,6695.829942800105,14,0,False,False
2025-11-21 15:00:00-05:00,1.151335,1.151795,1.1509399999999999,1.15176,5216.929950520396,15,0,False,False
2025-11-21 16:00:00-05:00,1.15177,1.15204,1.151325,1.15158,4101.089942745864,16,0,False,False
2025-11-23 17:00:00-05:00,1.151705,1.1517300000000001,1.151075,1.151345,2371.1199600100517,17,0,False,False
2025-11-23 18:00:00-05:00,1.15137,1.15137,1.15063,1.1507399999999999,3094.7699851319194,18,0,False,False
2025-11-23 19:00:00-05:00,1.15083,1.15083,1.1502050000000001,1.1506949999999998,2342.53998131305,19,0,False,False
2025-11-23 20:00:00-05:00,1.15073,1.15126,1.1505100000000001,1.1510449999999999,3672.2999615967274,20,0,False,False
2025-11-23 21:00:00-05:00,1.151075,1.15181,1.1510600000000002,1.1516000000000002,5364.349947743118,21,0,False,False
2025-11-23 22:00:00-05:00,1.151685,1.1519,1.15137,1.1516250000000001,1808.6899761036038,22,0,False,False
2025-11-23 23:00:00-05:00,1.15164,1.152155,1.151605,1.15208,1549.5199803858995,23,0,False,False
2025-11-24 00:00:00-05:00,1.1522299999999999,1.15279,1.1522100000000002,1.15226,4835.349965102971,0,0,True,False
2025-11-24 01:00:00-05:00,1.15229,1.15269,1.152045,1.1520899999999998,4862.129959009588,1,0,True,False
2025-11-24 02:00:00-05:00,1.152025,1.15218,1.1511900000000002,1.1511900000000002,6944.079930253327,2,0,True,False
2025-11-24 03:00:00-05:00,1.151335,1.15335,1.151335,1.1528100000000001,9744.099896989763,3,0,True,False
2025-11-24 04:00:00-05:00,1.1527500000000002,1.15343,1.15253,1.15298,7719.479912653565,4,0,True,False
2025-11-24 05:00:00-05:00,1.1532900000000001,1.1541450000000002,1.1532399999999998,1.15409,7564.319930113852,5,0,False,False
2025-11-24 06:00:00-05:00,1.154045,1.154645,1.153645,1.1545450000000002,5812.1199394539,6,0,False,False
2025-11-24 07:00:00-05:00,1.15455,1.15495,1.1536650000000002,1.1547399999999999,8830.009907208383,7,0,False,False
2025-11-24 08:00:00-05:00,1.15486,1.154885,1.15381,1.15385,7683.299921154976,8,0,False,False
2025-11-24 09:00:00-05:00,1.15393,1.1540949999999999,1.1526399999999999,1.1526999999999998,12122.019855812192,9,0,False,False
2025-11-24 10:00:00-05:00,1.1527150000000002,1.1529099999999999,1.151805,1.152905,12750.859858721495,10,0,False,True
2025-11-24 11:00:00-05:00,1.15296,1.153055,1.1517849999999998,1.1517849999999998,7091.529915928841,11,0,False,False
2025-11-24 12:00:00-05:00,1.15179,1.15195,1.15124,1.15181,6936.90994168818,12,0,False,False
2025-11-24 13:00:00-05:00,1.1517300000000001,1.15279,1.1517300000000001,1.15278,4049.0399631261826,13,0,False,False
2025-11-24 14:00:00-05:00,1.1528100000000001,1.15289,1.15232,1.15276,5721.749957747757,14,0,False,False
2025-11-24 15:00:00-05:00,1.15259,1.152745,1.1522450000000002,1.15225,6104.229957133532,15,0,False,False
2025-11-24 16:00:00-05:00,1.1523050000000001,1.1523050000000001,1.151935,1.1521,3552.689964644611,16,0,False,False
2025-11-24 17:00:00-05:00,1.15208,1.152595,1.152075,1.1525249999999998,1866.8199750632048,17,0,False,False
2025-11-24 18:00:00-05:00,1.15237,1.15238,1.15194,1.152035,2095.4899750575423,18,0,False,False
2025-11-24 19:00:00-05:00,1.152065,1.1523349999999999,1.15195,1.1523349999999999,7310.05995388329,19,0,False,False
2025-11-24 20:00:00-05:00,1.1524299999999998,1.152965,1.15229,1.1525699999999999,5370.949942909181,20,0,False,False
2025-11-24 21:00:00-05:00,1.1526800000000001,1.15285,1.152275,1.15285,2970.0699696689844,21,0,False,False
2025-11-24 22:00:00-05:00,1.1529699999999998,1.15298,1.1517499999999998,1.1518000000000002,5526.7499487400055,22,0,False,False
2025-11-24 23:00:00-05:00,1.151735,1.15175,1.15145,1.1515,2477.5599761754274,23,0,False,False
2025-11-25 00:00:00-05:00,1.1514950000000002,1.1517300000000001,1.15117,1.1516950000000001,2501.009970188141,0,0,True,False
2025-11-25 01:00:00-05:00,1.151635,1.152145,1.151545,1.151875,4577.859957166016,1,0,True,False
2025-11-25 02:00:00-05:00,1.15219,1.15292,1.15199,1.1522800000000002,7746.279907010496,2,0,True,False
2025-11-25 03:00:00-05:00,1.1522000000000001,1.153205,1.15211,1.1528749999999999,10180.509902641177,3,0,True,False
2025-11-25 04:00:00-05:00,1.1529850000000001,1.1536300000000002,1.15274,1.15341,9719.869922354817,4,0,True,False
2025-11-25 05:00:00-05:00,1.15334,1.1540599999999999,1.1532499999999999,1.153905,7743.739927612245,5,0,False,False
2025-11-25 06:00:00-05:00,1.153845,1.153845,1.15253,1.152675,5781.229944802821,6,0,False,False
2025-11-25 07:00:00-05:00,1.152755,1.1548349999999998,1.15265,1.1544699999999999,14707.889900714159,7,0,False,False
2025-11-25 08:00:00-05:00,1.15462,1.1560199999999998,1.1542750000000002,1.15584,23920.58986146003,8,0,False,False
2025-11-25 09:00:00-05:00,1.155935,1.157165,1.15527,1.15666,20328.469830475748,9,0,False,False
2025-11-25 10:00:00-05:00,1.156795,1.15836,1.1562350000000001,1.1562350000000001,17831.13982821256,10,0,False,True
2025-11-25 11:00:00-05:00,1.15632,1.15714,1.1551200000000001,1.1553,11728.569879114628,11,0,False,False
2025-11-25 12:00:00-05:00,1.15626,1.1583700000000001,1.15585,1.15823,21304.28985221684,12,0,False,False
2025-11-25 13:00:00-05:00,1.158085,1.1585,1.1579199999999998,1.15796,9078.189913392067,13,0,False,False
2025-11-25 14:00:00-05:00,1.15801,1.158525,1.1574900000000001,1.1583899999999998,5236.719949841499,14,0,False,False
2025-11-25 15:00:00-05:00,1.1583899999999998,1.1583899999999998,1.1558899999999999,1.15651,9007.259899020195,15,0,False,False
2025-11-25 16:00:00-05:00,1.15647,1.1571950000000002,1.15647,1.15703,4645.55995837599,16,0,False,False
2025-11-25 17:00:00-05:00,1.157055,1.157095,1.156775,1.157005,1164.0899888500571,17,0,False,False
2025-11-25 18:00:00-05:00,1.15703,1.15729,1.15646,1.15649,1881.5099873319268,18,0,False,False
2025-11-25 19:00:00-05:00,1.15664,1.1572,1.15643,1.156825,6333.369950771332,19,0,False,False
2025-11-25 20:00:00-05:00,1.157035,1.15828,1.15663,1.15774,8795.419903241098,20,0,False,False
2025-11-25 21:00:00-05:00,1.15774,1.1586599999999998,1.1575199999999999,1.15818,7014.849943816662,21,0,False,False
2025-11-25 22:00:00-05:00,1.158115,1.1591200000000002,1.158115,1.15907,5402.189945019782,22,0,False,False
2025-11-25 23:00:00-05:00,1.1591200000000002,1.1591200000000002,1.158265,1.1583700000000001,4170.079971276224,23,0,False,False
2025-11-26 00:00:00-05:00,1.158325,1.1591049999999998,1.15828,1.1591,5344.4599677324295,0,0,True,False
2025-11-26 01:00:00-05:00,1.158855,1.159545,1.15846,1.158625,6339.5999499335885,1,0,True,False
2025-11-26 02:00:00-05:00,1.15886,1.15922,1.1575600000000001,1.15793,9103.89991915971,2,0,True,False
2025-11-26 03:00:00-05:00,1.1579350000000002,1.1580300000000001,1.1566299999999998,1.1572,9215.009902015328,3,0,True,False
2025-11-26 04:00:00-05:00,1.15723,1.15789,1.157025,1.1572,9552.399912640452,4,0,True,False
2025-11-26 05:00:00-05:00,1.1572749999999998,1.15775,1.15693,1.15735,6643.78993652761,5,0,False,False
2025-11-26 06:00:00-05:00,1.157285,1.157875,1.1568749999999999,1.157435,13648.489858306944,6,0,False,False
2025-11-26 07:00:00-05:00,1.15722,1.1579549999999998,1.157045,1.1572149999999999,20141.569770097733,7,0,False,False
2025-11-26 08:00:00-05:00,1.15732,1.15825,1.15504,1.155245,26842.43967922777,8,0,False,False
2025-11-26 09:00:00-05:00,1.15493,1.1581700000000001,1.15493,1.15788,16035.219801835716,9,0,False,False
2025-11-26 10:00:00-05:00,1.15821,1.1594600000000002,1.15816,1.15895,16909.88978215307,10,0,False,True
2025-11-26 11:00:00-05:00,1.1591399999999998,1.16005,1.1589049999999999,1.15904,12319.1798459813,11,0,False,False
2025-11-26 12:00:00-05:00,1.1588699999999998,1.1593849999999999,1.158535,1.1593,8587.239889018238,12,0,False,False
2025-11-26 13:00:00-05:00,1.15927,1.15965,1.15893,1.159345,4421.649937264621,13,0,False,False
2025-11-26 14:00:00-05:00,1.1592600000000002,1.159615,1.159075,1.15937,3561.9599500894547,14,0,False,False
2025-11-26 15:00:00-05:00,1.1593399999999998,1.1597300000000001,1.159255,1.1594250000000001,3386.789952971041,15,0,False,False
2025-11-26 16:00:00-05:00,1.1594250000000001,1.159725,1.1593900000000001,1.159515,2759.659972950816,16,0,False,False
2025-11-26 17:00:00-05:00,1.15947,1.1596899999999999,1.15909,1.159575,2718.899976953864,17,0,False,False
2025-11-26 18:00:00-05:00,1.159755,1.1602100000000002,1.159735,1.16019,5132.919971197844,18,0,False,False
2025-11-26 19:00:00-05:00,1.1601849999999998,1.16048,1.160005,1.160225,5051.879935339093,19,0,False,False
2025-11-26 20:00:00-05:00,1.16029,1.161195,1.1601599999999999,1.160925,7154.509897105396,20,0,False,False
2025-11-26 21:00:00-05:00,1.1610800000000001,1.16132,1.16013,1.160385,5784.749920114875,21,0,False,False
2025-11-26 22:00:00-05:00,1.16042,1.16065,1.16001,1.160215,4206.079941116273,22,0,False,False
2025-11-26 23:00:00-05:00,1.1601650000000001,1.16051,1.16006,1.160095,2430.399959862232,23,0,False,False
2025-11-27 00:00:00-05:00,1.16013,1.1605750000000001,1.16013,1.1602299999999999,3962.4099358543754,0,0,True,False
2025-11-27 01:00:00-05:00,1.1603150000000002,1.16051,1.1591550000000002,1.159255,6439.049927778542,1,0,True,False
2025-11-27 02:00:00-05:00,1.1592600000000002,1.15937,1.15862,1.15918,4687.0799404755235,2,0,True,False
2025-11-27 03:00:00-05:00,1.1592500000000001,1.159475,1.15882,1.1592799999999999,8430.33989956975,3,0,True,False
2025-11-27 04:00:00-05:00,1.15934,1.15934,1.1576650000000002,1.1577600000000001,7361.789910443127,4,0,True,False
2025-11-27 05:00:00-05:00,1.157735,1.158485,1.157735,1.158385,4850.719945892692,5,0,False,False
2025-11-27 06:00:00-05:00,1.1584850000000002,1.158755,1.157995,1.15861,5784.0099347010255,6,0,False,False
2025-11-27 07:00:00-05:00,1.158605,1.1590500000000001,1.15823,1.15832,5109.039944395423,7,0,False,False
2025-11-27 08:00:00-05:00,1.15842,1.15956,1.15842,1.1595,6370.419924147427,8,0,False,False
2025-11-27 09:00:00-05:00,1.1593849999999999,1.1597499999999998,1.1591200000000002,1.15949,6209.149933576584,9,0,False,False
2025-11-27 10:00:00-05:00,1.1595300000000002,1.1599300000000001,1.1592799999999999,1.1594099999999998,4766.329940870404,10,0,False,True
2025-11-27 11:00:00-05:00,1.159465,1.15999,1.1593149999999999,1.15994,3405.0899601504207,11,0,False,False
2025-11-27 12:00:00-05:00,1.16005,1.16005,1.15919,1.159505,2312.00996427238,12,0,False,False
2025-11-27 13:00:00-05:00,1.1595149999999999,1.1595149999999999,1.159165,1.159195,1008.9099917635322,13,0,False,False
2025-11-27 14:00:00-05:00,1.1592250000000002,1.159615,1.159225,1.15954,1021.6799893453717,14,0,False,False
2025-11-27 15:00:00-05:00,1.15958,1.15963,1.159455,1.159505,437.4599933773279,15,0,False,False
2025-11-27 16:00:00-05:00,1.1596,1.1596950000000001,1.159565,1.159565,1764.209985628724,16,0,False,False
2025-11-27 17:00:00-05:00,1.159685,1.1596899999999999,1.159545,1.15964,1037.2799838781357,17,0,False,False
2025-11-27 18:00:00-05:00,1.1596899999999999,1.1601650000000001,1.1596899999999999,1.15998,958.3599868640304,18,0,False,False
2025-11-27 19:00:00-05:00,1.160005,1.16018,1.1592500000000001,1.1594099999999998,6683.18992831558,19,0,False,False
2025-11-27 20:00:00-05:00,1.15952,1.1598199999999999,1.15818,1.158315,4941.919936105609,20,0,False,False
2025-11-27 21:00:00-05:00,1.1583999999999999,1.1587800000000001,1.15817,1.15841,11380.489872135222,21,0,False,False
2025-11-27 22:00:00-05:00,1.15834,1.15895,1.1582249999999998,1.1587100000000001,17792.049768716097,22,0,False,False
2025-11-27 23:00:00-05:00,1.15875,1.159175,1.1586400000000001,1.158955,9545.469894297421,23,0,False,False
2025-11-28 00:00:00-05:00,1.1589399999999999,1.15917,1.158375,1.158965,23489.98958143592,0,0,True,False
2025-11-28 01:00:00-05:00,1.1584050000000001,1.1589550000000002,1.1582,1.158395,26634.189463481307,1,0,True,False
2025-11-28 02:00:00-05:00,1.1583700000000001,1.158925,1.15785,1.15795,27161.74955702573,2,0,True,False
2025-11-28 03:00:00-05:00,1.1577,1.15795,1.1567150000000002,1.157015,36287.289799802005,3,0,True,False
2025-11-28 04:00:00-05:00,1.157265,1.157895,1.15679,1.156885,44152.30974783003,4,0,True,False
2025-11-28 05:00:00-05:00,1.15671,1.1568999999999998,1.1555499999999999,1.1559300000000001,21639.949878536165,5,0,False,False
2025-11-28 06:00:00-05:00,1.155955,1.156885,1.155725,1.1568049999999999,19753.629795782268,6,0,False,False
2025-11-28 07:00:00-05:00,1.1564100000000002,1.157235,1.1562199999999998,1.15663,16928.359862327576,7,0,False,False
2025-11-28 08:00:00-05:00,1.156845,1.1578249999999999,1.15635,1.157475,23880.98973917961,8,0,False,False
2025-11-28 09:00:00-05:00,1.157745,1.15845,1.157195,1.15845,10185.939898721874,9,0,False,False
2025-11-28 10:00:00-05:00,1.15839,1.160745,1.15802,1.160745,15979.629819884896,10,0,False,True
2025-11-28 11:00:00-05:00,1.160295,1.1604450000000002,1.1593900000000001,1.1599149999999998,13408.73985541612,11,0,False,False
2025-11-28 12:00:00-05:00,1.1598600000000001,1.1604100000000002,1.1594,1.160275,5156.749931812286,12,0,False,False
2025-11-28 13:00:00-05:00,1.16018,1.1604,1.1596549999999999,1.1601650000000001,3324.719964593649,13,0,False,False
2025-11-28 14:00:00-05:00,1.1601400000000002,1.16037,1.16008,1.160225,2629.559967495501,14,0,False,False
2025-11-28 15:00:00-05:00,1.1602000000000001,1.160435,1.16007,1.16007,3040.669972702861,15,0,False,False
2025-11-28 16:00:00-05:00,1.1601599999999999,1.160245,1.15981,1.15985,3058.709950402379,16,0,False,False
2025-11-30 17:00:00-05:00,1.1595900000000001,1.15992,1.159425,1.15992,3046.159977659583,17,0,False,False
2025-11-30 18:00:00-05:00,1.16011,1.1607349999999999,1.15965,1.160115,4081.5399500206113,18,0,False,False
2025-11-30 19:00:00-05:00,1.160155,1.1606649999999998,1.15983,1.16032,6539.629900857806,19,0,False,False
2025-11-30 20:00:00-05:00,1.1601599999999999,1.1615099999999998,1.1601599999999999,1.16052,9733.999848939478,20,0,False,False
2025-11-30 21:00:00-05:00,1.16046,1.1605699999999999,1.1593300000000002,1.1595,6288.439918577671,21,0,False,False
2025-11-30 22:00:00-05:00,1.15945,1.159735,1.1589800000000001,1.1596899999999999,3662.309954494238,22,0,False,False
2025-11-30 23:00:00-05:00,1.1596899999999999,1.16024,1.159475,1.15987,3349.7899519130588,23,0,False,False
2025-12-01 00:00:00-05:00,1.159785,1.16013,1.159515,1.159785,4181.779938228428,0,0,True,False
2025-12-01 01:00:00-05:00,1.159835,1.159835,1.1590699999999998,1.1596350000000002,4903.099924698472,1,0,True,False
2025-12-01 02:00:00-05:00,1.159875,1.1612200000000001,1.159675,1.16071,7946.059906169772,2,0,True,False
2025-12-01 03:00:00-05:00,1.160555,1.1620599999999999,1.160555,1.161335,13024.699837498367,3,0,True,False
2025-12-01 04:00:00-05:00,1.1615600000000001,1.16234,1.16148,1.16222,12124.759867563844,4,0,True,False
2025-12-01 05:00:00-05:00,1.1620650000000001,1.16283,1.16201,1.162765,8360.079888232052,5,0,False,False
2025-12-01 06:00:00-05:00,1.16272,1.163165,1.16252,1.16279,10141.049899078906,6,0,False,False
2025-12-01 07:00:00-05:00,1.16299,1.164885,1.162715,1.164885,10573.349881134927,7,0,False,False
2025-12-01 08:00:00-05:00,1.16489,1.16514,1.16399,1.164495,13405.30984223634,8,0,False,False
2025-12-01 09:00:00-05:00,1.16438,1.16438,1.16306,1.163235,17803.309803649783,9,0,False,False
2025-12-01 10:00:00-05:00,1.1636549999999999,1.1639599999999999,1.16239,1.16289,19758.179799601436,10,0,False,True
2025-12-01 11:00:00-05:00,1.16289,1.16342,1.1621700000000001,1.16229,10532.079870738089,11,0,False,False
2025-12-01 12:00:00-05:00,1.1623700000000001,1.1628699999999998,1.16196,1.16207,6416.88992229104,12,0,False,False
2025-12-01 13:00:00-05:00,1.1619899999999999,1.162325,1.1612,1.1612,6384.26994419843,13,0,False,False
2025-12-01 14:00:00-05:00,1.16116,1.1612149999999999,1.1607349999999999,1.16085,5114.109946444631,14,0,False,False
2025-12-01 15:00:00-05:00,1.16096,1.160975,1.16067,1.16095,3710.2099672034383,15,0,False,False
2025-12-01 16:00:00-05:00,1.1609699999999998,1.1610900000000002,1.160795,1.161,2004.209973461926,16,0,False,False
2025-12-01 17:00:00-05:00,1.161,1.161005,1.160765,1.16086,931.539979532361,17,0,False,False
2025-12-01 18:00:00-05:00,1.160835,1.1610049999999998,1.160675,1.160675,1072.9499837607145,18,0,False,False
2025-12-01 19:00:00-05:00,1.1607150000000002,1.1609250000000002,1.1604999999999999,1.16058,3055.699970975518,19,0,False,False
2025-12-01 20:00:00-05:00,1.1605850000000002,1.16109,1.1604,1.16092,4717.589938528836,20,0,False,False
2025-12-01 21:00:00-05:00,1.16092,1.16119,1.16092,1.16119,2536.4599615335464,21,0,False,False
2025-12-01 22:00:00-05:00,1.1612399999999998,1.161275,1.16092,1.1612149999999999,4024.399947717786,22,0,False,False
2025-12-01 23:00:00-05:00,1.1611799999999999,1.16139,1.1609,1.1609,2774.849978014827,23,0,False,False
2025-12-02 00:00:00-05:00,1.160965,1.16112,1.16073,1.1610049999999998,2345.259980343282,0,0,True,False
2025-12-02 01:00:00-05:00,1.16107,1.1610800000000001,1.16052,1.16097,3429.04996176064,1,0,True,False
2025-12-02 02:00:00-05:00,1.161025,1.1615950000000002,1.161025,1.1612749999999998,7342.599932551384,2,0,True,False
2025-12-02 03:00:00-05:00,1.16151,1.16157,1.160945,1.161065,7774.879927203059,3,0,True,False
2025-12-02 04:00:00-05:00,1.161105,1.1613799999999999,1.16039,1.161015,9333.069920420647,4,0,True,False
2025-12-02 05:00:00-05:00,1.16099,1.16099,1.1599300000000001,1.16067,7599.619907952845,5,0,False,False
2025-12-02 06:00:00-05:00,1.16053,1.16121,1.1604299999999999,1.16117,5707.949935793877,6,0,False,False
2025-12-02 07:00:00-05:00,1.1611799999999999,1.16194,1.1608,1.16177,6853.899923473597,7,0,False,False
2025-12-02 08:00:00-05:00,1.1618,1.1618,1.161165,1.1617600000000001,6549.4999307096,8,0,False,False
2025-12-02 09:00:00-05:00,1.16184,1.162265,1.1613449999999998,1.16178,12903.789877414703,9,0,False,False
2025-12-02 10:00:00-05:00,1.161715,1.161715,1.1594799999999998,1.160615,18304.369834572077,10,0,False,True
2025-12-02 11:00:00-05:00,1.16076,1.160825,1.159295,1.159545,13852.299882665277,11,0,False,False
2025-12-02 12:00:00-05:00,1.15958,1.1607699999999999,1.159415,1.16073,8230.719924293458,12,0,False,False
2025-12-02 13:00:00-05:00,1.16074,1.16128,1.16059,1.1608749999999999,4864.129957467318,13,0,False,False
2025-12-02 14:00:00-05:00,1.1609150000000001,1.16238,1.1609150000000001,1.16207,6117.349936820567,14,0,False,False
2025-12-02 15:00:00-05:00,1.16228,1.16256,1.162,1.16246,6014.3999453336,15,0,False,False
2025-12-02 16:00:00-05:00,1.16235,1.162555,1.162185,1.16241,3376.8499691933393,16,0,False,False
2025-12-02 17:00:00-05:00,1.1623350000000001,1.16252,1.162175,1.162415,1476.8599821403623,17,0,False,False
2025-12-02 18:00:00-05:00,1.16249,1.162895,1.1624750000000001,1.162825,994.0899882018566,18,0,False,False
2025-12-02 19:00:00-05:00,1.16279,1.1632850000000001,1.16279,1.1630850000000001,6186.669946394861,19,0,False,False
2025-12-02 20:00:00-05:00,1.163275,1.16376,1.163215,1.16369,3326.9599548503757,20,0,False,False
2025-12-02 21:00:00-05:00,1.1637149999999998,1.1638600000000001,1.16357,1.163815,1899.6099755242467,21,0,False,False
2025-12-02 22:00:00-05:00,1.16381,1.1638899999999999,1.1637149999999998,1.16378,1583.9399775788188,22,0,False,False
2025-12-02 23:00:00-05:00,1.163815,1.16417,1.16364,1.164115,1643.2299755588174,23,0,False,False
2025-12-03 00:00:00-05:00,1.1641750000000002,1.1643400000000002,1.16412,1.1642700000000001,2342.2799696326256,0,0,True,False
2025-12-03 01:00:00-05:00,1.164355,1.16477,1.16422,1.1643,3942.7399480342865,1,0,True,False
2025-12-03 02:00:00-05:00,1.1645699999999999,1.16523,1.1640350000000002,1.164135,10427.619919739664,2,0,True,False
2025-12-03 03:00:00-05:00,1.1642549999999998,1.164495,1.163695,1.164405,10081.479897528887,3,0,True,False
2025-12-03 04:00:00-05:00,1.164545,1.16474,1.1640350000000002,1.164565,12274.299898341298,4,0,True,False
2025-12-03 05:00:00-05:00,1.16459,1.1663299999999999,1.16453,1.1660599999999999,8471.129899665713,5,0,False,False
2025-12-03 06:00:00-05:00,1.165975,1.16657,1.1655099999999998,1.16656,5160.85994361341,6,0,False,False
2025-12-03 07:00:00-05:00,1.1667,1.1668699999999999,1.1662599999999999,1.1663000000000001,6541.649929590523,7,0,False,False
2025-12-03 08:00:00-05:00,1.1662949999999999,1.1675,1.1662949999999999,1.1666400000000001,14026.529840610921,8,0,False,False
2025-12-03 09:00:00-05:00,1.16666,1.16666,1.165575,1.166245,19921.459835097194,9,0,False,False
2025-12-03 10:00:00-05:00,1.1655950000000002,1.1667399999999999,1.165555,1.1659700000000002,29901.199738636613,10,0,False,True
2025-12-03 11:00:00-05:00,1.16608,1.1665999999999999,1.16593,1.16596,16432.949848867953,11,0,False,False
2025-12-03 12:00:00-05:00,1.16598,1.167035,1.16582,1.16686,11341.129892677069,12,0,False,False
2025-12-03 13:00:00-05:00,1.16692,1.1675200000000001,1.16684,1.167185,7083.259929597378,13,0,False,False
2025-12-03 14:00:00-05:00,1.167145,1.16776,1.167145,1.1672799999999999,3579.60996080935,14,0,False,False
2025-12-03 15:00:00-05:00,1.167195,1.16729,1.16655,1.1665649999999999,2995.809969037771,15,0,False,False
2025-12-03 16:00:00-05:00,1.16659,1.1671900000000002,1.166455,1.1671,2792.689972870052,16,0,False,False
2025-12-03 17:00:00-05:00,1.167115,1.16747,1.16681,1.167115,1216.5099828019738,17,0,False,False
2025-12-03 18:00:00-05:00,1.1670850000000002,1.167185,1.1663899999999998,1.1666349999999999,1792.1099755838513,18,0,False,False
2025-12-03 19:00:00-05:00,1.166515,1.166515,1.16602,1.16628,3474.9699541330338,19,0,False,False
2025-12-03 20:00:00-05:00,1.166385,1.16649,1.16595,1.1663299999999999,5040.449955277145,20,0,False,False
2025-12-03 21:00:00-05:00,1.16631,1.16635,1.16593,1.166035,3017.279959194362,21,0,False,False
2025-12-03 22:00:00-05:00,1.165915,1.165915,1.165375,1.1655950000000002,3927.229964584112,22,0,False,False
2025-12-03 23:00:00-05:00,1.1655799999999998,1.1658300000000001,1.1655449999999998,1.1657199999999999,2946.709970846772,23,0,False,False
2025-12-04 00:00:00-05:00,1.165715,1.1661899999999998,1.165715,1.165965,6250.879959844053,0,0,True,False
2025-12-04 01:00:00-05:00,1.1657700000000002,1.16593,1.1653250000000002,1.16582,5443.149948783219,1,0,True,False
2025-12-04 02:00:00-05:00,1.16587,1.16654,1.1655799999999998,1.16654,5899.689941860735,2,0,True,False
2025-12-04 03:00:00-05:00,1.16643,1.168185,1.16643,1.167685,14863.689878962934,3,0,True,False
2025-12-04 04:00:00-05:00,1.16745,1.1679499999999998,1.167415,1.167765,10337.579918421805,4,0,True,False
2025-12-04 05:00:00-05:00,1.16792,1.16792,1.1664150000000002,1.166655,6888.62993299216,5,0,False,False
2025-12-04 06:00:00-05:00,1.1667100000000001,1.16804,1.16662,1.16803,9997.419927090406,6,0,False,False
2025-12-04 07:00:00-05:00,1.16803,1.16803,1.16657,1.167,9056.139927826822,7,0,False,False
2025-12-04 08:00:00-05:00,1.16699,1.16699,1.1659549999999999,1.16649,15773.329834625125,8,0,False,False
2025-12-04 09:00:00-05:00,1.16669,1.16765,1.1664599999999998,1.16702,15085.1598392874,9,0,False,False
2025-12-04 10:00:00-05:00,1.166895,1.1674449999999998,1.16591,1.1673300000000002,12540.829858273268,10,0,False,True
2025-12-04 11:00:00-05:00,1.1673,1.1673,1.1654499999999999,1.16589,10455.089901678264,11,0,False,False
2025-12-04 12:00:00-05:00,1.165945,1.165945,1.1653250000000002,1.16562,5578.579934552312,12,0,False,False
2025-12-04 13:00:00-05:00,1.1655799999999998,1.1659700000000002,1.16541,1.16544,4394.059954725206,13,0,False,False
2025-12-04 14:00:00-05:00,1.1654399999999998,1.1655099999999998,1.16507,1.16527,5050.719949565828,14,0,False,False
2025-12-04 15:00:00-05:00,1.16503,1.16513,1.164145,1.164425,5467.989948399365,15,0,False,False
2025-12-04 16:00:00-05:00,1.164365,1.164545,1.16413,1.16444,3089.159970931709,16,0,False,False
2025-12-04 17:00:00-05:00,1.16446,1.16456,1.1644,1.164475,853.6699839606881,17,0,False,False
2025-12-04 18:00:00-05:00,1.1642299999999999,1.164335,1.1641249999999999,1.164335,1452.029983215034,18,0,False,False
2025-12-04 19:00:00-05:00,1.1644549999999998,1.165,1.164415,1.164995,3669.329967468977,19,0,False,False
2025-12-04 20:00:00-05:00,1.1650900000000002,1.165355,1.16501,1.165355,4211.709961272776,20,0,False,False
2025-12-04 21:00:00-05:00,1.165435,1.165435,1.1651349999999998,1.16519,3526.569971986115,21,0,False,False
2025-12-04 22:00:00-05:00,1.1651500000000001,1.1651500000000001,1.16466,1.164905,2104.739980570972,22,0,False,False
2025-12-04 23:00:00-05:00,1.16492,1.165405,1.16492,1.1653600000000002,4512.6099732890725,23,0,False,False
2025-12-05 00:00:00-05:00,1.165435,1.1659199999999998,1.165335,1.1659199999999998,3340.969964914024,0,0,True,False
2025-12-05 01:00:00-05:00,1.1658300000000001,1.16608,1.16555,1.16594,4200.739953845739,1,0,True,False
2025-12-05 02:00:00-05:00,1.1660650000000001,1.16715,1.165965,1.16629,10667.509926013649,2,0,True,False
2025-12-05 03:00:00-05:00,1.16594,1.1663199999999998,1.16525,1.16539,10495.059903532267,3,0,True,False
2025-12-05 04:00:00-05:00,1.1653099999999998,1.16552,1.16491,1.1654499999999999,7455.439904272556,4,0,True,False
2025-12-05 05:00:00-05:00,1.165565,1.16566,1.16485,1.1651099999999999,5718.209923401475,5,0,False,False
2025-12-05 06:00:00-05:00,1.165035,1.16512,1.164175,1.16466,7052.189933679998,6,0,False,False
2025-12-05 07:00:00-05:00,1.16469,1.165315,1.164475,1.1651699999999998,8566.089911453426,7,0,False,False
2025-12-05 08:00:00-05:00,1.1652399999999998,1.16535,1.164455,1.1651799999999999,8714.709891229868,8,0,False,False
2025-12-05 09:00:00-05:00,1.16528,1.16601,1.16469,1.1650299999999998,13250.279863230884,9,0,False,False
2025-12-05 10:00:00-05:00,1.165135,1.1658499999999998,1.16445,1.164815,14458.569833002985,10,0,False,True
2025-12-05 11:00:00-05:00,1.16478,1.1648749999999999,1.1629,1.1634250000000002,16886.169886119664,11,0,False,False
2025-12-05 12:00:00-05:00,1.1633300000000002,1.16442,1.1633300000000002,1.16442,8456.269924730062,12,0,False,False
2025-12-05 13:00:00-05:00,1.164355,1.1648450000000001,1.164255,1.164275,4939.5999505370855,13,0,False,False
2025-12-05 14:00:00-05:00,1.1642199999999998,1.1643949999999998,1.1640899999999998,1.16431,4816.9699516147375,14,0,False,False
2025-12-05 15:00:00-05:00,1.16421,1.164415,1.16403,1.164415,5338.599948890507,15,0,False,False
2025-12-05 16:00:00-05:00,1.1644649999999999,1.1646649999999998,1.164045,1.1641650000000001,4276.4699592366815,16,0,False,False
2025-12-07 17:00:00-05:00,1.16416,1.164655,1.1639300000000001,1.16463,1706.579991184175,17,0,False,False
2025-12-07 18:00:00-05:00,1.164345,1.164555,1.163945,1.164065,5438.249932065606,18,0,False,False
2025-12-07 19:00:00-05:00,1.16411,1.16512,1.16411,1.16512,3816.6799477115273,19,0,False,False
2025-12-07 20:00:00-05:00,1.164955,1.1652749999999998,1.164595,1.1651799999999999,5538.409938953817,20,0,False,False
2025-12-07 21:00:00-05:00,1.1652200000000001,1.1653850000000001,1.16494,1.1653799999999999,3109.7099592983723,21,0,False,False
2025-12-07 22:00:00-05:00,1.1654149999999999,1.16552,1.16501,1.1650200000000002,2837.6899658963084,22,0,False,False
2025-12-07 23:00:00-05:00,1.16503,1.16553,1.165,1.1654499999999999,2696.7099773064256,23,0,False,False
2025-12-08 00:00:00-05:00,1.165435,1.165625,1.16526,1.165605,3936.3199678733945,0,0,True,False
2025-12-08 01:00:00-05:00,1.166465,1.167095,1.1658849999999998,1.16609,6848.089935302734,1,0,True,False
2025-12-08 02:00:00-05:00,1.16631,1.1667200000000002,1.165555,1.16581,6582.419928014278,2,0,True,False
2025-12-08 03:00:00-05:00,1.16601,1.1661299999999999,1.1648399999999999,1.1656,9086.209904693067,3,0,True,False
2025-12-08 04:00:00-05:00,1.1657199999999999,1.1657199999999999,1.16487,1.16487,7218.989915892482,4,0,True,False
2025-12-08 05:00:00-05:00,1.16486,1.16555,1.16486,1.1650800000000001,6576.869930274785,5,0,False,False
2025-12-08 06:00:00-05:00,1.1651,1.16534,1.1647500000000002,1.165035,5692.949929520488,6,0,False,False
2025-12-08 07:00:00-05:00,1.1651699999999998,1.16537,1.16478,1.16532,6412.039929896593,7,0,False,False
2025-12-08 08:00:00-05:00,1.1652900000000002,1.1657199999999999,1.1645949999999998,1.164835,9048.23990289867,8,0,False,False
2025-12-08 09:00:00-05:00,1.1648550000000002,1.1654200000000001,1.163865,1.164015,13708.669846110046,9,0,False,False
2025-12-08 10:00:00-05:00,1.1637,1.1637,1.16178,1.1625100000000002,16250.569825604558,10,0,False,True
2025-12-08 11:00:00-05:00,1.1624400000000001,1.16279,1.161665,1.16249,10857.11988569796,11,0,False,False
2025-12-08 12:00:00-05:00,1.16242,1.16391,1.16207,1.16391,9240.149894863367,12,0,False,False
2025-12-08 13:00:00-05:00,1.163935,1.16417,1.16347,1.16374,6965.529943689704,13,0,False,False
2025-12-08 14:00:00-05:00,1.163755,1.1641650000000001,1.16367,1.16394,6039.43995732069,14,0,False,False
2025-12-08 15:00:00-05:00,1.16409,1.16418,1.16376,1.163815,4608.569963075221,15,0,False,False
2025-12-08 16:00:00-05:00,1.1636950000000001,1.16385,1.1635550000000001,1.16373,3482.4099695831537,16,0,False,False
2025-12-08 17:00:00-05:00,1.16371,1.163815,1.1635149999999999,1.16363,4897.069966547191,17,0,False,False
2025-12-08 18:00:00-05:00,1.1637849999999998,1.164085,1.163685,1.164085,1601.029989078641,18,0,False,False
2025-12-08 19:00:00-05:00,1.1641050000000002,1.16429,1.16372,1.16387,3173.2999849766493,19,0,False,False
2025-12-08 20:00:00-05:00,1.1638700000000002,1.1647500000000002,1.1636950000000001,1.16473,6058.989985376596,20,0,False,False
2025-12-08 21:00:00-05:00,1.16469,1.164835,1.16444,1.16458,2805.9999718293548,21,0,False,False
2025-12-08 22:00:00-05:00,1.164635,1.16482,1.16439,1.1645699999999999,5147.479991577566,22,0,False,False
2025-12-08 23:00:00-05:00,1.16466,1.164685,1.16439,1.164675,2497.9299702718854,23,0,False,False
2025-12-09 00:00:00-05:00,1.16469,1.164965,1.16453,1.164895,4358.559961736202,0,0,True,False
2025-12-09 01:00:00-05:00,1.164695,1.164725,1.164225,1.16439,4257.569949358702,1,0,True,False
2025-12-09 02:00:00-05:00,1.1644100000000002,1.1645400000000001,1.1638600000000001,1.16399,6266.579938739538,2,0,True,False
2025-12-09 03:00:00-05:00,1.1640700000000002,1.16493,1.1634799999999998,1.1644999999999999,9577.249901615083,3,0,True,False
2025-12-09 04:00:00-05:00,1.1644800000000002,1.16568,1.16446,1.1652399999999998,8766.859897762537,4,0,True,False
2025-12-09 05:00:00-05:00,1.1653,1.1653,1.164135,1.1644700000000001,6419.289934247732,5,0,False,False
2025-12-09 06:00:00-05:00,1.16439,1.1647349999999999,1.16382,1.1643599999999998,6648.269931919873,6,0,False,False
2025-12-09 07:00:00-05:00,1.1643400000000002,1.1643400000000002,1.1635,1.16377,8034.949919007719,7,0,False,False
2025-12-09 08:00:00-05:00,1.16385,1.1638950000000001,1.16296,1.16345,11623.1598912552,8,0,False,False
2025-12-09 09:00:00-05:00,1.163475,1.163805,1.1629999999999998,1.1637849999999998,16840.729841448367,9,0,False,False
2025-12-09 10:00:00-05:00,1.1626150000000002,1.1635849999999999,1.1617549999999999,1.16288,19077.26976580918,10,0,False,True
2025-12-09 11:00:00-05:00,1.1629200000000002,1.164085,1.1629200000000002,1.16383,7965.319903701544,11,0,False,False
2025-12-09 12:00:00-05:00,1.16381,1.1638199999999999,1.162245,1.1624050000000001,8673.099944278598,12,0,False,False
2025-12-09 13:00:00-05:00,1.16232,1.16247,1.161715,1.16243,5608.419945701957,13,0,False,False
2025-12-09 14:00:00-05:00,1.16249,1.1629800000000001,1.162215,1.16288,4019.1699489355087,14,0,False,False
2025-12-09 15:00:00-05:00,1.162935,1.1632,1.162655,1.16268,4177.409965597093,15,0,False,False
2025-12-09 16:00:00-05:00,1.1626349999999999,1.162935,1.1624349999999999,1.1627450000000001,3786.9699921682477,16,0,False,False
2025-12-09 17:00:00-05:00,1.162805,1.1629,1.16262,1.1626599999999998,2572.7499724030495,17,0,False,False
2025-12-09 18:00:00-05:00,1.1626400000000001,1.162855,1.16253,1.162805,1430.9199860021472,18,0,False,False
2025-12-09 19:00:00-05:00,1.1628349999999998,1.16289,1.16246,1.162625,4208.77997584641,19,0,False,False
2025-12-09 20:00:00-05:00,1.16249,1.162845,1.16229,1.1623899999999998,4640.969971105456,20,0,False,False
2025-12-09 21:00:00-05:00,1.1624349999999999,1.16283,1.16234,1.1623800000000002,2271.9399724528193,21,0,False,False
2025-12-09 22:00:00-05:00,1.1623999999999999,1.1627,1.1622050000000002,1.1626500000000002,2090.559972435236,22,0,False,False
2025-12-09 23:00:00-05:00,1.1627,1.162895,1.1625299999999998,1.16275,1304.5599820837379,23,0,False,False
2025-12-10 00:00:00-05:00,1.1627299999999998,1.16309,1.1626699999999999,1.162985,1605.9099800288677,0,0,True,False
2025-12-10 01:00:00-05:00,1.16296,1.1635499999999999,1.162895,1.163525,2290.27998033911,1,0,True,False
2025-12-10 02:00:00-05:00,1.1635149999999999,1.16492,1.16349,1.1648200000000002,7212.259940028191,2,0,True,False
2025-12-10 03:00:00-05:00,1.164435,1.16574,1.164435,1.16526,9658.679932266474,3,0,True,False
2025-12-10 04:00:00-05:00,1.16523,1.16528,1.1636099999999998,1.1636600000000001,9162.20990998298,4,0,True,False
2025-12-10 05:00:00-05:00,1.1634099999999998,1.16395,1.162785,1.1634449999999998,8590.309928879142,5,0,False,False
2025-12-10 06:00:00-05:00,1.16345,1.1637149999999998,1.16308,1.16351,7030.509946934879,6,0,False,False
2025-12-10 07:00:00-05:00,1.16357,1.16419,1.16334,1.163935,6021.579952225089,7,0,False,False
2025-12-10 08:00:00-05:00,1.16399,1.1641249999999999,1.1627999999999998,1.16402,11701.209905780852,8,0,False,False
2025-12-10 09:00:00-05:00,1.1639849999999998,1.16442,1.16342,1.1643249999999998,18331.329881630838,9,0,False,False
2025-12-10 10:00:00-05:00,1.164475,1.165035,1.16352,1.1642000000000001,13642.729858368635,10,0,False,True
2025-12-10 11:00:00-05:00,1.1643599999999998,1.164995,1.16381,1.164995,9091.889897085726,11,0,False,False
2025-12-10 12:00:00-05:00,1.164945,1.165915,1.16465,1.1658849999999998,6510.179935976863,12,0,False,False
2025-12-10 13:00:00-05:00,1.1659199999999998,1.166045,1.1654399999999998,1.165585,6177.539947040379,13,0,False,False
2025-12-10 14:00:00-05:00,1.16708,1.168045,1.164865,1.16784,47868.279613263905,14,0,False,False
2025-12-10 15:00:00-05:00,1.16751,1.169925,1.16751,1.1694,29798.26974540949,15,0,False,False
2025-12-10 16:00:00-05:00,1.169175,1.16956,1.1690049999999998,1.1695250000000001,6889.289922423661,16,0,False,False
2025-12-10 17:00:00-05:00,1.169555,1.169575,1.169055,1.169555,4443.41993431747,17,0,False,False
2025-12-10 18:00:00-05:00,1.16967,1.170265,1.16967,1.1701549999999998,4011.389968596399,18,0,False,False
2025-12-10 19:00:00-05:00,1.170055,1.17048,1.1698,1.170215,8445.399955943227,19,0,False,False
2025-12-10 20:00:00-05:00,1.17028,1.170715,1.1700499999999998,1.17018,7838.509929955006,20,0,False,False
2025-12-10 21:00:00-05:00,1.170255,1.170575,1.169375,1.1694,7581.499938219786,21,0,False,False
2025-12-10 22:00:00-05:00,1.16967,1.1697000000000002,1.16905,1.16909,3831.289951585233,22,0,False,False
2025-12-10 23:00:00-05:00,1.1691449999999999,1.1691449999999999,1.1685699999999999,1.169035,4292.659961730242,23,0,False,False
2025-12-11 00:00:00-05:00,1.16907,1.1691799999999999,1.1685400000000001,1.1685400000000001,2573.989970460534,0,0,True,False
2025-12-11 01:00:00-05:00,1.16858,1.16896,1.168275,1.16891,3826.0099611729383,1,0,True,False
2025-12-11 02:00:00-05:00,1.1688800000000001,1.1700599999999999,1.1688299999999998,1.1693600000000002,7162.249931924045,2,0,True,False
2025-12-11 03:00:00-05:00,1.16955,1.1705800000000002,1.16955,1.16973,10021.369912944734,3,0,True,False
2025-12-11 04:00:00-05:00,1.1697000000000002,1.1703299999999999,1.1688299999999998,1.17022,11307.06991096586,4,0,True,False
2025-12-11 05:00:00-05:00,1.17015,1.17072,1.169965,1.17072,8203.699923723936,5,0,False,False
2025-12-11 06:00:00-05:00,1.17072,1.171775,1.17072,1.17131,7526.559911750257,6,0,False,False
2025-12-11 07:00:00-05:00,1.171265,1.17183,1.170995,1.17169,8525.879921659827,7,0,False,False
2025-12-11 08:00:00-05:00,1.1718250000000001,1.173605,1.171365,1.1731099999999999,17758.269840218127,8,0,False,False
2025-12-11 09:00:00-05:00,1.173095,1.17477,1.173095,1.17377,16952.379788056016,9,0,False,False
2025-12-11 10:00:00-05:00,1.173435,1.17567,1.17328,1.17564,15938.219837337732,10,0,False,True
2025-12-11 11:00:00-05:00,1.1756600000000001,1.1759149999999998,1.17465,1.1755399999999998,13326.17987253517,11,0,False,False
2025-12-11 12:00:00-05:00,1.1756600000000001,1.176215,1.17509,1.1755300000000002,10022.389903150499,12,0,False,False
2025-12-11 13:00:00-05:00,1.1755300000000002,1.175885,1.17516,1.17536,8263.919939987361,13,0,False,False
2025-12-11 14:00:00-05:00,1.1752600000000002,1.175365,1.17411,1.17411,7762.489925399423,14,0,False,False
2025-12-11 15:00:00-05:00,1.17401,1.17452,1.17375,1.17411,4886.589941635728,15,0,False,False
2025-12-11 16:00:00-05:00,1.17401,1.174325,1.17377,1.1738149999999998,4404.059969887137,16,0,False,False
2025-12-11 17:00:00-05:00,1.1738499999999998,1.1740599999999999,1.1738499999999998,1.1739449999999998,3226.2999563738704,17,0,False,False
2025-12-11 18:00:00-05:00,1.1740650000000001,1.174175,1.173745,1.1740949999999999,1621.8999886736274,18,0,False,False
2025-12-11 19:00:00-05:00,1.1742849999999998,1.1744400000000002,1.173965,1.174065,6304.249967448413,19,0,False,False
2025-12-11 20:00:00-05:00,1.1740949999999999,1.17461,1.173315,1.1735,7998.069958649576,20,0,False,False
2025-12-11 21:00:00-05:00,1.1735099999999998,1.173765,1.173195,1.173625,4269.369959026575,21,0,False,False
2025-12-11 22:00:00-05:00,1.173545,1.17374,1.1733799999999999,1.1734499999999999,3227.779971919954,22,0,False,False
2025-12-11 23:00:00-05:00,1.173425,1.17354,1.173185,1.1731850000000001,4230.759967982769,23,0,False,False
2025-12-12 00:00:00-05:00,1.173215,1.17394,1.173215,1.17387,2197.4599825516343,0,0,True,False
2025-12-12 01:00:00-05:00,1.17393,1.1741700000000002,1.1734200000000001,1.173905,4096.94996188581,1,0,True,False
2025-12-12 02:00:00-05:00,1.173975,1.1742599999999999,1.173595,1.17379,10695.749929532409,2,0,True,False
2025-12-12 03:00:00-05:00,1.173665,1.1741700000000002,1.1728200000000002,1.1728200000000002,11652.869912542403,3,0,True,False
2025-12-12 04:00:00-05:00,1.17292,1.1734200000000001,1.17278,1.1732900000000002,7656.679921358824,4,0,True,False
2025-12-12 05:00:00-05:00,1.1731500000000001,1.173265,1.17252,1.1727400000000001,6854.339928269386,5,0,False,False
2025-12-12 06:00:00-05:00,1.1727349999999999,1.17285,1.1722700000000001,1.17269,4631.999952219427,6,0,False,False
2025-12-12 07:00:00-05:00,1.172545,1.1727349999999999,1.17198,1.17251,6323.659942440689,7,0,False,False
2025-12-12 08:00:00-05:00,1.17251,1.1734399999999998,1.17251,1.1727400000000001,8872.339909501374,8,0,False,False
2025-12-12 09:00:00-05:00,1.172585,1.17431,1.17245,1.17422,15979.40987342596,9,0,False,False
2025-12-12 10:00:00-05:00,1.17415,1.1744599999999998,1.1730749999999999,1.17382,14240.529855005443,10,0,False,True
2025-12-12 11:00:00-05:00,1.1740599999999999,1.17422,1.172655,1.1731,17184.329879499972,11,0,False,False
2025-12-12 12:00:00-05:00,1.1732550000000002,1.1747999999999998,1.1730450000000001,1.174775,13016.759908311069,12,0,False,False
2025-12-12 13:00:00-05:00,1.1747299999999998,1.17496,1.174145,1.174145,10726.889918588102,13,0,False,False
2025-12-12 14:00:00-05:00,1.1740599999999999,1.1740650000000001,1.1735799999999998,1.174045,11028.349948085845,14,0,False,False
2025-12-12 15:00:00-05:00,1.174305,1.1745999999999999,1.1738650000000002,1.173925,8581.569965563715,15,0,False,False
2025-12-12 16:00:00-05:00,1.1738499999999998,1.17446,1.1738499999999998,1.17402,5218.609982505441,16,0,False,False
2025-12-14 17:00:00-05:00,1.174005,1.174005,1.173485,1.17373,3128.2399875223637,17,0,False,False
2025-12-14 18:00:00-05:00,1.173855,1.17405,1.17366,1.173705,3355.37995903939,18,0,False,False
2025-12-14 19:00:00-05:00,1.17359,1.17361,1.17287,1.17333,5118.929949760437,19,0,False,False
2025-12-14 20:00:00-05:00,1.1733799999999999,1.174175,1.1729850000000002,1.174145,5189.429961830378,20,0,False,False
2025-12-14 21:00:00-05:00,1.174195,1.174455,1.1737250000000001,1.17414,5649.879944555461,21,0,False,False
2025-12-14 22:00:00-05:00,1.17414,1.17447,1.17332,1.1734200000000001,4591.529960006475,22,0,False,False
2025-12-14 23:00:00-05:00,1.1733500000000001,1.173565,1.173235,1.173235,3644.309966236353,23,0,False,False
2025-12-15 00:00:00-05:00,1.17325,1.173485,1.17323,1.17344,3993.62997648865,0,0,True,False
2025-12-15 01:00:00-05:00,1.173405,1.17359,1.17307,1.17353,5983.609951511025,1,0,True,False
2025-12-15 02:00:00-05:00,1.17377,1.17377,1.17285,1.17285,7951.469933047891,2,0,True,False
2025-12-15 03:00:00-05:00,1.17296,1.17379,1.17265,1.173125,9357.32992681861,3,0,True,False
2025-12-15 04:00:00-05:00,1.17312,1.1743350000000001,1.17312,1.1743299999999999,8758.299926668406,4,0,True,False
2025-12-15 05:00:00-05:00,1.17435,1.17463,1.1739799999999998,1.174285,5615.959945745766,5,0,False,False
2025-12-15 06:00:00-05:00,1.1742,1.17495,1.1742,1.17488,4247.359958656132,6,0,False,False
2025-12-15 07:00:00-05:00,1.174985,1.1758899999999999,1.17496,1.175295,6352.259937658906,7,0,False,False
2025-12-15 08:00:00-05:00,1.1755,1.1759650000000001,1.1747450000000002,1.17476,13927.109928868711,8,0,False,False
2025-12-15 09:00:00-05:00,1.174465,1.1763599999999999,1.174465,1.1763599999999999,21888.12986766547,9,0,False,False
2025-12-15 10:00:00-05:00,1.17639,1.176855,1.1755849999999999,1.1762899999999998,24343.629833370447,10,0,False,True
2025-12-15 11:00:00-05:00,1.17618,1.1764299999999999,1.17531,1.1755550000000001,13646.199904553592,11,0,False,False
2025-12-15 12:00:00-05:00,1.1755149999999999,1.1755200000000001,1.1745100000000002,1.174585,9613.059924267232,12,0,False,False
2025-12-15 13:00:00-05:00,1.17454,1.1748150000000002,1.1739600000000001,1.174325,6449.829948455095,13,0,False,False
2025-12-15 14:00:00-05:00,1.17434,1.1749450000000001,1.17387,1.1748750000000001,8033.189948618412,14,0,False,False
2025-12-15 15:00:00-05:00,1.17477,1.17517,1.17477,1.1751049999999998,4022.5899813100696,15,0,False,False
2025-12-15 16:00:00-05:00,1.175095,1.17537,1.1749,1.175265,4304.109990291297,16,0,False,False
2025-12-15 17:00:00-05:00,1.175335,1.17538,1.175065,1.175125,4203.119944222271,17,0,False,False
2025-12-15 18:00:00-05:00,1.175435,1.1755849999999999,1.175275,1.1753550000000001,1224.8699881061912,18,0,False,False
2025-12-15 19:00:00-05:00,1.1754950000000002,1.1757900000000001,1.174845,1.17499,2867.6699672713876,19,0,False,False
2025-12-15 20:00:00-05:00,1.174925,1.1754850000000001,1.17469,1.17519,5318.02994530648,20,0,False,False
2025-12-15 21:00:00-05:00,1.175115,1.17564,1.175075,1.175575,3332.379966214299,21,0,False,False
2025-12-15 22:00:00-05:00,1.1755200000000001,1.175865,1.17502,1.175185,3779.7299708500504,22,0,False,False
2025-12-15 23:00:00-05:00,1.1752099999999999,1.17537,1.1750099999999999,1.175115,2708.9799872785807,23,0,False,False
2025-12-16 00:00:00-05:00,1.17508,1.1753900000000002,1.174995,1.175055,2397.2399724572897,0,0,True,False
2025-12-16 01:00:00-05:00,1.1749200000000002,1.175365,1.17472,1.1752699999999998,3649.149964541197,1,0,True,False
2025-12-16 02:00:00-05:00,1.1753149999999999,1.1753149999999999,1.1745549999999998,1.17523,7120.379945971072,2,0,True,False
2025-12-16 03:00:00-05:00,1.17542,1.1763249999999998,1.17475,1.17543,14688.029904358089,3,0,True,False
2025-12-16 04:00:00-05:00,1.17542,1.17614,1.17503,1.175605,11784.1898887977,4,0,True,False
2025-12-16 05:00:00-05:00,1.1759300000000001,1.1760899999999999,1.17542,1.175745,10707.309925667942,5,0,False,False
2025-12-16 06:00:00-05:00,1.175645,1.176315,1.175235,1.176315,8432.509944997728,6,0,False,False
2025-12-16 07:00:00-05:00,1.1763249999999998,1.1777950000000001,1.1760950000000001,1.1777950000000001,7161.869931280613,7,0,False,False
2025-12-16 08:00:00-05:00,1.1777199999999999,1.17902,1.1757749999999998,1.177575,33228.63967320323,8,0,False,False
2025-12-16 09:00:00-05:00,1.177825,1.17998,1.177135,1.17998,24299.70978577435,9,0,False,False
2025-12-16 10:00:00-05:00,1.17996,1.18039,1.17693,1.1770100000000001,26550.63979293406,10,0,False,True
2025-12-16 11:00:00-05:00,1.17689,1.1775600000000002,1.17621,1.17691,14124.009877040982,11,0,False,False
2025-12-16 12:00:00-05:00,1.17696,1.1777799999999998,1.1763249999999998,1.1763949999999999,8519.9099124223,12,0,False,False
2025-12-16 13:00:00-05:00,1.1762299999999999,1.1762299999999999,1.1746050000000001,1.17531,8394.639922119677,13,0,False,False
2025-12-16 14:00:00-05:00,1.1751550000000002,1.17622,1.1740300000000001,1.1757749999999998,11753.299914635718,14,0,False,False
2025-12-16 15:00:00-05:00,1.17604,1.176225,1.1747299999999998,1.17477,7033.049948178232,15,0,False,False
2025-12-16 16:00:00-05:00,1.1747049999999999,1.1751049999999998,1.174665,1.17468,3071.9199662953615,16,0,False,False
2025-12-16 17:00:00-05:00,1.174735,1.174895,1.174725,1.174845,2547.1199674606323,17,0,False,False
2025-12-16 18:00:00-05:00,1.1748949999999998,1.17511,1.17487,1.174935,1876.2199796363711,18,0,False,False
2025-12-16 19:00:00-05:00,1.174925,1.17517,1.1745700000000001,1.175025,4011.129962310195,19,0,False,False
2025-12-16 20:00:00-05:00,1.175045,1.175185,1.17456,1.174735,5851.899965249002,20,0,False,False
2025-12-16 21:00:00-05:00,1.1746750000000001,1.1747999999999998,1.17379,1.1739899999999999,8127.209928616881,21,0,False,False
2025-12-16 22:00:00-05:00,1.17401,1.1740249999999999,1.1737199999999999,1.173915,3476.479967094958,22,0,False,False
2025-12-16 23:00:00-05:00,1.1739000000000002,1.17394,1.1728049999999999,1.172965,6952.909925527871,23,0,False,False
2025-12-17 00:00:00-05:00,1.172945,1.173085,1.17252,1.17292,4985.029938824475,0,0,True,False
2025-12-17 01:00:00-05:00,1.17294,1.17302,1.1707299999999998,1.17099,8524.599922187626,1,0,True,False
2025-12-17 02:00:00-05:00,1.171055,1.171305,1.1704249999999998,1.171305,13801.569845497608,2,0,True,False
2025-12-17 03:00:00-05:00,1.1714250000000002,1.172045,1.1706750000000001,1.17187,11718.069897480309,3,0,True,False
2025-12-17 04:00:00-05:00,1.171955,1.17201,1.1712,1.171605,11835.079913370311,4,0,True,False
2025-12-17 05:00:00-05:00,1.1715550000000001,1.17253,1.171305,1.17253,10541.179931588471,5,0,False,False
2025-12-17 06:00:00-05:00,1.17262,1.1726299999999998,1.17079,1.1709200000000002,8065.589923605323,6,0,False,False
2025-12-17 07:00:00-05:00,1.171,1.172675,1.171,1.172675,9559.169912405312,7,0,False,False
2025-12-17 08:00:00-05:00,1.1725599999999998,1.173315,1.171995,1.1731850000000001,19313.749878756702,8,0,False,False
2025-12-17 09:00:00-05:00,1.173425,1.17438,1.1728800000000001,1.174115,18111.139886252582,9,0,False,False
2025-12-17 10:00:00-05:00,1.17418,1.17578,1.174145,1.175295,17990.399839550257,10,0,False,True
2025-12-17 11:00:00-05:00,1.175455,1.175595,1.1746150000000002,1.17472,14329.839887410402,11,0,False,False
2025-12-17 12:00:00-05:00,1.17476,1.17538,1.1746500000000002,1.1749399999999999,8608.669943906367,12,0,False,False
2025-12-17 13:00:00-05:00,1.175045,1.17545,1.1742750000000002,1.17442,8537.549941070378,13,0,False,False
2025-12-17 14:00:00-05:00,1.174395,1.1747100000000001,1.1741700000000002,1.1745,5122.539952732623,14,0,False,False
2025-12-17 15:00:00-05:00,1.17455,1.17461,1.173885,1.17397,3568.729962222278,15,0,False,False
2025-12-17 16:00:00-05:00,1.173915,1.17416,1.173895,1.1740650000000001,3104.5220707058907,16,0,False,False
2025-12-17 17:00:00-05:00,1.17405,1.1743649999999999,1.173945,1.173945,1852.942078948021,17,0,False,False
2025-12-17 18:00:00-05:00,1.1740750000000002,1.174325,1.174045,1.17416,1193.059982419014,18,0,False,False
2025-12-17 19:00:00-05:00,1.17421,1.17455,1.17407,1.17441,2371.5599760189652,19,0,False,False
2025-12-17 20:00:00-05:00,1.17447,1.1744949999999998,1.17357,1.173855,4361.019962504506,20,0,False,False
2025-12-17 21:00:00-05:00,1.17391,1.17425,1.1736900000000001,1.17409,4897.7399603277445,21,0,False,False
2025-12-17 22:00:00-05:00,1.17402,1.1741899999999998,1.173765,1.17393,2846.2099829912186,22,0,False,False
2025-12-17 23:00:00-05:00,1.17389,1.1743000000000001,1.1738499999999998,1.1743000000000001,3619.8400001078844,23,0,False,False
2025-12-18 00:00:00-05:00,1.174345,1.17466,1.1742050000000002,1.174595,4483.6299914345145,0,0,True,False
2025-12-18 01:00:00-05:00,1.1746400000000001,1.1746850000000002,1.17393,1.174435,5266.369960069656,1,0,True,False
2025-12-18 02:00:00-05:00,1.1745899999999998,1.1749299999999998,1.1733799999999999,1.1733799999999999,8197.429937131703,2,0,True,False
2025-12-18 03:00:00-05:00,1.1732900000000002,1.173695,1.172825,1.17323,9994.149940289557,3,0,True,False
2025-12-18 04:00:00-05:00,1.1732550000000002,1.1732550000000002,1.17177,1.1722000000000001,11088.539917305112,4,0,True,False
2025-12-18 05:00:00-05:00,1.1721,1.1726100000000002,1.17178,1.1724800000000002,6248.579938754439,5,0,False,False
2025-12-18 06:00:00-05:00,1.172425,1.172695,1.1720700000000002,1.1720700000000002,6970.869937106967,6,0,False,False
2025-12-18 07:00:00-05:00,1.1722100000000002,1.1722100000000002,1.1713399999999998,1.171395,12166.859901189804,7,0,False,False
2025-12-18 08:00:00-05:00,1.17157,1.176015,1.171345,1.1746949999999998,28373.54963685572,8,0,False,False
2025-12-18 09:00:00-05:00,1.1747450000000002,1.1754,1.173365,1.17347,22689.589687541127,9,0,False,False
2025-12-18 10:00:00-05:00,1.173425,1.1739899999999999,1.17179,1.1727150000000002,19609.779758542776,10,0,False,True
2025-12-18 11:00:00-05:00,1.1727599999999998,1.174515,1.17258,1.1728100000000001,16372.06988351047,11,0,False,False
2025-12-18 12:00:00-05:00,1.1728800000000001,1.1728800000000001,1.1715900000000001,1.171885,10404.819871507585,12,0,False,False
2025-12-18 13:00:00-05:00,1.171885,1.1724899999999998,1.1715749999999998,1.17197,5574.449932947755,13,0,False,False
2025-12-18 14:00:00-05:00,1.17188,1.17272,1.17184,1.17252,6049.049930654466,14,0,False,False
2025-12-18 15:00:00-05:00,1.17252,1.17276,1.1721,1.1722100000000002,5130.149952962995,15,0,False,False
2025-12-18 16:00:00-05:00,1.172205,1.17252,1.172205,1.172235,3416.0599670112133,16,0,False,False
2025-12-18 17:00:00-05:00,1.172235,1.17253,1.17191,1.1724649999999999,7344.679884150624,17,0,False,False
2025-12-18 18:00:00-05:00,1.17258,1.1727349999999999,1.172425,1.172485,1031.4999809265137,18,0,False,False
2025-12-18 19:00:00-05:00,1.17251,1.17265,1.172185,1.17265,2859.6699626371264,19,0,False,False
2025-12-18 20:00:00-05:00,1.17259,1.1728399999999999,1.17215,1.17244,3754.0499507933855,20,0,False,False
2025-12-18 21:00:00-05:00,1.172565,1.17285,1.17214,1.17228,3194.919956445694,21,0,False,False
2025-12-18 22:00:00-05:00,1.172225,1.17248,1.171865,1.172135,5407.559935636818,22,0,False,False
2025-12-18 23:00:00-05:00,1.172145,1.172225,1.17157,1.1718,3189.219963103533,23,0,False,False
2025-12-19 00:00:00-05:00,1.171885,1.172075,1.1718199999999999,1.1720000000000002,3033.6899654194713,0,0,True,False
2025-12-19 01:00:00-05:00,1.17194,1.1721499999999998,1.17126,1.1719849999999998,6675.729913651943,1,0,True,False
2025-12-19 02:00:00-05:00,1.17195,1.17195,1.1705299999999998,1.17077,12476.259848043323,2,0,True,False
2025-12-19 03:00:00-05:00,1.1707800000000002,1.17158,1.1707800000000002,1.1712500000000001,10176.459886148572,3,0,True,False
2025-12-19 04:00:00-05:00,1.1712600000000002,1.17177,1.170925,1.17123,9871.1798870489,4,0,True,False
2025-12-19 05:00:00-05:00,1.17126,1.17177,1.1709749999999999,1.17165,10088.039895437658,5,0,False,False
2025-12-19 06:00:00-05:00,1.1716950000000002,1.1716950000000002,1.170845,1.1711399999999998,11248.769899263978,6,0,False,False
2025-12-19 07:00:00-05:00,1.171095,1.17151,1.1708699999999999,1.17102,6367.169922828674,7,0,False,False
2025-12-19 08:00:00-05:00,1.1707299999999998,1.1719300000000001,1.17034,1.1719300000000001,15131.399853281677,8,0,False,False
2025-12-19 09:00:00-05:00,1.1720000000000002,1.17374,1.1720000000000002,1.1726649999999998,13674.289833143353,9,0,False,False
2025-12-19 10:00:00-05:00,1.1724549999999998,1.17272,1.1709550000000002,1.1709550000000002,17031.269817590714,10,0,False,True
2025-12-19 11:00:00-05:00,1.1709900000000002,1.1720899999999999,1.1709450000000001,1.1720899999999999,11072.609896294773,11,0,False,False
2025-12-19 12:00:00-05:00,1.17198,1.1720350000000002,1.17144,1.171935,5630.079927839339,12,0,False,False
2025-12-19 13:00:00-05:00,1.17192,1.17272,1.1718600000000001,1.172005,7621.069923363626,13,0,False,False
2025-12-19 14:00:00-05:00,1.17184,1.172425,1.171795,1.17237,4556.959939569235,14,0,False,False
2025-12-19 15:00:00-05:00,1.17246,1.1725599999999998,1.170865,1.170985,4205.029944814742,15,0,False,False
2025-12-19 16:00:00-05:00,1.1711,1.17131,1.1707049999999999,1.17113,4430.519948668778,16,0,False,False
2025-12-21 17:00:00-05:00,1.171815,1.17185,1.17124,1.171405,4974.69993467629,17,0,False,False
2025-12-21 18:00:00-05:00,1.171505,1.171505,1.1706750000000001,1.171045,6065.099904797971,18,0,False,False
2025-12-21 19:00:00-05:00,1.1711049999999998,1.171595,1.1710250000000002,1.1715849999999999,7995.679886564612,19,0,False,False
2025-12-21 20:00:00-05:00,1.1718250000000001,1.17188,1.171435,1.1717300000000002,4853.269933074713,20,0,False,False
2025-12-21 21:00:00-05:00,1.1718199999999999,1.1719300000000001,1.1715399999999998,1.171645,3404.7599726095796,21,0,False,False
2025-12-21 22:00:00-05:00,1.171575,1.171815,1.1713900000000002,1.171755,4357.489949390292,22,0,False,False
2025-12-21 23:00:00-05:00,1.171645,1.1721249999999999,1.171645,1.172015,3074.1499593108892,23,0,False,False
2025-12-22 00:00:00-05:00,1.172,1.17218,1.1716000000000002,1.171745,3589.36995729059,0,0,True,False
2025-12-22 01:00:00-05:00,1.17167,1.171885,1.1713200000000001,1.1715900000000001,4469.149945817888,1,0,True,False
2025-12-22 02:00:00-05:00,1.17178,1.1730399999999999,1.17151,1.1728999999999998,8310.249911792576,2,0,True,False
2025-12-22 03:00:00-05:00,1.172995,1.17371,1.17238,1.1735950000000002,6601.789918199182,3,0,True,False
2025-12-22 04:00:00-05:00,1.17359,1.17361,1.1728100000000001,1.17301,6829.649919182062,4,0,True,False
2025-12-22 05:00:00-05:00,1.1731349999999998,1.1737799999999998,1.1730399999999999,1.173305,8626.189915277064,5,0,False,False
2025-12-22 06:00:00-05:00,1.173355,1.173635,1.172975,1.1733500000000001,4867.009942762554,6,0,False,False
2025-12-22 07:00:00-05:00,1.1733850000000001,1.1743000000000001,1.1733850000000001,1.1741899999999998,7130.419908538461,7,0,False,False
2025-12-22 08:00:00-05:00,1.1743199999999998,1.175395,1.1742949999999999,1.175055,13687.879854373634,8,0,False,False
2025-12-22 09:00:00-05:00,1.17499,1.1764899999999998,1.1745299999999999,1.17602,12513.109870947897,9,0,False,False
2025-12-22 10:00:00-05:00,1.176155,1.17682,1.1758250000000001,1.17639,12985.8198582232,10,0,False,True
2025-12-22 11:00:00-05:00,1.17625,1.17637,1.17489,1.1749649999999998,12495.559903025627,11,0,False,False
2025-12-22 12:00:00-05:00,1.175345,1.1763949999999999,1.1750699999999998,1.17583,9423.959925703704,12,0,False,False
2025-12-22 13:00:00-05:00,1.17569,1.1757,1.17495,1.17531,5282.449961490929,13,0,False,False
2025-12-22 14:00:00-05:00,1.17531,1.1755900000000001,1.1749399999999999,1.17554,3443.689965300262,14,0,False,False
2025-12-22 15:00:00-05:00,1.17549,1.17588,1.1752349999999998,1.1755200000000001,3222.9999596849084,15,0,False,False
2025-12-22 16:00:00-05:00,1.1754799999999999,1.1762299999999999,1.1754799999999999,1.1761599999999999,2326.8399784713984,16,0,False,False
2025-12-22 17:00:00-05:00,1.17601,1.1761849999999998,1.1757749999999998,1.175985,5799.7779327481985,17,0,False,False
2025-12-22 18:00:00-05:00,1.176225,1.176555,1.17619,1.176365,2635.1799699291587,18,0,False,False
2025-12-22 19:00:00-05:00,1.176485,1.17699,1.1763949999999999,1.17691,2331.3799648955464,19,0,False,False
2025-12-22 20:00:00-05:00,1.1768550000000002,1.1775099999999998,1.17664,1.1773,3619.449949681759,20,0,False,False
2025-12-22 21:00:00-05:00,1.1774149999999999,1.17804,1.177305,1.17777,4999.589952535927,21,0,False,False
2025-12-22 22:00:00-05:00,1.1778499999999998,1.17786,1.17734,1.1776550000000001,3680.299946628511,22,0,False,False
2025-12-22 23:00:00-05:00,1.17773,1.17789,1.1774,1.1775250000000002,3286.919949680567,23,0,False,False
2025-12-23 00:00:00-05:00,1.17753,1.177945,1.1774499999999999,1.1775,5690.379952475429,0,0,True,False
2025-12-23 01:00:00-05:00,1.1774499999999999,1.177585,1.176885,1.17712,3025.209952928126,1,0,True,False
2025-12-23 02:00:00-05:00,1.17698,1.1781000000000001,1.17698,1.17787,6297.109911888838,2,0,True,False
2025-12-23 03:00:00-05:00,1.1777799999999998,1.1784400000000002,1.1776849999999999,1.1784400000000002,8831.529888652265,3,0,True,False
2025-12-23 04:00:00-05:00,1.1785700000000001,1.179265,1.178245,1.179265,15341.519853286445,4,0,True,False
2025-12-23 05:00:00-05:00,1.17937,1.17999,1.179195,1.1798950000000001,11794.30987997353,5,0,False,False
2025-12-23 06:00:00-05:00,1.179745,1.1798950000000001,1.179295,1.179575,10674.659897014499,6,0,False,False
2025-12-23 07:00:00-05:00,1.1796449999999998,1.180155,1.17893,1.17897,9253.529905736446,7,0,False,False
2025-12-23 08:00:00-05:00,1.17907,1.1792500000000001,1.17748,1.17748,20100.759749516845,8,0,False,False
2025-12-23 09:00:00-05:00,1.1774149999999999,1.177905,1.1768800000000001,1.176955,19815.38979679346,9,0,False,False
2025-12-23 10:00:00-05:00,1.17693,1.1778300000000002,1.1765150000000002,1.177435,20849.639766305685,10,0,False,True
2025-12-23 11:00:00-05:00,1.177585,1.17801,1.177365,1.17757,11208.469875976443,11,0,False,False
2025-12-23 12:00:00-05:00,1.177575,1.177845,1.1769500000000002,1.177085,11582.579913057387,12,0,False,False
2025-12-23 13:00:00-05:00,1.1770749999999999,1.178285,1.17698,1.178285,9468.16988644749,13,0,False,False
2025-12-23 14:00:00-05:00,1.17843,1.179095,1.1784249999999998,1.1789999999999998,10333.089868336916,14,0,False,False
2025-12-23 15:00:00-05:00,1.17897,1.179345,1.178705,1.17895,4098.979958735406,15,0,False,False
2025-12-23 16:00:00-05:00,1.1789999999999998,1.179675,1.178845,1.179455,4422.479956224561,16,0,False,False
2025-12-23 17:00:00-05:00,1.17953,1.17953,1.17924,1.179465,3906.249926030636,17,0,False,False
2025-12-23 18:00:00-05:00,1.179415,1.179675,1.179355,1.1794850000000001,2115.7699724957347,18,0,False,False
2025-12-23 19:00:00-05:00,1.179655,1.1799,1.1790500000000002,1.1799,3554.8499453514814,19,0,False,False
2025-12-23 20:00:00-05:00,1.1797900000000001,1.180605,1.17972,1.18052,5586.779929682612,20,0,False,False
2025-12-23 21:00:00-05:00,1.180545,1.18078,1.17983,1.17983,3700.9799455478787,21,0,False,False
2025-12-23 22:00:00-05:00,1.17974,1.17974,1.1787100000000001,1.178755,3645.479944884777,22,0,False,False
2025-12-23 23:00:00-05:00,1.178705,1.179315,1.1786599999999998,1.179135,5256.57992849499,23,0,False,False
2025-12-24 00:00:00-05:00,1.179155,1.18017,1.179115,1.17992,4781.119956843555,0,0,True,False
2025-12-24 01:00:00-05:00,1.18005,1.18034,1.1798,1.17999,4204.799940131605,1,0,True,False
2025-12-24 02:00:00-05:00,1.18001,1.18012,1.1787299999999998,1.1789100000000001,10314.919899687171,2,0,True,False
2025-12-24 03:00:00-05:00,1.178995,1.1799499999999998,1.1780300000000001,1.1799499999999998,16376.62983224541,3,0,True,False
2025-12-24 04:00:00-05:00,1.179905,1.18006,1.17948,1.179975,9966.609897769988,4,0,True,False
2025-12-24 05:00:00-05:00,1.1800000000000002,1.1800000000000002,1.179165,1.1796449999999998,8451.009918101132,5,0,False,False
2025-12-24 06:00:00-05:00,1.179565,1.179845,1.179125,1.17929,6864.469915091991,6,0,False,False
2025-12-24 07:00:00-05:00,1.1792699999999998,1.1792850000000001,1.17843,1.17843,6263.779909797013,7,0,False,False
2025-12-24 08:00:00-05:00,1.1786750000000001,1.1790349999999998,1.17852,1.178545,8933.159882426262,8,0,False,False
2025-12-24 09:00:00-05:00,1.1784400000000002,1.1787,1.177825,1.1780599999999999,16864.62982879579,9,0,False,False
2025-12-24 10:00:00-05:00,1.177915,1.178165,1.1776,1.17782,10930.139863237739,10,0,False,True
2025-12-24 11:00:00-05:00,1.177835,1.1780599999999999,1.177365,1.17794,10027.109880134463,11,0,False,False
2025-12-24 12:00:00-05:00,1.177965,1.1782599999999999,1.1773850000000001,1.17767,8080.479907348752,12,0,False,False
2025-12-24 13:00:00-05:00,1.177485,1.1779549999999999,1.1774499999999999,1.1779000000000002,6070.82993606478,13,0,False,False
2025-12-24 14:00:00-05:00,1.17791,1.1782400000000002,1.1778849999999998,1.17819,2553.7899673357606,14,0,False,False
2025-12-24 15:00:00-05:00,1.1782,1.17821,1.1779700000000002,1.1780149999999998,4402.769933834672,15,0,False,False
2025-12-24 16:00:00-05:00,1.1779899999999999,1.1779899999999999,1.17778,1.17793,6621.719892375171,16,0,False,False
2025-12-24 17:00:00-05:00,1.177875,1.17836,1.177875,1.177955,56.24999850988388,17,0,False,False
2025-12-24 18:00:00-05:00,1.17793,1.1779950000000001,1.17789,1.17789,42.41999887675047,18,0,False,False
2025-12-24 19:00:00-05:00,1.17788,1.1780400000000002,1.1776200000000001,1.178035,185.06999545544386,19,0,False,False
2025-12-24 20:00:00-05:00,1.178045,1.17825,1.1774,1.1774,492.74998700618744,20,0,False,False
2025-12-24 21:00:00-05:00,1.17759,1.1777600000000001,1.1773500000000001,1.17771,351.89999091625214,21,0,False,False
2025-12-24 22:00:00-05:00,1.1777099999999998,1.17771,1.177435,1.177565,44.999998927116394,22,0,False,False
2025-12-24 23:00:00-05:00,1.177565,1.17763,1.17754,1.177565,20.249999463558197,23,0,False,False
2025-12-25 00:00:00-05:00,1.1775799999999998,1.17775,1.1775799999999998,1.177675,29.36999922245741,0,0,True,False
2025-12-25 01:00:00-05:00,1.17768,1.1777350000000002,1.1775099999999998,1.1776650000000002,162.44999581575394,1,0,True,False
2025-12-25 02:00:00-05:00,1.17769,1.1784,1.177355,1.178035,331.19999158382416,2,0,True,False
2025-12-25 17:00:00-05:00,1.178125,1.1784,1.17807,1.17822,5123.199905723333,17,0,False,False
2025-12-25 18:00:00-05:00,1.178385,1.178455,1.1778149999999998,1.17839,11080.399846613407,18,0,False,False
2025-12-25 19:00:00-05:00,1.17831,1.179135,1.177735,1.1786249999999998,10947.269863158464,19,0,False,False
2025-12-25 20:00:00-05:00,1.17852,1.179115,1.178315,1.178735,5269.909916810691,20,0,False,False
2025-12-25 21:00:00-05:00,1.1787100000000001,1.17931,1.1783899999999998,1.1792099999999999,2899.7199553623796,21,0,False,False
2025-12-25 22:00:00-05:00,1.1792150000000001,1.179265,1.1784,1.17845,3713.229951746762,22,0,False,False
2025-12-25 23:00:00-05:00,1.17838,1.178695,1.17801,1.17832,2964.0799544006586,23,0,False,False
2025-12-26 00:00:00-05:00,1.17827,1.178665,1.178035,1.17861,3295.7799527719617,0,0,True,False
2025-12-26 01:00:00-05:00,1.17863,1.1786400000000001,1.177325,1.17766,5030.089907005429,1,0,True,False
2025-12-26 02:00:00-05:00,1.1775449999999998,1.1776200000000001,1.177085,1.1773,6569.369923040271,2,0,True,False
2025-12-26 03:00:00-05:00,1.1771449999999999,1.1776900000000001,1.1766800000000002,1.1776900000000001,5264.1299287080765,3,0,True,False
2025-12-26 04:00:00-05:00,1.177625,1.17775,1.17688,1.1770299999999998,4904.449935987592,4,0,True,False
2025-12-26 05:00:00-05:00,1.17705,1.17789,1.17693,1.17731,5019.859929852188,5,0,False,False
2025-12-26 06:00:00-05:00,1.1774399999999998,1.178185,1.1774399999999998,1.1777449999999998,4825.809934109449,6,0,False,False
2025-12-26 07:00:00-05:00,1.1776900000000001,1.178195,1.1773,1.178165,7137.659929141402,7,0,False,False
2025-12-26 08:00:00-05:00,1.178345,1.179635,1.17829,1.179135,13676.909908547997,8,0,False,False
2025-12-26 09:00:00-05:00,1.179315,1.17941,1.17814,1.178385,12240.089909121394,9,0,False,False
2025-12-26 10:00:00-05:00,1.1783549999999998,1.17922,1.1773150000000001,1.1777250000000001,13666.669931590557,10,0,False,True
2025-12-26 11:00:00-05:00,1.17782,1.1779549999999999,1.176265,1.176525,18859.740022793412,11,0,False,False
2025-12-26 12:00:00-05:00,1.176385,1.177015,1.17618,1.177015,6922.209926202893,12,0,False,False
2025-12-26 13:00:00-05:00,1.1771150000000001,1.177365,1.176955,1.177195,4144.419970050454,13,0,False,False
2025-12-26 14:00:00-05:00,1.177035,1.177665,1.17694,1.177665,5746.6499812453985,14,0,False,False
2025-12-26 15:00:00-05:00,1.17777,1.178105,1.17727,1.1774900000000001,5852.789953485131,15,0,False,False
2025-12-26 16:00:00-05:00,1.177535,1.1776499999999999,1.176685,1.1772200000000002,8791.08989802748,16,0,False,False
2025-12-28 17:00:00-05:00,1.17703,1.177365,1.17703,1.177105,1544.6399822235107,17,0,False,False
2025-12-28 18:00:00-05:00,1.1773850000000001,1.17777,1.1771600000000002,1.17727,4867.089953199029,18,0,False,False
2025-12-28 19:00:00-05:00,1.1774049999999998,1.178375,1.1772550000000002,1.1779700000000002,5447.399941980839,19,0,False,False
2025-12-28 20:00:00-05:00,1.17791,1.17861,1.17791,1.17842,3800.7399485707283,20,0,False,False
2025-12-28 21:00:00-05:00,1.1784,1.17852,1.1775799999999998,1.1775799999999998,3039.869947746396,21,0,False,False
2025-12-28 22:00:00-05:00,1.17748,1.1775950000000002,1.17719,1.17734,2424.9799661934376,22,0,False,False
2025-12-28 23:00:00-05:00,1.1772399999999998,1.1772399999999998,1.176435,1.176435,2168.0699618160725,23,0,False,False
2025-12-29 00:00:00-05:00,1.17628,1.1762899999999998,1.175415,1.175615,3847.4199560955167,0,0,True,False
2025-12-29 01:00:00-05:00,1.1758199999999999,1.1769500000000002,1.17549,1.1769500000000002,4370.249940596521,1,0,True,False
2025-12-29 02:00:00-05:00,1.17707,1.17792,1.17657,1.177715,9484.329881332815,2,0,True,False
2025-12-29 03:00:00-05:00,1.1778650000000002,1.178845,1.1772900000000002,1.1784,8319.499894820154,3,0,True,False
2025-12-29 04:00:00-05:00,1.178595,1.17874,1.177295,1.1776300000000002,14019.939849697053,4,0,True,False
2025-12-29 05:00:00-05:00,1.1776550000000001,1.1779950000000001,1.17659,1.17659,11871.169878847897,5,0,False,False
2025-12-29 06:00:00-05:00,1.17638,1.17709,1.175875,1.17658,13967.609905406833,6,0,False,False
2025-12-29 07:00:00-05:00,1.17662,1.1768450000000001,1.1757,1.17618,12061.119922429323,7,0,False,False
2025-12-29 08:00:00-05:00,1.176295,1.177225,1.1760700000000002,1.17698,14657.739893637598,8,0,False,False
2025-12-29 09:00:00-05:00,1.176955,1.17882,1.17678,1.1783000000000001,12906.989831782877,9,0,False,False
2025-12-29 10:00:00-05:00,1.1784599999999998,1.1786249999999998,1.176785,1.1767850000000002,18725.619797296822,10,0,False,True
2025-12-29 11:00:00-05:00,1.1765750000000001,1.17678,1.17539,1.17561,16051.999814622104,11,0,False,False
2025-12-29 12:00:00-05:00,1.17557,1.17557,1.175005,1.1752099999999999,6886.029927290976,12,0,False,False
2025-12-29 13:00:00-05:00,1.17509,1.1758950000000001,1.17509,1.17574,7621.739940948784,13,0,False,False
2025-12-29 14:00:00-05:00,1.175705,1.1767400000000001,1.175705,1.1767400000000001,3447.64996509254,14,0,False,False
2025-12-29 15:00:00-05:00,1.1768450000000001,1.17705,1.1764999999999999,1.17705,3997.479951657355,15,0,False,False
2025-12-29 16:00:00-05:00,1.17706,1.177475,1.17706,1.17725,2312.5699769333005,16,0,False,False
2025-12-29 17:00:00-05:00,1.17727,1.17727,1.1767750000000001,1.176815,4391.189934581518,17,0,False,False
2025-12-29 18:00:00-05:00,1.177335,1.177465,1.17715,1.177245,2918.829971253872,18,0,False,False
2025-12-29 19:00:00-05:00,1.177285,1.17747,1.1772,1.177305,2565.8099600300193,19,0,False,False
2025-12-29 20:00:00-05:00,1.1773150000000001,1.1775099999999998,1.1770049999999999,1.1775099999999998,2561.309964597225,20,0,False,False
2025-12-29 21:00:00-05:00,1.177585,1.17761,1.17719,1.17733,2424.3099575415254,21,0,False,False
2025-12-29 22:00:00-05:00,1.1773099999999999,1.1775799999999998,1.17706,1.1772550000000002,1810.5599790215492,22,0,False,False
2025-12-29 23:00:00-05:00,1.17725,1.17777,1.177175,1.1777000000000002,2321.3499789983034,23,0,False,False
2025-12-30 00:00:00-05:00,1.1777199999999999,1.17788,1.1773,1.17752,3123.9899668321013,0,0,True,False
2025-12-30 01:00:00-05:00,1.17761,1.177965,1.1774149999999999,1.1778650000000002,5124.099945597351,1,0,True,False
2025-12-30 02:00:00-05:00,1.17766,1.17766,1.1766299999999998,1.1770450000000001,5445.919926673174,2,0,True,False
2025-12-30 03:00:00-05:00,1.17716,1.1774550000000001,1.17667,1.17671,7566.18990945816,3,0,True,False
2025-12-30 04:00:00-05:00,1.1766999999999999,1.177745,1.1764800000000002,1.176905,7491.539907284081,4,0,True,False
2025-12-30 05:00:00-05:00,1.176965,1.17768,1.176965,1.17739,4741.549931809306,5,0,False,False
2025-12-30 06:00:00-05:00,1.1774,1.1776499999999999,1.1766450000000002,1.17667,5567.449926182628,6,0,False,False
2025-12-30 07:00:00-05:00,1.17652,1.17679,1.1760899999999999,1.17617,4892.029938988388,7,0,False,False
2025-12-30 08:00:00-05:00,1.176085,1.176655,1.17563,1.176335,16367.909823350608,8,0,False,False
2025-12-30 09:00:00-05:00,1.17617,1.1763849999999998,1.175725,1.17633,11975.629866078496,9,0,False,False
2025-12-30 10:00:00-05:00,1.176275,1.17653,1.174545,1.1759849999999998,12956.609851822257,10,0,False,True
2025-12-30 11:00:00-05:00,1.1758600000000001,1.176625,1.17544,1.176495,10636.149878829718,11,0,False,False
2025-12-30 12:00:00-05:00,1.176545,1.176545,1.1755200000000001,1.175595,5516.58994089067,12,0,False,False
2025-12-30 13:00:00-05:00,1.175685,1.1759300000000001,1.1748349999999999,1.175005,5172.369953669608,13,0,False,False
2025-12-30 14:00:00-05:00,1.17496,1.1752799999999999,1.174575,1.1746699999999999,6541.369943715632,14,0,False,False
2025-12-30 15:00:00-05:00,1.174785,1.1749999999999998,1.1743700000000001,1.174385,3969.189954698086,15,0,False,False
2025-12-30 16:00:00-05:00,1.174645,1.17482,1.17454,1.174815,2541.489979416132,16,0,False,False
2025-12-30 17:00:00-05:00,1.1748150000000002,1.17488,1.1745700000000001,1.1746249999999998,1266.5099942088127,17,0,False,False
2025-12-30 18:00:00-05:00,1.1746050000000001,1.1749049999999999,1.1745450000000002,1.174575,780.0499874129891,18,0,False,False
2025-12-30 19:00:00-05:00,1.1746050000000001,1.1747649999999998,1.17445,1.17472,1704.519977234304,19,0,False,False
2025-12-30 20:00:00-05:00,1.174795,1.17483,1.174255,1.174255,2560.439965836704,20,0,False,False
2025-12-30 21:00:00-05:00,1.174245,1.174245,1.173915,1.17402,3361.729945510626,21,0,False,False
2025-12-30 22:00:00-05:00,1.174035,1.1743649999999999,1.1739950000000001,1.17427,1658.8699845671654,22,0,False,False
2025-12-30 23:00:00-05:00,1.1742849999999998,1.1742849999999998,1.173325,1.173445,2448.2799812331796,23,0,False,False
2025-12-31 00:00:00-05:00,1.1735099999999998,1.1739000000000002,1.1734650000000002,1.17385,2637.6899719387293,0,0,True,False
2025-12-31 01:00:00-05:00,1.1737,1.1739600000000001,1.17333,1.1737549999999999,3351.309965863824,1,0,True,False
2025-12-31 02:00:00-05:00,1.17368,1.17381,1.173035,1.1737,5821.529931500554,2,0,True,False
2025-12-31 03:00:00-05:00,1.173825,1.173935,1.172075,1.1723050000000002,9227.889921218157,3,0,True,False
2025-12-31 04:00:00-05:00,1.17224,1.1738499999999998,1.17206,1.173505,9219.079928152263,4,0,True,False
2025-12-31 05:00:00-05:00,1.173505,1.1743299999999999,1.172875,1.173915,9356.679939545691,5,0,False,False
2025-12-31 06:00:00-05:00,1.1739199999999999,1.1747299999999998,1.1736550000000001,1.1747299999999998,8570.519954569638,6,0,False,False
2025-12-31 07:00:00-05:00,1.1749,1.17578,1.17486,1.1755149999999999,8369.469909407198,7,0,False,False
2025-12-31 08:00:00-05:00,1.1756449999999998,1.17578,1.174195,1.174195,11622.489868298173,8,0,False,False
2025-12-31 09:00:00-05:00,1.1741350000000002,1.174185,1.172765,1.17303,18688.57991269231,9,0,False,False
2025-12-31 10:00:00-05:00,1.17264,1.1745700000000001,1.172115,1.17441,22983.209816262126,10,0,False,True
2025-12-31 11:00:00-05:00,1.174365,1.174725,1.172905,1.1734900000000001,12863.97984354198,11,0,False,False
2025-12-31 12:00:00-05:00,1.1733799999999999,1.17387,1.173225,1.173605,7353.329918906093,12,0,False,False
2025-12-31 13:00:00-05:00,1.1738300000000002,1.17388,1.173055,1.17359,8366.029906384647,13,0,False,False
2025-12-31 14:00:00-05:00,1.17377,1.174285,1.17377,1.17408,5974.119942039251,14,0,False,False
2025-12-31 15:00:00-05:00,1.17414,1.17524,1.17414,1.1752099999999999,3447.5999558269978,15,0,False,False
2025-12-31 16:00:00-05:00,1.175265,1.1753,1.174545,1.1745999999999999,2747.4299676939845,16,0,False,False
2026-01-01 17:00:00-05:00,1.174725,1.174995,1.1747,1.174835,4385.91992816329,17,0,False,False
2026-01-01 18:00:00-05:00,1.1747999999999998,1.17509,1.174635,1.17509,2677.43997618556,18,0,False,False
2026-01-01 19:00:00-05:00,1.175075,1.17563,1.17502,1.1756199999999999,1629.8399773836136,19,0,False,False
2026-01-01 20:00:00-05:00,1.175745,1.176215,1.17569,1.1761,2846.99995701015,20,0,False,False
2026-01-01 21:00:00-05:00,1.1761849999999998,1.176365,1.17584,1.1759300000000001,1846.0999753773212,21,0,False,False
2026-01-01 22:00:00-05:00,1.176075,1.176495,1.176075,1.17645,2331.619972512126,22,0,False,False
2026-01-01 23:00:00-05:00,1.1764299999999999,1.1764649999999999,1.175545,1.175565,3823.0699697062373,23,0,False,False
2026-01-02 00:00:00-05:00,1.175525,1.17574,1.17513,1.1751399999999999,1974.019980147481,0,0,True,False
2026-01-02 01:00:00-05:00,1.17508,1.17508,1.17416,1.174385,3217.809959150851,1,0,True,False
2026-01-02 02:00:00-05:00,1.17429,1.1746400000000001,1.173285,1.173485,9111.089898824692,2,0,True,False
2026-01-02 03:00:00-05:00,1.17339,1.1736900000000001,1.17248,1.17287,11335.52985572815,3,0,True,False
2026-01-02 04:00:00-05:00,1.172925,1.1736550000000001,1.1721,1.1721499999999998,14133.269842870533,4,0,True,False
2026-01-02 05:00:00-05:00,1.172105,1.17235,1.171355,1.17211,12941.139842025936,5,0,False,False
2026-01-02 06:00:00-05:00,1.172065,1.1722299999999999,1.1715300000000002,1.1721949999999999,12538.089845657349,6,0,False,False
2026-01-02 07:00:00-05:00,1.1721300000000001,1.172705,1.1721300000000001,1.1723599999999998,9230.889888055623,7,0,False,False
2026-01-02 08:00:00-05:00,1.17233,1.172885,1.1718549999999999,1.172155,11793.799871690571,8,0,False,False
2026-01-02 09:00:00-05:00,1.172125,1.172955,1.171595,1.172855,9975.239870630205,9,0,False,False
2026-01-02 10:00:00-05:00,1.1730049999999999,1.175115,1.1730049999999999,1.175065,15061.579834796488,10,0,False,True
2026-01-02 11:00:00-05:00,1.17519,1.17519,1.17343,1.173745,12708.929867014289,11,0,False,False
2026-01-02 12:00:00-05:00,1.17364,1.1736849999999999,1.17291,1.1730800000000001,7434.239910155535,12,0,False,False
2026-01-02 13:00:00-05:00,1.17299,1.1730649999999998,1.1715900000000001,1.171905,6279.349931009114,13,0,False,False
2026-01-02 14:00:00-05:00,1.17191,1.1723599999999998,1.1714799999999999,1.17232,5031.529941216111,14,0,False,False
2026-01-02 15:00:00-05:00,1.172285,1.172295,1.17157,1.17177,5363.179934524,15,0,False,False
2026-01-02 16:00:00-05:00,1.1718600000000001,1.1723249999999998,1.1717849999999999,1.17212,3643.8999708369374,16,0,False,False
2026-01-04 17:00:00-05:00,1.1724299999999999,1.1724299999999999,1.17113,1.17113,2031.889977119863,17,0,False,False
2026-01-04 18:00:00-05:00,1.171065,1.1712850000000001,1.17012,1.170525,6676.049925386906,18,0,False,False
2026-01-04 19:00:00-05:00,1.17063,1.1710250000000002,1.1703899999999998,1.1705,7222.7099057510495,19,0,False,False
2026-01-04 20:00:00-05:00,1.17029,1.17072,1.1699950000000001,1.170045,6475.949902743101,20,0,False,False
2026-01-04 21:00:00-05:00,1.17009,1.17011,1.1684299999999999,1.16887,7292.619905844331,21,0,False,False
2026-01-04 22:00:00-05:00,1.16903,1.16903,1.1672600000000002,1.1675399999999998,5874.589930951595,22,0,False,False
2026-01-04 23:00:00-05:00,1.1675200000000001,1.168295,1.1673300000000002,1.1682100000000002,6283.489958964288,23,0,False,False
2026-01-05 00:00:00-05:00,1.168145,1.1685500000000002,1.1680549999999998,1.1685500000000002,4901.809969596565,0,0,True,False
2026-01-05 01:00:00-05:00,1.1685349999999999,1.1691600000000002,1.167945,1.1691099999999999,5340.149939224124,1,0,True,False
2026-01-05 02:00:00-05:00,1.16901,1.16917,1.1684899999999998,1.1686299999999998,8261.319904342294,2,0,True,False
2026-01-05 03:00:00-05:00,1.16853,1.1694499999999999,1.16814,1.168345,18320.63980538398,3,0,True,False
2026-01-05 04:00:00-05:00,1.168415,1.16869,1.16751,1.1682450000000002,8920.689900487661,4,0,True,False
2026-01-05 05:00:00-05:00,1.1682299999999999,1.169,1.1680000000000001,1.169,9920.52989090234,5,0,False,False
2026-01-05 06:00:00-05:00,1.16892,1.1690749999999999,1.168085,1.1681599999999999,11687.309870302677,6,0,False,False
2026-01-05 07:00:00-05:00,1.1680199999999998,1.16849,1.16708,1.16708,8875.029897458851,7,0,False,False
2026-01-05 08:00:00-05:00,1.16713,1.167455,1.16595,1.167455,19822.09980469197,8,0,False,False
2026-01-05 09:00:00-05:00,1.16745,1.1687150000000002,1.167395,1.16858,16547.109802238643,9,0,False,False
2026-01-05 10:00:00-05:00,1.16888,1.1704599999999998,1.1687699999999999,1.1704599999999998,20715.39976361394,10,0,False,True
2026-01-05 11:00:00-05:00,1.1705,1.1718000000000002,1.1705,1.17149,11530.749842099845,11,0,False,False
2026-01-05 12:00:00-05:00,1.17143,1.17198,1.17104,1.1714449999999998,7786.969899736345,12,0,False,False
2026-01-05 13:00:00-05:00,1.17135,1.1725050000000001,1.17135,1.1725050000000001,5248.609944842756,13,0,False,False
2026-01-05 14:00:00-05:00,1.17264,1.1728649999999998,1.17224,1.17272,6104.539937920868,14,0,False,False
2026-01-05 15:00:00-05:00,1.1726999999999999,1.17286,1.1724299999999999,1.1724800000000002,3315.959961220622,15,0,False,False
2026-01-05 16:00:00-05:00,1.1724350000000001,1.1726450000000002,1.1719849999999998,1.172175,2607.609967827797,16,0,False,False
2026-01-05 17:00:00-05:00,1.1721599999999999,1.17225,1.171935,1.171935,2102.549976013601,17,0,False,False
2026-01-05 18:00:00-05:00,1.17208,1.17208,1.171305,1.17145,1405.9299831464887,18,0,False,False
2026-01-05 19:00:00-05:00,1.17168,1.17168,1.17112,1.171675,2827.5299580544233,19,0,False,False
2026-01-05 20:00:00-05:00,1.1719300000000001,1.1725400000000001,1.17129,1.1725400000000001,5969.789924345911,20,0,False,False
2026-01-05 21:00:00-05:00,1.1724999999999999,1.17374,1.1722299999999999,1.17374,4711.67994377017,21,0,False,False
2026-01-05 22:00:00-05:00,1.1737000000000002,1.1738,1.17327,1.173465,4371.2799545452,22,0,False,False
2026-01-05 23:00:00-05:00,1.173485,1.173555,1.17318,1.1733799999999999,3784.15996286273,23,0,False,False
2026-01-06 00:00:00-05:00,1.17334,1.17367,1.17278,1.1728800000000001,5341.279944241047,0,0,True,False
2026-01-06 01:00:00-05:00,1.172975,1.1736849999999999,1.172895,1.173615,7062.399955838919,1,0,True,False
2026-01-06 02:00:00-05:00,1.173705,1.17428,1.172605,1.1729150000000002,11977.839892216027,2,0,True,False
2026-01-06 03:00:00-05:00,1.1729349999999998,1.17381,1.17265,1.172845,12066.89987308532,3,0,True,False
2026-01-06 04:00:00-05:00,1.17289,1.17289,1.170825,1.17133,12385.029874421656,4,0,True,False
2026-01-06 05:00:00-05:00,1.17126,1.1717,1.17089,1.1712799999999999,7268.339908316731,5,0,False,False
2026-01-06 06:00:00-05:00,1.1710500000000001,1.17123,1.17052,1.17063,4848.659935235977,6,0,False,False
2026-01-06 07:00:00-05:00,1.17082,1.1712,1.16981,1.1701350000000001,8160.519911468029,7,0,False,False
2026-01-06 08:00:00-05:00,1.169835,1.17134,1.169835,1.1711049999999998,12534.729849271476,8,0,False,False
2026-01-06 09:00:00-05:00,1.17123,1.17169,1.1701700000000002,1.1709200000000002,13787.509827248752,9,0,False,False
2026-01-06 10:00:00-05:00,1.17077,1.17077,1.16844,1.16953,24111.469741277397,10,0,False,True
2026-01-06 11:00:00-05:00,1.169745,1.1698,1.168655,1.1688200000000002,12319.2198754251,11,0,False,False
2026-01-06 12:00:00-05:00,1.1689850000000002,1.170075,1.1687599999999998,1.170075,8253.929949708283,12,0,False,False
2026-01-06 13:00:00-05:00,1.1701700000000002,1.170195,1.1687500000000002,1.16883,7696.029933840036,13,0,False,False
2026-01-06 14:00:00-05:00,1.16885,1.16903,1.16842,1.1689699999999998,6687.609933823347,14,0,False,False
2026-01-06 15:00:00-05:00,1.1692049999999998,1.169315,1.168695,1.168695,7617.179944001138,15,0,False,False
2026-01-06 16:00:00-05:00,1.16859,1.168895,1.16851,1.168895,4955.499948702753,16,0,False,False
2026-01-06 17:00:00-05:00,1.1688049999999999,1.16885,1.168615,1.1688450000000001,1662.059969253838,17,0,False,False
2026-01-06 18:00:00-05:00,1.16889,1.16905,1.16869,1.16872,1591.0199829563498,18,0,False,False
2026-01-06 19:00:00-05:00,1.1688399999999999,1.16941,1.1685699999999999,1.1691850000000001,7338.74994006753,19,0,False,False
2026-01-06 20:00:00-05:00,1.1692,1.17,1.169005,1.16959,7475.499927915633,20,0,False,False
2026-01-06 21:00:00-05:00,1.169705,1.17023,1.1695449999999998,1.16962,3724.979955814779,21,0,False,False
2026-01-06 22:00:00-05:00,1.169825,1.16998,1.16974,1.16986,2665.3899632915854,22,0,False,False
2026-01-06 23:00:00-05:00,1.16989,1.170185,1.1691150000000001,1.16912,3984.879942752421,23,0,False,False
2026-01-07 00:00:00-05:00,1.1691,1.1694,1.1691,1.169305,3295.5099582746625,0,0,True,False
2026-01-07 01:00:00-05:00,1.1693699999999998,1.169925,1.169245,1.16977,4817.249944970012,1,0,True,False
2026-01-07 02:00:00-05:00,1.169625,1.169825,1.16797,1.168275,9707.979885660112,2,0,True,False
2026-01-07 03:00:00-05:00,1.1682350000000001,1.168655,1.16744,1.16858,10534.669871255755,3,0,True,False
2026-01-07 04:00:00-05:00,1.1684549999999998,1.168685,1.168155,1.16844,6924.809915564954,4,0,True,False
2026-01-07 05:00:00-05:00,1.16859,1.1693600000000002,1.16858,1.1688399999999999,6699.779906466603,5,0,False,False
2026-01-07 06:00:00-05:00,1.16878,1.1692399999999998,1.16853,1.16893,5069.679934635758,6,0,False,False
2026-01-07 07:00:00-05:00,1.169,1.1690399999999999,1.16818,1.16878,6679.669922158122,7,0,False,False
2026-01-07 08:00:00-05:00,1.16858,1.1694,1.16832,1.1691600000000002,10822.119846343994,8,0,False,False
2026-01-07 09:00:00-05:00,1.1693850000000001,1.169815,1.168705,1.1697199999999999,11846.219837725163,9,0,False,False
2026-01-07 10:00:00-05:00,1.16862,1.169785,1.1680199999999998,1.1690200000000002,24114.909698091447,10,0,False,True
2026-01-07 11:00:00-05:00,1.169165,1.16925,1.1682899999999998,1.168935,11180.139894746244,11,0,False,False
2026-01-07 12:00:00-05:00,1.169095,1.169395,1.1686450000000002,1.168795,10612.959920227528,12,0,False,False
2026-01-07 13:00:00-05:00,1.168675,1.1690399999999999,1.1682899999999998,1.1683,9062.209915578365,13,0,False,False
2026-01-07 14:00:00-05:00,1.16835,1.16852,1.1679300000000001,1.16824,9146.179926805198,14,0,False,False
2026-01-07 15:00:00-05:00,1.16819,1.16837,1.1679,1.1679,4051.939960949123,15,0,False,False
2026-01-07 16:00:00-05:00,1.1678000000000002,1.1678000000000002,1.167385,1.167385,2829.359978914261,16,0,False,False
2026-01-07 17:00:00-05:00,1.1674950000000002,1.16778,1.167415,1.167735,1343.9399724900723,17,0,False,False
2026-01-07 18:00:00-05:00,1.167645,1.1677149999999998,1.16751,1.167685,1680.3599862605333,18,0,False,False
2026-01-07 19:00:00-05:00,1.167685,1.1678000000000002,1.16758,1.16758,1549.2699740454555,19,0,False,False
2026-01-07 20:00:00-05:00,1.1675200000000001,1.16777,1.16731,1.1674799999999999,3035.3699569031596,20,0,False,False
2026-01-07 21:00:00-05:00,1.16757,1.168045,1.1672799999999999,1.16803,3257.8599606081843,21,0,False,False
2026-01-07 22:00:00-05:00,1.16804,1.16825,1.1678899999999999,1.1680000000000001,2803.0799646526575,22,0,False,False
2026-01-07 23:00:00-05:00,1.16795,1.1681050000000002,1.1678000000000002,1.168035,1914.2599755302072,23,0,False,False
2026-01-08 00:00:00-05:00,1.16808,1.1682700000000001,1.167785,1.16825,3225.0999570935965,0,0,True,False
2026-01-08 01:00:00-05:00,1.16819,1.1682899999999998,1.167535,1.1681650000000001,4515.62993311882,1,0,True,False
2026-01-08 02:00:00-05:00,1.1681949999999999,1.16824,1.16776,1.16779,6876.349908821285,2,0,True,False
2026-01-08 03:00:00-05:00,1.1676250000000001,1.16785,1.1669399999999999,1.1671399999999998,7706.5998958051205,3,0,True,False
2026-01-08 04:00:00-05:00,1.1669900000000002,1.16769,1.1669900000000002,1.16769,6217.7699211239815,4,0,True,False
2026-01-08 05:00:00-05:00,1.1678449999999998,1.16808,1.167605,1.16798,5827.2299186214805,5,0,False,False
2026-01-08 06:00:00-05:00,1.16791,1.167995,1.16756,1.16776,3801.2399486377835,6,0,False,False
2026-01-08 07:00:00-05:00,1.1676199999999999,1.16767,1.16708,1.167325,4444.309938929975,7,0,False,False
2026-01-08 08:00:00-05:00,1.1674099999999998,1.167725,1.16591,1.16628,11083.069860614836,8,0,False,False
2026-01-08 09:00:00-05:00,1.16625,1.166615,1.1656900000000001,1.166455,11306.109851069748,9,0,False,False
2026-01-08 10:00:00-05:00,1.1663700000000001,1.1672500000000001,1.1661450000000002,1.16665,11720.70984210819,10,0,False,True
2026-01-08 11:00:00-05:00,1.16656,1.1666850000000002,1.1652900000000002,1.1654499999999999,9588.379884764552,11,0,False,False
2026-01-08 12:00:00-05:00,1.16528,1.16552,1.16444,1.1650800000000001,8087.969925068319,12,0,False,False
2026-01-08 14:00:00-05:00,1.164335,1.1650649999999998,1.164335,1.1650200000000002,4312.9699499979615,14,0,False,False
2026-01-08 15:00:00-05:00,1.16506,1.16543,1.16503,1.1651150000000001,3633.0899660736322,15,0,False,False
2026-01-08 16:00:00-05:00,1.165085,1.166255,1.165085,1.16594,4558.409960284829,16,0,False,False
2026-01-08 17:00:00-05:00,1.16596,1.1659950000000001,1.16575,1.16589,1700.9099660888314,17,0,False,False
2026-01-08 18:00:00-05:00,1.1660949999999999,1.1662050000000002,1.16566,1.165815,1402.6099832430482,18,0,False,False
2026-01-08 19:00:00-05:00,1.165715,1.1657600000000001,1.16537,1.16537,1860.5799649208784,19,0,False,False
2026-01-08 20:00:00-05:00,1.1653950000000002,1.16566,1.16488,1.16491,4921.909925162792,20,0,False,False
2026-01-08 21:00:00-05:00,1.1650399999999999,1.16546,1.16462,1.16544,3934.379948735237,21,0,False,False
2026-01-08 22:00:00-05:00,1.1655,1.165875,1.16541,1.16562,2543.0699670910835,22,0,False,False
2026-01-08 23:00:00-05:00,1.1656900000000001,1.1656900000000001,1.165225,1.16543,2271.0699665769935,23,0,False,False
2026-01-09 00:00:00-05:00,1.1654849999999999,1.16561,1.165025,1.16513,2412.8499681204557,0,0,True,False
2026-01-09 01:00:00-05:00,1.16499,1.16526,1.16486,1.1649,3193.459952093661,1,0,True,False
2026-01-09 02:00:00-05:00,1.164725,1.1650800000000001,1.16408,1.1650800000000001,6146.049920015037,2,0,True,False
2026-01-09 03:00:00-05:00,1.1651600000000002,1.165285,1.1642100000000002,1.164895,8756.799904063344,3,0,True,False
2026-01-09 04:00:00-05:00,1.1648200000000002,1.164965,1.16424,1.16424,4943.9199396669865,4,0,True,False
2026-01-09 05:00:00-05:00,1.164285,1.16469,1.16395,1.16469,5052.439938396215,5,0,False,False
2026-01-09 06:00:00-05:00,1.1646,1.1646299999999998,1.1642100000000002,1.1646100000000001,4262.7699558883905,6,0,False,False
2026-01-09 07:00:00-05:00,1.16451,1.1646100000000001,1.1640199999999998,1.164135,5876.539916738868,7,0,False,False
2026-01-09 08:00:00-05:00,1.16425,1.1658650000000002,1.1639249999999999,1.1645150000000002,23397.62965708971,8,0,False,False
2026-01-09 09:00:00-05:00,1.16482,1.1651699999999998,1.16302,1.163665,26819.849657721817,9,0,False,False
2026-01-09 10:00:00-05:00,1.1634799999999998,1.16406,1.161875,1.16406,21778.05970557034,10,0,False,True
2026-01-09 11:00:00-05:00,1.16412,1.16428,1.162845,1.163335,11659.899860709906,11,0,False,False
2026-01-09 12:00:00-05:00,1.16324,1.16333,1.1627800000000001,1.163175,8429.37990744412,12,0,False,False
2026-01-09 13:00:00-05:00,1.1631900000000002,1.163935,1.1631399999999998,1.1634,5137.199935466051,13,0,False,False
2026-01-09 14:00:00-05:00,1.1633399999999998,1.16384,1.1633399999999998,1.1634799999999998,3672.2499577254057,14,0,False,False
2026-01-09 15:00:00-05:00,1.16344,1.163725,1.16342,1.16347,2656.2199745476246,15,0,False,False
2026-01-09 16:00:00-05:00,1.16343,1.16368,1.163005,1.163425,2641.4899673312902,16,0,False,False
2026-01-11 17:00:00-05:00,1.1633149999999999,1.1635900000000001,1.16303,1.16322,2625.519991673529,17,0,False,False
2026-01-11 18:00:00-05:00,1.163305,1.163305,1.162325,1.162375,1742.5899765267968,18,0,False,False
2026-01-11 19:00:00-05:00,1.16254,1.16647,1.16222,1.16647,10879.869856022298,19,0,False,False
2026-01-11 20:00:00-05:00,1.16647,1.1671200000000002,1.165585,1.165605,9502.609856672585,20,0,False,False
2026-01-11 21:00:00-05:00,1.16564,1.1663899999999998,1.1654749999999998,1.1654749999999998,5433.339930132031,21,0,False,False
2026-01-11 22:00:00-05:00,1.16559,1.16589,1.16553,1.16553,3209.809959754348,22,0,False,False
2026-01-11 23:00:00-05:00,1.165535,1.16582,1.16534,1.165575,2232.3499722331762,23,0,False,False
2026-01-12 00:00:00-05:00,1.1656149999999998,1.167025,1.1656149999999998,1.16692,3993.22995056957,0,0,True,False
2026-01-12 01:00:00-05:00,1.16689,1.1672799999999999,1.166465,1.166985,5316.34993096441,1,0,True,False
2026-01-12 02:00:00-05:00,1.16703,1.168625,1.166995,1.168495,10323.31986618042,2,0,True,False
2026-01-12 03:00:00-05:00,1.16853,1.1690800000000001,1.1676250000000001,1.168815,11418.26987299323,3,0,True,False
2026-01-12 04:00:00-05:00,1.1685400000000001,1.16954,1.16819,1.16819,8574.199898093939,4,0,True,False
2026-01-12 05:00:00-05:00,1.1681750000000002,1.168545,1.16765,1.168545,7315.639910012484,5,0,False,False
2026-01-12 06:00:00-05:00,1.1685150000000002,1.16889,1.167615,1.1678600000000001,8996.159911565483,6,0,False,False
2026-01-12 07:00:00-05:00,1.16783,1.168755,1.16779,1.168135,7578.7899057641625,7,0,False,False
2026-01-12 08:00:00-05:00,1.167995,1.16975,1.16784,1.1692900000000002,11734.089856758714,8,0,False,False
2026-01-12 09:00:00-05:00,1.1691449999999999,1.1691449999999999,1.16756,1.167695,16563.94980968535,9,0,False,False
2026-01-12 10:00:00-05:00,1.1676600000000001,1.1685050000000001,1.1673200000000001,1.16812,13103.809848695993,10,0,False,True
2026-01-12 11:00:00-05:00,1.168145,1.168145,1.167195,1.167195,8331.979909516871,11,0,False,False
2026-01-12 12:00:00-05:00,1.167165,1.16757,1.1666500000000002,1.166855,8207.65992283076,12,0,False,False
2026-01-12 13:00:00-05:00,1.166785,1.16713,1.166575,1.166895,5652.829952292144,13,0,False,False
2026-01-12 14:00:00-05:00,1.16684,1.1673499999999999,1.16684,1.167205,3056.9499688744545,14,0,False,False
2026-01-12 15:00:00-05:00,1.16715,1.167255,1.166355,1.16652,4390.789961569011,15,0,False,False
2026-01-12 16:00:00-05:00,1.16652,1.166875,1.1664349999999999,1.166715,3114.809979878366,16,0,False,False
2026-01-12 17:00:00-05:00,1.166805,1.16697,1.166715,1.16688,3282.3499410003424,17,0,False,False
2026-01-12 18:00:00-05:00,1.166715,1.1669100000000001,1.166575,1.166755,2726.5199661180377,18,0,False,False
2026-01-12 19:00:00-05:00,1.1667,1.16673,1.166105,1.1663700000000001,2991.299955546856,19,0,False,False
2026-01-12 20:00:00-05:00,1.16641,1.16645,1.1658050000000002,1.165845,3943.699940174818,20,0,False,False
2026-01-12 21:00:00-05:00,1.16586,1.166115,1.1657,1.1659000000000002,2623.1299571841955,21,0,False,False
2026-01-12 22:00:00-05:00,1.1659549999999999,1.16636,1.16568,1.165875,2512.8299645110965,22,0,False,False
2026-01-12 23:00:00-05:00,1.165915,1.16656,1.165905,1.166555,3205.9299529716372,23,0,False,False
2026-01-13 00:00:00-05:00,1.1665,1.16673,1.1662,1.16627,2736.5399627014995,0,0,True,False
2026-01-13 01:00:00-05:00,1.16623,1.16623,1.165405,1.16589,4374.929928392172,1,0,True,False
2026-01-13 02:00:00-05:00,1.16578,1.166485,1.1656499999999999,1.1664050000000001,9107.859885200858,2,0,True,False
2026-01-13 03:00:00-05:00,1.16629,1.1669100000000001,1.1659000000000002,1.1669100000000001,11150.469899304211,3,0,True,False
2026-01-13 04:00:00-05:00,1.166805,1.167195,1.1664050000000001,1.167185,9015.739930965006,4,0,True,False
2026-01-13 05:00:00-05:00,1.16742,1.16742,1.166555,1.1666349999999999,6951.6799395009875,5,0,False,False
2026-01-13 06:00:00-05:00,1.16661,1.1670449999999999,1.16647,1.166865,4723.739953279495,6,0,False,False
2026-01-13 07:00:00-05:00,1.166775,1.166795,1.165405,1.1655250000000001,8683.57991913706,7,0,False,False
2026-01-13 08:00:00-05:00,1.16547,1.16764,1.165085,1.166845,22931.77969737351,8,0,False,False
2026-01-13 09:00:00-05:00,1.16697,1.167145,1.1658650000000002,1.166395,17067.17979133129,9,0,False,False
2026-01-13 10:00:00-05:00,1.166255,1.166255,1.16445,1.1651950000000002,18391.859796352684,10,0,False,True
2026-01-13 11:00:00-05:00,1.1654149999999999,1.1654149999999999,1.1635550000000001,1.16458,12735.319852977991,11,0,False,False
2026-01-13 12:00:00-05:00,1.164705,1.1648649999999998,1.1641599999999999,1.1646,6760.21992085129,12,0,False,False
2026-01-13 13:00:00-05:00,1.164625,1.1654200000000001,1.1642450000000002,1.1653250000000002,5184.73995411396,13,0,False,False
2026-01-13 14:00:00-05:00,1.16534,1.16534,1.16465,1.16492,4203.919962145388,14,0,False,False
2026-01-13 15:00:00-05:00,1.164985,1.1649850000000002,1.1645349999999999,1.164555,4191.239963509142,15,0,False,False
2026-01-13 16:00:00-05:00,1.164605,1.16464,1.1642350000000001,1.1642350000000001,2333.419980160892,16,0,False,False
2026-01-13 17:00:00-05:00,1.164285,1.16452,1.1642649999999999,1.1645150000000002,3701.829966723919,17,0,False,False
2026-01-13 18:00:00-05:00,1.164405,1.164555,1.16421,1.16421,1548.539983086288,18,0,False,False
2026-01-13 19:00:00-05:00,1.1642700000000001,1.164345,1.16384,1.164295,3181.059961013496,19,0,False,False
2026-01-13 20:00:00-05:00,1.1641400000000002,1.1641400000000002,1.1637149999999998,1.163815,3668.419948838651,20,0,False,False
2026-01-13 21:00:00-05:00,1.16387,1.164415,1.16363,1.164365,3103.5499573946,21,0,False,False
2026-01-13 22:00:00-05:00,1.164415,1.1648649999999998,1.164415,1.164695,2598.219967879355,22,0,False,False
2026-01-13 23:00:00-05:00,1.1647500000000002,1.164795,1.164365,1.1644100000000002,1979.5999775230885,23,0,False,False
2026-01-14 00:00:00-05:00,1.16446,1.1645050000000001,1.16418,1.1642000000000001,2073.0199762284756,0,0,True,False
2026-01-14 01:00:00-05:00,1.164155,1.16496,1.164155,1.164905,3340.179958343506,1,0,True,False
2026-01-14 02:00:00-05:00,1.1648049999999999,1.1652,1.164485,1.1646100000000001,5171.039939053357,2,0,True,False
2026-01-14 03:00:00-05:00,1.1645949999999998,1.165035,1.16417,1.164755,11249.909850917757,3,0,True,False
2026-01-14 04:00:00-05:00,1.16473,1.1653850000000001,1.164615,1.1651950000000002,7344.29991298914,4,0,True,False
2026-01-14 05:00:00-05:00,1.165015,1.165735,1.1648,1.1655099999999998,8741.02991054207,5,0,False,False
2026-01-14 06:00:00-05:00,1.1654200000000001,1.165435,1.164495,1.164695,7810.3799214065075,6,0,False,False
2026-01-14 07:00:00-05:00,1.165155,1.165975,1.1645150000000002,1.165975,11513.599872246385,7,0,False,False
2026-01-14 08:00:00-05:00,1.1658,1.16584,1.164605,1.16501,13315.109844215214,8,0,False,False
2026-01-14 09:00:00-05:00,1.164975,1.16592,1.164905,1.1656,17855.24980160594,9,0,False,False
2026-01-14 10:00:00-05:00,1.1654049999999998,1.1659950000000001,1.165025,1.1659950000000001,18224.029778830707,10,0,False,True
2026-01-14 11:00:00-05:00,1.166035,1.1661350000000001,1.1653099999999998,1.16546,9536.099901407957,11,0,False,False
2026-01-14 12:00:00-05:00,1.1654149999999999,1.165535,1.1646,1.164675,7875.729925200343,12,0,False,False
2026-01-14 13:00:00-05:00,1.164665,1.16471,1.163805,1.163805,5624.689944416285,13,0,False,False
2026-01-14 14:00:00-05:00,1.163865,1.1638950000000001,1.1635650000000002,1.1636250000000001,4238.95995298028,14,0,False,False
2026-01-14 15:00:00-05:00,1.163705,1.164685,1.163705,1.16433,8010.2199331223965,15,0,False,False
2026-01-14 16:00:00-05:00,1.164475,1.164635,1.1642649999999999,1.16443,3756.249963901937,16,0,False,False
2026-01-14 17:00:00-05:00,1.1643949999999998,1.164675,1.1643949999999998,1.164445,3194.319953709841,17,0,False,False
2026-01-14 18:00:00-05:00,1.1644999999999999,1.164695,1.164495,1.1644999999999999,2818.029969006777,18,0,False,False
2026-01-14 19:00:00-05:00,1.16448,1.164555,1.163575,1.163775,4955.719956383109,19,0,False,False
2026-01-14 20:00:00-05:00,1.163955,1.16419,1.163385,1.16387,8781.24990851432,20,0,False,False
2026-01-14 21:00:00-05:00,1.16385,1.164085,1.16366,1.164015,3287.449959166348,21,0,False,False
2026-01-14 22:00:00-05:00,1.163995,1.164145,1.16371,1.163885,4209.96996165067,22,0,False,False
2026-01-14 23:00:00-05:00,1.1639,1.1639,1.16344,1.163465,3013.209969446063,23,0,False,False
2026-01-15 00:00:00-05:00,1.163415,1.163775,1.163415,1.1635300000000002,3071.6099628582597,0,0,True,False
2026-01-15 01:00:00-05:00,1.163525,1.163815,1.163005,1.1633149999999999,5977.409939847887,1,0,True,False
2026-01-15 02:00:00-05:00,1.1633650000000002,1.16364,1.1627,1.1629,8946.189896062016,2,0,True,False
2026-01-15 03:00:00-05:00,1.162855,1.163545,1.1627049999999999,1.163095,7566.179910130799,3,0,True,False
2026-01-15 04:00:00-05:00,1.16313,1.1639650000000001,1.163065,1.1635849999999999,7564.839906089008,4,0,True,False
2026-01-15 05:00:00-05:00,1.163665,1.164035,1.1633499999999999,1.163575,6893.30991448462,5,0,False,False
2026-01-15 06:00:00-05:00,1.163545,1.1637650000000002,1.1630449999999999,1.163095,5790.949930772185,6,0,False,False
2026-01-15 07:00:00-05:00,1.163185,1.163485,1.162105,1.1622750000000002,6700.299929983914,7,0,False,False
2026-01-15 08:00:00-05:00,1.162105,1.1624949999999998,1.159915,1.160135,18131.559795446694,8,0,False,False
2026-01-15 09:00:00-05:00,1.159825,1.1609850000000002,1.1593900000000001,1.16011,17113.42980067432,9,0,False,False
2026-01-15 10:00:00-05:00,1.16012,1.160905,1.15981,1.1602299999999999,14497.909819416702,10,0,False,True
2026-01-15 11:00:00-05:00,1.16017,1.16105,1.159905,1.1604649999999999,9503.98991534859,11,0,False,False
2026-01-15 12:00:00-05:00,1.1604649999999999,1.161335,1.160385,1.160895,5881.8999453336,12,0,False,False
2026-01-15 13:00:00-05:00,1.160975,1.1615099999999998,1.160975,1.16148,5117.929954089224,13,0,False,False
2026-01-15 14:00:00-05:00,1.1614499999999999,1.1617350000000002,1.161195,1.161375,4560.96995485574,14,0,False,False
2026-01-15 15:00:00-05:00,1.16137,1.161545,1.1603249999999998,1.160425,5312.629964999855,15,0,False,False
2026-01-15 16:00:00-05:00,1.16034,1.1610749999999999,1.16034,1.1608299999999998,3155.9499707967043,16,0,False,False
2026-01-15 17:00:00-05:00,1.160835,1.160965,1.160625,1.16072,1456.9699772894382,17,0,False,False
2026-01-15 18:00:00-05:00,1.1608200000000002,1.16101,1.16073,1.1608999999999998,1971.7499771043658,18,0,False,False
2026-01-15 19:00:00-05:00,1.1608999999999998,1.16092,1.16031,1.160385,4779.249956682324,19,0,False,False
2026-01-15 20:00:00-05:00,1.160355,1.1608399999999999,1.1602649999999999,1.16069,3782.0799619853497,20,0,False,False
2026-01-15 21:00:00-05:00,1.160725,1.16141,1.16066,1.160955,5230.6599411815405,21,0,False,False
2026-01-15 22:00:00-05:00,1.1609699999999998,1.161255,1.16074,1.161225,4302.119971945882,22,0,False,False
2026-01-15 23:00:00-05:00,1.161225,1.161365,1.1610200000000002,1.161085,2604.8799906373024,23,0,False,False
2026-01-16 00:00:00-05:00,1.1610749999999999,1.1610999999999998,1.1606100000000001,1.1606800000000002,2943.4499837458134,0,0,True,False
2026-01-16 01:00:00-05:00,1.16071,1.16096,1.16045,1.16096,3031.3699668347836,1,0,True,False
2026-01-16 02:00:00-05:00,1.1611950000000002,1.1614200000000001,1.16086,1.161205,8764.409926861525,2,0,True,False
2026-01-16 03:00:00-05:00,1.161285,1.1613850000000001,1.16093,1.16093,10311.399909369648,3,0,True,False
2026-01-16 04:00:00-05:00,1.160825,1.161445,1.160825,1.1608450000000001,8673.51993983984,4,0,True,False
2026-01-16 05:00:00-05:00,1.16098,1.1617199999999999,1.1608450000000001,1.161305,7802.719938844442,5,0,False,False
2026-01-16 06:00:00-05:00,1.1613850000000001,1.162275,1.1613850000000001,1.161925,10177.149952195585,6,0,False,False
2026-01-16 07:00:00-05:00,1.1620599999999999,1.162175,1.1613950000000002,1.161915,11849.139922343194,7,0,False,False
2026-01-16 08:00:00-05:00,1.16187,1.16212,1.1612049999999998,1.161855,15246.359902203083,8,0,False,False
2026-01-16 09:00:00-05:00,1.161765,1.1620050000000002,1.1613,1.1618249999999999,14139.769911698997,9,0,False,False
2026-01-16 10:00:00-05:00,1.16194,1.16261,1.158685,1.1593550000000001,34102.029733106494,10,0,False,True
2026-01-16 11:00:00-05:00,1.159665,1.1605400000000001,1.159665,1.1598350000000002,20197.529878214,11,0,False,False
2026-01-16 12:00:00-05:00,1.159795,1.160275,1.159545,1.159575,8508.639949284494,12,0,False,False
2026-01-16 13:00:00-05:00,1.1595650000000002,1.1598899999999999,1.15897,1.1595550000000001,5938.8399693369865,13,0,False,False
2026-01-16 14:00:00-05:00,1.159435,1.159725,1.1591550000000002,1.159635,5932.649968385696,14,0,False,False
2026-01-16 15:00:00-05:00,1.159685,1.160225,1.15958,1.1599499999999998,3587.4299781918526,15,0,False,False
2026-01-16 16:00:00-05:00,1.16008,1.1602299999999999,1.1597650000000002,1.15979,4377.7199792563915,16,0,False,False
2026-01-18 17:00:00-05:00,1.15836,1.15868,1.15786,1.158505,2625.9599638581276,17,0,False,False
2026-01-18 18:00:00-05:00,1.15877,1.1626400000000001,1.158665,1.162445,14531.429850190878,18,0,False,False
2026-01-18 19:00:00-05:00,1.162305,1.1636449999999998,1.160695,1.1631900000000002,19077.639828309417,19,0,False,False
2026-01-18 20:00:00-05:00,1.1631049999999998,1.16326,1.16223,1.1622599999999998,10449.629896014929,20,0,False,False
2026-01-18 21:00:00-05:00,1.1622249999999998,1.16229,1.161585,1.1617600000000001,7703.679919153452,21,0,False,False
2026-01-18 22:00:00-05:00,1.1618050000000002,1.1626150000000002,1.1616300000000002,1.162465,4218.689941376448,22,0,False,False
2026-01-18 23:00:00-05:00,1.16269,1.16337,1.162585,1.1633149999999999,3462.119947552681,23,0,False,False
2026-01-19 00:00:00-05:00,1.1633499999999999,1.16374,1.1627049999999999,1.16275,7845.819951802492,0,0,True,False
2026-01-19 01:00:00-05:00,1.1628500000000002,1.163225,1.16259,1.162785,7666.579939484596,1,0,True,False
2026-01-19 02:00:00-05:00,1.16286,1.163995,1.16232,1.16261,14421.149880692363,2,0,True,False
2026-01-19 03:00:00-05:00,1.162655,1.1627800000000001,1.161905,1.162505,13049.349900186062,3,0,True,False
2026-01-19 04:00:00-05:00,1.162655,1.1628850000000002,1.16114,1.1624349999999999,12234.659891448915,4,0,True,False
2026-01-19 05:00:00-05:00,1.162395,1.162855,1.162225,1.162405,7697.579943418503,5,0,False,False
2026-01-19 06:00:00-05:00,1.162385,1.16289,1.1620400000000002,1.162785,7392.789951734245,6,0,False,False
2026-01-19 07:00:00-05:00,1.162735,1.163305,1.16254,1.1625649999999998,7196.2199416309595,7,0,False,False
2026-01-19 08:00:00-05:00,1.162745,1.16354,1.162745,1.163195,8315.999928623438,8,0,False,False
2026-01-19 09:00:00-05:00,1.163135,1.1642299999999999,1.163095,1.1639849999999998,8692.629924885929,9,0,False,False
2026-01-19 10:00:00-05:00,1.1640000000000001,1.164275,1.1632349999999998,1.1640000000000001,13148.70991898328,10,0,False,True
2026-01-19 11:00:00-05:00,1.163915,1.164725,1.16379,1.1642000000000001,6292.109965659678,11,0,False,False
2026-01-19 12:00:00-05:00,1.1641650000000001,1.1646299999999998,1.164025,1.164595,3058.8699812293053,12,0,False,False
2026-01-19 13:00:00-05:00,1.164665,1.16487,1.16433,1.16433,1645.8599867522717,13,0,False,False
2026-01-19 14:00:00-05:00,1.164285,1.1646800000000002,1.164275,1.164315,1139.8799901604652,14,0,False,False
2026-01-19 15:00:00-05:00,1.164345,1.164535,1.16419,1.164535,2286.369992107153,15,0,False,False
2026-01-19 16:00:00-05:00,1.164495,1.1646450000000002,1.164305,1.164565,1487.1599847972393,16,0,False,False
2026-01-19 17:00:00-05:00,1.164485,1.164745,1.1643949999999998,1.1645400000000001,818.0199845954776,17,0,False,False
2026-01-19 18:00:00-05:00,1.16463,1.16463,1.163875,1.1639499999999998,1902.9299780130386,18,0,False,False
2026-01-19 19:00:00-05:00,1.163955,1.16404,1.163275,1.16404,3311.1599563360214,19,0,False,False
2026-01-19 20:00:00-05:00,1.164115,1.16439,1.1639050000000002,1.16439,6368.27992554754,20,0,False,False
2026-01-19 21:00:00-05:00,1.164365,1.164625,1.164085,1.164435,4669.819954141974,21,0,False,False
2026-01-19 22:00:00-05:00,1.16445,1.16582,1.164435,1.165655,5586.369965046644,22,0,False,False
2026-01-19 23:00:00-05:00,1.165705,1.166585,1.165615,1.1665649999999999,5551.809950746596,23,0,False,False
2026-01-20 00:00:00-05:00,1.166595,1.167165,1.1663199999999998,1.1663199999999998,6155.259960114956,0,0,True,False
2026-01-20 01:00:00-05:00,1.16628,1.166875,1.16623,1.166855,6942.339947000146,1,0,True,False
2026-01-20 02:00:00-05:00,1.16675,1.169355,1.1664750000000002,1.16888,20001.149862274528,2,0,True,False
2026-01-20 03:00:00-05:00,1.168885,1.17203,1.168885,1.17164,26497.859789527953,3,0,True,False
2026-01-20 04:00:00-05:00,1.17179,1.173185,1.17165,1.17262,23854.06983345747,4,0,True,False
2026-01-20 05:00:00-05:00,1.172895,1.173175,1.171655,1.1731099999999999,18502.629832208157,5,0,False,False
2026-01-20 06:00:00-05:00,1.1731,1.173855,1.1723,1.173495,11777.659869074821,6,0,False,False
2026-01-20 07:00:00-05:00,1.1734550000000001,1.17431,1.172595,1.172595,17299.42987614125,7,0,False,False
2026-01-20 08:00:00-05:00,1.172765,1.1749,1.1720000000000002,1.1733449999999999,30881.819732241333,8,0,False,False
2026-01-20 09:00:00-05:00,1.1734550000000001,1.1734550000000001,1.171755,1.17192,38466.7197676599,9,0,False,False
2026-01-20 10:00:00-05:00,1.1718000000000002,1.17368,1.171735,1.172715,24198.599807351828,10,0,False,True
2026-01-20 11:00:00-05:00,1.1728649999999998,1.17389,1.17278,1.17389,17867.04989248514,11,0,False,False
2026-01-20 12:00:00-05:00,1.173835,1.174215,1.17298,1.173155,11881.899945691228,12,0,False,False
2026-01-20 13:00:00-05:00,1.173165,1.1733799999999999,1.172665,1.172665,7994.609958350658,13,0,False,False
2026-01-20 14:00:00-05:00,1.17267,1.17267,1.17124,1.17124,11931.949933797121,14,0,False,False
2026-01-20 15:00:00-05:00,1.1712500000000001,1.172005,1.17111,1.17196,10808.069936662912,15,0,False,False
2026-01-20 16:00:00-05:00,1.17182,1.17265,1.17182,1.1724450000000002,4181.929980009794,16,0,False,False
2026-01-20 17:00:00-05:00,1.17246,1.1726100000000002,1.1722700000000001,1.1722700000000001,2461.2799633145332,17,0,False,False
2026-01-20 18:00:00-05:00,1.17242,1.172875,1.172215,1.17272,3156.9099766910076,18,0,False,False
2026-01-20 19:00:00-05:00,1.17237,1.172555,1.171685,1.1723750000000002,5347.16994908452,19,0,False,False
2026-01-20 20:00:00-05:00,1.1724100000000002,1.1733799999999999,1.17232,1.1728999999999998,8283.419928394258,20,0,False,False
2026-01-20 21:00:00-05:00,1.172865,1.173085,1.17244,1.17265,5439.109957456589,21,0,False,False
2026-01-20 22:00:00-05:00,1.17271,1.1727349999999999,1.171115,1.171885,7587.789916627109,22,0,False,False
2026-01-20 23:00:00-05:00,1.1718950000000001,1.17198,1.1714250000000002,1.1718199999999999,4174.9399546682835,23,0,False,False
2026-01-21 00:00:00-05:00,1.17184,1.17215,1.1715900000000001,1.171745,5856.429970309138,0,0,True,False
2026-01-21 01:00:00-05:00,1.171605,1.1724350000000001,1.1715900000000001,1.172385,5759.519944049418,1,0,True,False
2026-01-21 02:00:00-05:00,1.17204,1.1724350000000001,1.17104,1.17171,14002.839885011315,2,0,True,False
2026-01-21 03:00:00-05:00,1.1717149999999998,1.1717149999999998,1.170525,1.171035,14085.859909564257,3,0,True,False
2026-01-21 04:00:00-05:00,1.17103,1.171265,1.170175,1.1703549999999998,9319.009917706251,4,0,True,False
2026-01-21 05:00:00-05:00,1.170385,1.170785,1.17025,1.1707,10458.029927551746,5,0,False,False
2026-01-21 06:00:00-05:00,1.17061,1.17194,1.170485,1.171415,10564.079927116632,6,0,False,False
2026-01-21 07:00:00-05:00,1.1713550000000001,1.173495,1.171255,1.17348,11379.639905773103,7,0,False,False
2026-01-21 08:00:00-05:00,1.173445,1.17423,1.172925,1.1739600000000001,13655.579868972301,8,0,False,False
2026-01-21 09:00:00-05:00,1.174035,1.174035,1.17169,1.172485,28534.989657357335,9,0,False,False
2026-01-21 10:00:00-05:00,1.172365,1.172795,1.1700849999999998,1.1702,22678.489760555327,10,0,False,True
2026-01-21 11:00:00-05:00,1.170315,1.17102,1.16961,1.1703350000000001,19501.959813959897,11,0,False,False
2026-01-21 12:00:00-05:00,1.1704050000000001,1.17113,1.169775,1.1702849999999998,13005.849879480898,12,0,False,False
2026-01-21 13:00:00-05:00,1.170215,1.17028,1.1694,1.1696849999999999,7973.359939567745,13,0,False,False
2026-01-21 14:00:00-05:00,1.1695250000000001,1.170465,1.1678250000000001,1.1691449999999999,19930.359804190695,14,0,False,False
2026-01-21 15:00:00-05:00,1.168885,1.1689500000000002,1.167735,1.16869,9148.309914961457,15,0,False,False
2026-01-21 16:00:00-05:00,1.16867,1.168945,1.168385,1.168385,3654.789956346154,16,0,False,False
2026-01-21 17:00:00-05:00,1.168455,1.1686649999999998,1.1684100000000002,1.1685349999999999,2504.87995159626,17,0,False,False
2026-01-21 18:00:00-05:00,1.16848,1.168525,1.16717,1.16729,3322.5099545046687,18,0,False,False
2026-01-21 19:00:00-05:00,1.167375,1.168975,1.167375,1.168745,6225.009914629161,19,0,False,False
2026-01-21 20:00:00-05:00,1.1687349999999999,1.168995,1.1682350000000001,1.168885,6041.319926768541,20,0,False,False
2026-01-21 21:00:00-05:00,1.1688450000000001,1.1693600000000002,1.1683750000000002,1.1685750000000001,4087.5299514755607,21,0,False,False
2026-01-21 22:00:00-05:00,1.1685599999999998,1.16903,1.168545,1.1688999999999998,2383.5499647557735,22,0,False,False
2026-01-21 23:00:00-05:00,1.1690049999999998,1.16967,1.1690049999999998,1.169155,2978.989965379238,23,0,False,False
2026-01-22 00:00:00-05:00,1.1691099999999999,1.169175,1.16848,1.168835,3583.4899486526847,0,0,True,False
2026-01-22 01:00:00-05:00,1.16886,1.1691850000000001,1.168495,1.1688649999999998,5097.429937794805,1,0,True,False
2026-01-22 02:00:00-05:00,1.168785,1.1695950000000002,1.16853,1.1690649999999998,8757.289900921285,2,0,True,False
2026-01-22 03:00:00-05:00,1.168955,1.1694749999999998,1.168515,1.168895,11033.069887809455,3,0,True,False
2026-01-22 04:00:00-05:00,1.1688100000000001,1.169645,1.1688100000000001,1.169265,9421.939911544323,4,0,True,False
2026-01-22 05:00:00-05:00,1.1694049999999998,1.169535,1.1686999999999999,1.169535,7013.099919952452,5,0,False,False
2026-01-22 06:00:00-05:00,1.16936,1.1703899999999998,1.1693500000000001,1.170235,12342.059877157211,6,0,False,False
2026-01-22 07:00:00-05:00,1.170245,1.1709049999999999,1.1700499999999998,1.17039,8601.179914593697,7,0,False,False
2026-01-22 08:00:00-05:00,1.170315,1.17177,1.170315,1.171385,13941.42984071374,8,0,False,False
2026-01-22 09:00:00-05:00,1.171525,1.172485,1.1712150000000001,1.17198,15449.369842477143,9,0,False,False
2026-01-22 10:00:00-05:00,1.172045,1.1734,1.1719249999999999,1.1734,14176.149841353297,10,0,False,True
2026-01-22 11:00:00-05:00,1.173445,1.1749800000000001,1.173445,1.17388,15506.039883874357,11,0,False,False
2026-01-22 12:00:00-05:00,1.17388,1.174775,1.1730049999999999,1.174655,11312.649873837829,12,0,False,False
2026-01-22 13:00:00-05:00,1.17449,1.1748349999999999,1.174385,1.174755,6816.249928638339,13,0,False,False
2026-01-22 14:00:00-05:00,1.174785,1.174785,1.17414,1.1744050000000001,5176.48995167017,14,0,False,False
2026-01-22 15:00:00-05:00,1.1743100000000002,1.1752850000000001,1.174235,1.17489,5432.533753477037,15,0,False,False
2026-01-22 16:00:00-05:00,1.17489,1.17557,1.174725,1.1754449999999999,3657.5199615359306,16,0,False,False
2026-01-22 17:00:00-05:00,1.1753149999999999,1.17566,1.17517,1.1755900000000001,1649.5799722671509,17,0,False,False
2026-01-22 18:00:00-05:00,1.175695,1.175905,1.175345,1.1753900000000002,1849.5599723756313,18,0,False,False
2026-01-22 19:00:00-05:00,1.175255,1.175255,1.17481,1.17481,3787.23995244503,19,0,False,False
2026-01-22 20:00:00-05:00,1.1747649999999998,1.17531,1.174735,1.1749450000000001,6258.329919308424,20,0,False,False
2026-01-22 21:00:00-05:00,1.174995,1.174995,1.17447,1.1745450000000002,4521.189954817295,21,0,False,False
2026-01-22 22:00:00-05:00,1.1746349999999999,1.17479,1.1743649999999999,1.1743649999999999,4178.349949620664,22,0,False,False
2026-01-22 23:00:00-05:00,1.17439,1.17509,1.17436,1.17499,3310.6599645912647,23,0,False,False
2026-01-23 00:00:00-05:00,1.17516,1.1753749999999998,1.17504,1.175095,3374.949962168932,0,0,True,False
2026-01-23 01:00:00-05:00,1.175165,1.1752349999999998,1.174205,1.174205,9663.809910677373,1,0,True,False
2026-01-23 02:00:00-05:00,1.17429,1.1743700000000001,1.173545,1.17359,16781.539792619646,2,0,True,False
2026-01-23 03:00:00-05:00,1.173945,1.174515,1.17286,1.174005,14230.999839879572,3,0,True,False
2026-01-23 04:00:00-05:00,1.1739899999999999,1.1743899999999998,1.173535,1.173535,11109.14986949414,4,0,True,False
2026-01-23 05:00:00-05:00,1.173445,1.173575,1.17301,1.1734499999999999,6735.449926882982,5,0,False,False
2026-01-23 06:00:00-05:00,1.17354,1.1739950000000001,1.173105,1.173745,7900.159913271666,6,0,False,False
2026-01-23 07:00:00-05:00,1.1737449999999998,1.174395,1.1737099999999998,1.174245,6397.77993222326,7,0,False,False
2026-01-23 08:00:00-05:00,1.1743649999999999,1.1746850000000002,1.1733250000000002,1.1734149999999999,8317.619910806417,8,0,False,False
2026-01-23 09:00:00-05:00,1.1734550000000001,1.174755,1.1732550000000002,1.17465,9941.989894106984,9,0,False,False
2026-01-23 10:00:00-05:00,1.17468,1.1760899999999999,1.17465,1.175805,11222.219869740307,10,0,False,True
2026-01-23 11:00:00-05:00,1.17577,1.17746,1.174715,1.17707,18245.96982922405,11,0,False,False
2026-01-23 12:00:00-05:00,1.17692,1.179875,1.17692,1.17944,26704.58973749727,12,0,False,False
2026-01-23 13:00:00-05:00,1.17895,1.179265,1.177835,1.1792150000000001,17728.929815873504,13,0,False,False
2026-01-23 14:00:00-05:00,1.179195,1.181375,1.179195,1.1811699999999998,14073.329865545034,14,0,False,False
2026-01-23 15:00:00-05:00,1.181245,1.1825350000000001,1.181155,1.18213,12740.17987510562,15,0,False,False
2026-01-23 16:00:00-05:00,1.182125,1.1832699999999998,1.182125,1.183035,7687.4699008613825,16,0,False,False
2026-01-25 17:00:00-05:00,1.1865649999999999,1.188985,1.18519,1.188985,7387.639910005033,17,0,False,False
2026-01-25 18:00:00-05:00,1.1885,1.189565,1.18547,1.186035,13775.099796399474,18,0,False,False
2026-01-25 19:00:00-05:00,1.1853250000000002,1.18622,1.184515,1.1861199999999998,15985.719756290317,19,0,False,False
2026-01-25 20:00:00-05:00,1.186305,1.1868699999999999,1.1856049999999998,1.185785,14183.309801839292,20,0,False,False
2026-01-25 21:00:00-05:00,1.18568,1.1875900000000001,1.18568,1.18676,11303.799826309085,21,0,False,False
2026-01-25 22:00:00-05:00,1.18667,1.18667,1.185825,1.186235,7426.689900226891,22,0,False,False
2026-01-25 23:00:00-05:00,1.18602,1.186805,1.1855600000000002,1.18591,7394.499905399978,23,0,False,False
2026-01-26 00:00:00-05:00,1.186055,1.1869550000000002,1.1858650000000002,1.1865100000000002,6251.379911854863,0,0,True,False
2026-01-26 01:00:00-05:00,1.186365,1.1865549999999998,1.18512,1.185175,10385.37987139076,1,0,True,False
2026-01-26 02:00:00-05:00,1.185215,1.186185,1.183815,1.183885,17376.749823242426,2,0,True,False
2026-01-26 03:00:00-05:00,1.1843849999999998,1.185875,1.1838950000000001,1.18536,20381.10976690054,3,0,True,False
2026-01-26 04:00:00-05:00,1.1850049999999999,1.18669,1.1843,1.186365,18189.80983259529,4,0,True,False
2026-01-26 05:00:00-05:00,1.1864750000000002,1.1864750000000002,1.185435,1.186075,11827.87989037484,5,0,False,False
2026-01-26 06:00:00-05:00,1.1859899999999999,1.1859899999999999,1.18496,1.18559,12011.429891556501,6,0,False,False
2026-01-26 07:00:00-05:00,1.1854550000000001,1.18557,1.1840549999999999,1.184225,11040.729916974902,7,0,False,False
2026-01-26 08:00:00-05:00,1.184255,1.185635,1.1835200000000001,1.185585,14756.62986536324,8,0,False,False
2026-01-26 09:00:00-05:00,1.185525,1.1879149999999998,1.185335,1.1879149999999998,17487.019816331565,9,0,False,False
2026-01-26 10:00:00-05:00,1.187795,1.18954,1.1871450000000001,1.18954,20100.95978410542,10,0,False,True
2026-01-26 11:00:00-05:00,1.1896049999999998,1.190325,1.188105,1.188595,19237.569820210338,11,0,False,False
2026-01-26 12:00:00-05:00,1.18859,1.18905,1.1875149999999999,1.187885,12695.129871845245,12,0,False,False
2026-01-26 13:00:00-05:00,1.187835,1.18894,1.187835,1.1879,10516.699894428253,13,0,False,False
2026-01-26 14:00:00-05:00,1.1878250000000001,1.1880899999999999,1.187105,1.1879300000000002,12513.689863942564,14,0,False,False
2026-01-26 15:00:00-05:00,1.18832,1.18832,1.187745,1.188265,9953.479891523719,15,0,False,False
2026-01-26 16:00:00-05:00,1.188295,1.1885949999999998,1.187435,1.188005,4780.529951900244,16,0,False,False
2026-01-26 17:00:00-05:00,1.187875,1.1878950000000001,1.1876,1.18778,1706.5899822115898,17,0,False,False
2026-01-26 18:00:00-05:00,1.1881400000000002,1.1881400000000002,1.1873,1.1873900000000002,2660.349963746965,18,0,False,False
2026-01-26 19:00:00-05:00,1.1873399999999998,1.18825,1.1873399999999998,1.1877149999999999,7460.3199227154255,19,0,False,False
2026-01-26 20:00:00-05:00,1.187775,1.1881249999999999,1.18741,1.187865,9528.639915011823,20,0,False,False
2026-01-26 21:00:00-05:00,1.1877499999999999,1.189915,1.187655,1.18934,7471.53991651535,21,0,False,False
2026-01-26 22:00:00-05:00,1.1891500000000002,1.18919,1.18797,1.18797,5792.619932174683,22,0,False,False
2026-01-26 23:00:00-05:00,1.188045,1.18824,1.1870150000000002,1.18735,4864.869947575033,23,0,False,False
2026-01-27 00:00:00-05:00,1.18736,1.1878449999999998,1.1872099999999999,1.1876799999999998,5091.8499546945095,0,0,True,False
2026-01-27 01:00:00-05:00,1.187615,1.188135,1.187125,1.1871900000000002,6946.0499322116375,1,0,True,False
2026-01-27 02:00:00-05:00,1.18724,1.1874799999999999,1.18614,1.186375,12122.429867684841,2,0,True,False
2026-01-27 03:00:00-05:00,1.1866400000000001,1.1866400000000001,1.185105,1.186055,14635.349854774773,3,0,True,False
2026-01-27 04:00:00-05:00,1.185935,1.18891,1.1859199999999999,1.18891,14356.699841611087,4,0,True,False
2026-01-27 05:00:00-05:00,1.1886649999999999,1.1889850000000002,1.1875550000000001,1.1888999999999998,18038.80981463194,5,0,False,False
2026-01-27 06:00:00-05:00,1.188865,1.18967,1.188565,1.189545,12224.479887507856,6,0,False,False
2026-01-27 07:00:00-05:00,1.189555,1.19306,1.189445,1.192815,27202.4797411561,7,0,False,False
2026-01-27 08:00:00-05:00,1.1932200000000002,1.19377,1.191455,1.1923400000000002,27915.039726361632,8,0,False,False
2026-01-27 09:00:00-05:00,1.1924350000000001,1.19524,1.19198,1.1943700000000002,32319.41973154992,9,0,False,False
2026-01-27 10:00:00-05:00,1.194935,1.197195,1.1948750000000001,1.195085,33208.88968298584,10,0,False,True
2026-01-27 11:00:00-05:00,1.1952349999999998,1.198995,1.1952349999999998,1.1979199999999999,24601.309772141278,11,0,False,False
2026-01-27 12:00:00-05:00,1.19777,1.1982149999999998,1.19594,1.198,21644.8198107332,12,0,False,False
2026-01-27 13:00:00-05:00,1.198125,1.198645,1.19721,1.197785,15459.249879539013,13,0,False,False
2026-01-27 14:00:00-05:00,1.1976849999999999,1.198035,1.1971349999999998,1.1977250000000002,9709.699897646904,14,0,False,False
2026-01-27 15:00:00-05:00,1.1975099999999999,1.20755,1.1975099999999999,1.20296,35162.6433743462,15,0,False,False
2026-01-27 16:00:00-05:00,1.20276,1.204965,1.2024650000000001,1.20397,28292.436877176166,16,0,False,False
2026-01-27 17:00:00-05:00,1.204015,1.20425,1.20371,1.204215,1902.7299704253674,17,0,False,False
2026-01-27 18:00:00-05:00,1.204425,1.2044350000000001,1.2016550000000001,1.20229,7754.409898087382,18,0,False,False
2026-01-27 19:00:00-05:00,1.202035,1.2023549999999998,1.20092,1.2015099999999999,12993.979830563068,19,0,False,False
2026-01-27 20:00:00-05:00,1.201015,1.2012450000000001,1.19929,1.19929,12674.379862882197,20,0,False,False
2026-01-27 21:00:00-05:00,1.19965,1.1999149999999998,1.19876,1.1997550000000001,8710.929890297353,21,0,False,False
2026-01-27 22:00:00-05:00,1.1997,1.200455,1.19956,1.1997049999999998,6076.129926741123,22,0,False,False
2026-01-27 23:00:00-05:00,1.199635,1.200135,1.1992,1.2000199999999999,4766.989932715893,23,0,False,False
2026-01-28 00:00:00-05:00,1.200015,1.200015,1.197635,1.19971,11494.419860221446,0,0,True,False
2026-01-28 01:00:00-05:00,1.19957,1.2006999999999999,1.1991049999999999,1.199525,9212.15987676382,1,0,True,False
2026-01-28 02:00:00-05:00,1.199705,1.2025350000000001,1.19845,1.199135,18819.089766778052,2,0,True,False
2026-01-28 03:00:00-05:00,1.1992349999999998,1.20028,1.1970800000000001,1.19804,23159.519715577364,3,0,True,False
2026-01-28 04:00:00-05:00,1.19849,1.199245,1.1975799999999999,1.198695,17473.95982271433,4,0,True,False
2026-01-28 05:00:00-05:00,1.19895,1.1993200000000002,1.197285,1.1989,15150.109856717288,5,0,False,False
2026-01-28 06:00:00-05:00,1.198645,1.198645,1.196235,1.196805,13741.649869926274,6,0,False,False
2026-01-28 07:00:00-05:00,1.196885,1.19831,1.196695,1.197985,13401.869862638414,7,0,False,False
2026-01-28 08:00:00-05:00,1.197895,1.197965,1.195375,1.195765,17991.099816672504,8,0,False,False
2026-01-28 09:00:00-05:00,1.195655,1.1976849999999999,1.195345,1.19625,20060.379747748375,9,0,False,False
2026-01-28 10:00:00-05:00,1.196215,1.19687,1.193195,1.194345,53154.5393563509,10,0,False,True
2026-01-28 11:00:00-05:00,1.194665,1.1951049999999999,1.192005,1.19406,25827.489717960358,11,0,False,False
2026-01-28 12:00:00-05:00,1.19415,1.1941950000000001,1.19295,1.19411,10666.17986638099,12,0,False,False
2026-01-28 13:00:00-05:00,1.1941199999999998,1.1942,1.191625,1.1921650000000001,12364.819834940135,13,0,False,False
2026-01-28 14:00:00-05:00,1.19333,1.1941700000000002,1.1902300000000001,1.1940499999999998,35790.949488945305,14,0,False,False
2026-01-28 15:00:00-05:00,1.19447,1.195,1.1929750000000001,1.19455,16983.18974302709,15,0,False,False
2026-01-28 16:00:00-05:00,1.1945000000000001,1.195435,1.194215,1.195435,5886.229916833341,16,0,False,False
2026-01-28 17:00:00-05:00,1.19547,1.195695,1.1954500000000001,1.1956,1342.1799885034561,17,0,False,False
2026-01-28 18:00:00-05:00,1.1954600000000002,1.19809,1.195265,1.19809,7960.249876655638,18,0,False,False
2026-01-28 19:00:00-05:00,1.19752,1.198395,1.197125,1.197365,10621.689818941057,19,0,False,False
2026-01-28 20:00:00-05:00,1.197145,1.197145,1.195865,1.196135,11489.929844655097,20,0,False,False
2026-01-28 21:00:00-05:00,1.1960250000000001,1.197485,1.1954699999999998,1.19732,8931.839865498245,21,0,False,False
2026-01-28 22:00:00-05:00,1.197215,1.198655,1.197155,1.198655,8888.17988371849,22,0,False,False
2026-01-28 23:00:00-05:00,1.19882,1.199025,1.19772,1.19901,8120.859890498221,23,0,False,False
2026-01-29 00:00:00-05:00,1.19909,1.199295,1.19812,1.19812,5994.739909470081,0,0,True,False
2026-01-29 01:00:00-05:00,1.1981600000000001,1.19889,1.19761,1.19845,8927.999899953604,1,0,True,False
2026-01-29 02:00:00-05:00,1.19862,1.19955,1.196805,1.197405,15391.989810936153,2,0,True,False
2026-01-29 03:00:00-05:00,1.19774,1.19848,1.196225,1.196855,19136.589771911502,3,0,True,False
2026-01-29 04:00:00-05:00,1.1969249999999998,1.197265,1.1953200000000002,1.1955749999999998,14455.309816159308,4,0,True,False
2026-01-29 05:00:00-05:00,1.195605,1.1956950000000002,1.19404,1.1942300000000001,14796.019828535616,5,0,False,False
2026-01-29 06:00:00-05:00,1.1942050000000002,1.195295,1.193825,1.1947,11810.6198528409,6,0,False,False
2026-01-29 07:00:00-05:00,1.1946050000000001,1.19612,1.194235,1.19612,13573.819858841598,7,0,False,False
2026-01-29 08:00:00-05:00,1.19618,1.196885,1.194175,1.19562,24702.88970988989,8,0,False,False
2026-01-29 09:00:00-05:00,1.1957149999999999,1.19703,1.19524,1.19703,25850.209691233933,9,0,False,False
2026-01-29 10:00:00-05:00,1.19673,1.19673,1.190795,1.1929599999999998,58228.589327812195,10,0,False,True
2026-01-29 11:00:00-05:00,1.19312,1.195195,1.192875,1.1942650000000001,35523.1095553115,11,0,False,False
2026-01-29 12:00:00-05:00,1.194455,1.1960899999999999,1.194455,1.19557,25254.6197007522,12,0,False,False
2026-01-29 13:00:00-05:00,1.1954449999999999,1.19639,1.19489,1.1957900000000001,14617.679800726473,13,0,False,False
2026-01-29 14:00:00-05:00,1.1953900000000002,1.196005,1.1950500000000002,1.1951450000000001,10075.179864160717,14,0,False,False
2026-01-29 15:00:00-05:00,1.195135,1.19673,1.194725,1.1964899999999998,7813.129892110825,15,0,False,False
2026-01-29 16:00:00-05:00,1.1964700000000001,1.197125,1.19619,1.197055,5155.019928634167,16,0,False,False
2026-01-29 17:00:00-05:00,1.19709,1.19709,1.1966199999999998,1.19696,1581.289971522987,17,0,False,False
2026-01-29 18:00:00-05:00,1.1969949999999998,1.1974049999999998,1.19652,1.19675,3211.75995105505,18,0,False,False
2026-01-29 19:00:00-05:00,1.1966700000000001,1.1972999999999998,1.1931,1.1932,16256.919771447778,19,0,False,False
2026-01-29 20:00:00-05:00,1.192945,1.1938,1.1916250000000002,1.19171,20311.459710933268,20,0,False,False
2026-01-29 21:00:00-05:00,1.191365,1.19192,1.18953,1.1918600000000001,24853.289571925998,21,0,False,False
2026-01-29 22:00:00-05:00,1.19185,1.19223,1.19136,1.192,10403.72983366251,22,0,False,False
2026-01-29 23:00:00-05:00,1.192015,1.19341,1.192015,1.1924350000000001,7119.9998952150345,23,0,False,False
2026-01-30 00:00:00-05:00,1.192555,1.1934900000000002,1.1915650000000002,1.19248,11341.199896514416,0,0,True,False
2026-01-30 01:00:00-05:00,1.19252,1.19327,1.1914449999999999,1.19189,15762.09976759553,1,0,True,False
2026-01-30 02:00:00-05:00,1.191615,1.1941199999999998,1.19158,1.193785,23334.12972573936,2,0,True,False
2026-01-30 03:00:00-05:00,1.19384,1.1942149999999998,1.1923849999999998,1.19332,18587.4797790125,3,0,True,False
2026-01-30 04:00:00-05:00,1.1936200000000001,1.1936200000000001,1.189965,1.190855,23728.889722414315,4,0,True,False
2026-01-30 05:00:00-05:00,1.1909049999999999,1.192475,1.19061,1.19212,17757.689817629755,5,0,False,False
2026-01-30 06:00:00-05:00,1.192155,1.194915,1.19211,1.194915,15517.379804588854,6,0,False,False
2026-01-30 07:00:00-05:00,1.19516,1.1954150000000001,1.19156,1.19194,17388.449782639742,7,0,False,False
2026-01-30 08:00:00-05:00,1.1920950000000001,1.1923650000000001,1.1904050000000002,1.19126,26896.60964357108,8,0,False,False
2026-01-30 09:00:00-05:00,1.19167,1.19208,1.19032,1.190665,27842.109658896923,9,0,False,False
2026-01-30 10:00:00-05:00,1.1902050000000002,1.1903450000000002,1.18844,1.1895250000000002,40553.61952988058,10,0,False,True
2026-01-30 11:00:00-05:00,1.189515,1.189515,1.18744,1.1886100000000002,30354.569657579064,11,0,False,False
2026-01-30 12:00:00-05:00,1.1885750000000002,1.1885750000000002,1.186735,1.18724,25506.589724235237,12,0,False,False
2026-01-30 13:00:00-05:00,1.187125,1.18841,1.18555,1.1878350000000002,31185.549609981477,13,0,False,False
2026-01-30 14:00:00-05:00,1.1882199999999998,1.18832,1.18663,1.1869450000000001,21840.479745015502,14,0,False,False
2026-01-30 15:00:00-05:00,1.186685,1.186685,1.185285,1.185285,15756.739814274013,15,0,False,False
2026-01-30 16:00:00-05:00,1.185365,1.1856200000000001,1.185025,1.1850450000000001,7451.469894230366,16,0,False,False
2026-02-01 17:00:00-05:00,1.18532,1.18532,1.18478,1.185035,4215.199978888035,17,0,False,False
2026-02-01 18:00:00-05:00,1.18468,1.1855950000000002,1.183995,1.184625,13970.919752955437,18,0,False,False
2026-02-01 19:00:00-05:00,1.185425,1.187435,1.185425,1.186675,18235.14969944954,19,0,False,False
2026-02-01 20:00:00-05:00,1.18663,1.18717,1.18545,1.1870699999999998,20359.339703060687,20,0,False,False
2026-02-01 21:00:00-05:00,1.1873049999999998,1.1874600000000002,1.186315,1.186315,13458.329809747636,21,0,False,False
2026-02-01 22:00:00-05:00,1.186665,1.18711,1.18638,1.186415,10061.679844759405,22,0,False,False
2026-02-01 23:00:00-05:00,1.1865100000000002,1.18701,1.1858300000000002,1.186325,9076.369875982404,23,0,False,False
2026-02-02 00:00:00-05:00,1.1862949999999999,1.186305,1.18428,1.18507,11710.779846712947,0,0,True,False
2026-02-02 01:00:00-05:00,1.18527,1.1853799999999999,1.1844999999999999,1.1853799999999999,17502.019770249724,1,0,True,False
2026-02-02 02:00:00-05:00,1.1853099999999999,1.1863000000000001,1.18527,1.1853500000000001,18253.78975328058,2,0,True,False
2026-02-02 03:00:00-05:00,1.185785,1.18662,1.184415,1.185085,20740.04971843958,3,0,True,False
2026-02-02 04:00:00-05:00,1.18523,1.18648,1.18473,1.186235,18261.56978060305,4,0,True,False
2026-02-02 05:00:00-05:00,1.1862750000000002,1.1868850000000002,1.1860050000000002,1.186465,14597.469809956849,5,0,False,False
2026-02-02 06:00:00-05:00,1.186775,1.187135,1.1861000000000002,1.18647,11960.909860767424,6,0,False,False
2026-02-02 07:00:00-05:00,1.186725,1.186925,1.1843849999999998,1.18499,13978.90981362015,7,0,False,False
2026-02-02 08:00:00-05:00,1.1846299999999998,1.1846299999999998,1.1818849999999999,1.182085,23251.189716868103,8,0,False,False
2026-02-02 09:00:00-05:00,1.182075,1.182885,1.180585,1.18217,25982.379717715085,9,0,False,False
2026-02-02 10:00:00-05:00,1.1812200000000002,1.1816849999999999,1.17911,1.179235,35565.539562508464,10,0,False,True
2026-02-02 11:00:00-05:00,1.1793,1.1806649999999999,1.1791,1.1806299999999998,23933.259754657745,11,0,False,False
2026-02-02 12:00:00-05:00,1.180835,1.18121,1.1795849999999999,1.18001,17444.829796858132,12,0,False,False
2026-02-02 13:00:00-05:00,1.180025,1.180025,1.1779000000000002,1.177975,16485.029833965003,13,0,False,False
2026-02-02 14:00:00-05:00,1.1779199999999999,1.179095,1.17761,1.178885,14696.569869995117,14,0,False,False
2026-02-02 15:00:00-05:00,1.178705,1.179205,1.17813,1.179145,9070.849921375513,15,0,False,False
2026-02-02 16:00:00-05:00,1.1792500000000001,1.1794250000000002,1.1789,1.17908,5356.739971354604,16,0,False,False
2026-02-02 17:00:00-05:00,1.179075,1.1792449999999999,1.17896,1.17896,5539.489910535514,17,0,False,False
2026-02-02 18:00:00-05:00,1.1787450000000002,1.1798899999999999,1.1787450000000002,1.1798899999999999,2722.0799569040537,18,0,False,False
2026-02-02 19:00:00-05:00,1.179925,1.1807050000000001,1.1798950000000001,1.1806450000000002,5691.939918003976,19,0,False,False
2026-02-02 20:00:00-05:00,1.1805400000000001,1.1814749999999998,1.1802000000000001,1.18141,7902.619900316,20,0,False,False
2026-02-02 21:00:00-05:00,1.18134,1.1814,1.1801300000000001,1.1801499999999998,4493.82993426919,21,0,False,False
2026-02-02 22:00:00-05:00,1.1801599999999999,1.181245,1.1801400000000002,1.180945,7545.089905053377,22,0,False,False
2026-02-02 23:00:00-05:00,1.181095,1.18164,1.18094,1.18094,4647.549933463335,23,0,False,False
2026-02-03 00:00:00-05:00,1.18099,1.1813,1.180545,1.18089,3665.429948411882,0,0,True,False
2026-02-03 01:00:00-05:00,1.180895,1.181605,1.180825,1.18139,7225.279920771718,1,0,True,False
2026-02-03 02:00:00-05:00,1.181165,1.1823000000000001,1.1810049999999999,1.181525,16517.6698288545,2,0,True,False
2026-02-03 03:00:00-05:00,1.1816849999999999,1.181895,1.18045,1.18129,14895.89985448122,3,0,True,False
2026-02-03 04:00:00-05:00,1.18143,1.18145,1.1792099999999999,1.1792099999999999,15362.839813537896,4,0,True,False
2026-02-03 05:00:00-05:00,1.1793749999999998,1.179905,1.17872,1.17872,8204.459879234433,5,0,False,False
2026-02-03 06:00:00-05:00,1.178745,1.179475,1.1782849999999998,1.178715,8668.549884140491,6,0,False,False
2026-02-03 07:00:00-05:00,1.178705,1.17998,1.178705,1.179665,8914.449886366725,7,0,False,False
2026-02-03 08:00:00-05:00,1.179795,1.18053,1.179305,1.1796099999999998,14422.50982811302,8,0,False,False
2026-02-03 09:00:00-05:00,1.179145,1.1800700000000002,1.17808,1.17911,21448.749757647514,9,0,False,False
2026-02-03 10:00:00-05:00,1.1792600000000002,1.1813449999999999,1.17869,1.181305,21655.48974969983,10,0,False,True
2026-02-03 11:00:00-05:00,1.1813099999999999,1.1819950000000001,1.181035,1.181785,18808.22982046008,11,0,False,False
2026-02-03 12:00:00-05:00,1.1820849999999998,1.18281,1.1813950000000002,1.18163,16992.73980732262,12,0,False,False
2026-02-03 13:00:00-05:00,1.181705,1.182235,1.180905,1.180905,14927.969893015921,13,0,False,False
2026-02-03 14:00:00-05:00,1.1808800000000002,1.18166,1.180595,1.1813449999999999,11603.8298676759,14,0,False,False
2026-02-03 15:00:00-05:00,1.181175,1.182155,1.1810399999999999,1.182115,7541.449917905033,15,0,False,False
2026-02-03 16:00:00-05:00,1.1821350000000002,1.18252,1.181845,1.181845,4305.199950046837,16,0,False,False
2026-02-03 17:00:00-05:00,1.1818300000000002,1.182075,1.1816,1.1818300000000002,5220.289936132729,17,0,False,False
2026-02-03 18:00:00-05:00,1.181975,1.18207,1.18128,1.181565,1821.3899693489075,18,0,False,False
2026-02-03 19:00:00-05:00,1.181435,1.18167,1.180955,1.18143,6850.7399322763085,19,0,False,False
2026-02-03 20:00:00-05:00,1.181565,1.1831800000000001,1.181285,1.1825999999999999,9142.109869040549,20,0,False,False
2026-02-03 21:00:00-05:00,1.1826750000000001,1.1831550000000002,1.1819600000000001,1.182215,6180.599907755852,21,0,False,False
2026-02-03 22:00:00-05:00,1.18229,1.1827450000000002,1.182105,1.1827,4800.979936473072,22,0,False,False
2026-02-03 23:00:00-05:00,1.1826850000000002,1.1835550000000001,1.182585,1.1835550000000001,3654.139948487282,23,0,False,False
2026-02-04 00:00:00-05:00,1.1834799999999999,1.18357,1.1831,1.1833,3493.579949736595,0,0,True,False
2026-02-04 01:00:00-05:00,1.18333,1.183605,1.1829100000000001,1.18296,6211.489933438599,1,0,True,False
2026-02-04 02:00:00-05:00,1.1832150000000001,1.18329,1.182505,1.1832099999999999,9435.219872191548,2,0,True,False
2026-02-04 03:00:00-05:00,1.1832099999999999,1.18378,1.18242,1.182865,13337.469850249588,3,0,True,False
2026-02-04 04:00:00-05:00,1.18289,1.183185,1.181165,1.1814,10556.539878375828,4,0,True,False
2026-02-04 05:00:00-05:00,1.181785,1.181785,1.180585,1.181355,9345.379896230996,5,0,False,False
2026-02-04 06:00:00-05:00,1.181395,1.181495,1.1806450000000002,1.1810399999999999,9873.91989184171,6,0,False,False
2026-02-04 07:00:00-05:00,1.181145,1.182465,1.18109,1.182165,8727.199893258512,7,0,False,False
2026-02-04 08:00:00-05:00,1.18229,1.182485,1.18127,1.182245,16363.659814037383,8,0,False,False
2026-02-04 09:00:00-05:00,1.18224,1.18252,1.18053,1.181515,22278.849729664624,9,0,False,False
2026-02-04 10:00:00-05:00,1.1821350000000002,1.1821350000000002,1.179565,1.17963,26631.219681806862,10,0,False,True
2026-02-04 11:00:00-05:00,1.1797,1.1805150000000002,1.1791399999999999,1.1802549999999998,19782.649789489806,11,0,False,False
2026-02-04 12:00:00-05:00,1.1804299999999999,1.1813449999999999,1.1795499999999999,1.17977,20123.989810608327,12,0,False,False
2026-02-04 13:00:00-05:00,1.1796600000000002,1.18014,1.17949,1.1801050000000002,13786.049841426313,13,0,False,False
2026-02-04 14:00:00-05:00,1.179865,1.180925,1.1795749999999998,1.180915,14867.659904658794,14,0,False,False
2026-02-04 15:00:00-05:00,1.180895,1.180895,1.1802000000000001,1.180365,5426.6799474954605,15,0,False,False
2026-02-04 16:00:00-05:00,1.1803050000000002,1.18079,1.18026,1.1807050000000001,4517.959971696138,16,0,False,False
2026-02-04 17:00:00-05:00,1.18066,1.180765,1.180405,1.180675,2184.4399847388268,17,0,False,False
2026-02-04 18:00:00-05:00,1.180635,1.1807500000000002,1.18008,1.1801650000000001,2114.199969097972,18,0,False,False
2026-02-04 19:00:00-05:00,1.1802700000000002,1.1804649999999999,1.17999,1.180445,3821.1299386918545,19,0,False,False
2026-02-04 20:00:00-05:00,1.1804649999999999,1.1807699999999999,1.180235,1.18038,7280.769906237721,20,0,False,False
2026-02-04 21:00:00-05:00,1.1803750000000002,1.1804199999999998,1.1785450000000002,1.1785700000000001,11338.679844878614,21,0,False,False
2026-02-04 22:00:00-05:00,1.17843,1.1789999999999998,1.17843,1.17893,8533.619892522693,22,0,False,False
2026-02-04 23:00:00-05:00,1.1789049999999999,1.1791,1.17872,1.1787649999999998,2988.539958000183,23,0,False,False
2026-02-05 00:00:00-05:00,1.17881,1.17901,1.1785100000000002,1.17901,3328.0399466082454,0,0,True,False
2026-02-05 01:00:00-05:00,1.1789399999999999,1.1791399999999999,1.1785450000000002,1.179065,7419.319934114814,1,0,True,False
2026-02-05 02:00:00-05:00,1.1795,1.180285,1.1795,1.1799050000000002,10359.379869684577,2,0,True,False
2026-02-05 03:00:00-05:00,1.179835,1.180745,1.1795849999999999,1.1803,12982.389838390052,3,0,True,False
2026-02-05 04:00:00-05:00,1.1801949999999999,1.1802000000000001,1.178055,1.17808,13328.59986333549,4,0,True,False
2026-02-05 05:00:00-05:00,1.17828,1.179125,1.17828,1.178775,7569.819912061095,5,0,False,False
2026-02-05 06:00:00-05:00,1.178725,1.179495,1.178725,1.179365,6271.62991977483,6,0,False,False
2026-02-05 07:00:00-05:00,1.179015,1.180275,1.178705,1.179975,23161.019720755517,7,0,False,False
2026-02-05 08:00:00-05:00,1.179815,1.18146,1.1794099999999998,1.18119,26209.069668725133,8,0,False,False
2026-02-05 09:00:00-05:00,1.180725,1.182045,1.179685,1.179815,28374.48967166245,9,0,False,False
2026-02-05 10:00:00-05:00,1.180815,1.180815,1.178285,1.179125,26961.809652343392,10,0,False,True
2026-02-05 11:00:00-05:00,1.1789200000000002,1.1802549999999998,1.178525,1.1801249999999999,20492.549775399268,11,0,False,False
2026-02-05 12:00:00-05:00,1.1801249999999999,1.180415,1.179805,1.1800950000000001,12483.69990260899,12,0,False,False
2026-02-05 13:00:00-05:00,1.18017,1.180275,1.179315,1.17936,7557.079923443496,13,0,False,False
2026-02-05 14:00:00-05:00,1.179475,1.179675,1.1793550000000002,1.1794250000000002,6727.359931707382,14,0,False,False
2026-02-05 15:00:00-05:00,1.1791749999999999,1.179465,1.1780849999999998,1.178095,7159.479922533035,15,0,False,False
2026-02-05 16:00:00-05:00,1.17809,1.178425,1.177515,1.17773,5754.48173276335,16,0,False,False
2026-02-05 17:00:00-05:00,1.177815,1.17821,1.177815,1.17813,1360.4099768549204,17,0,False,False
2026-02-05 18:00:00-05:00,1.1777700000000002,1.1779799999999998,1.177535,1.17766,3522.4099393785,18,0,False,False
2026-02-05 19:00:00-05:00,1.17766,1.178305,1.17665,1.178305,10197.369890607893,19,0,False,False
2026-02-05 20:00:00-05:00,1.1783899999999998,1.178785,1.177905,1.178535,9776.219867050648,20,0,False,False
2026-02-05 21:00:00-05:00,1.178755,1.17915,1.1785700000000001,1.17877,6950.859936647117,21,0,False,False
2026-02-05 22:00:00-05:00,1.178785,1.178995,1.178615,1.1787649999999998,3380.0199560672045,22,0,False,False
2026-02-05 23:00:00-05:00,1.17883,1.17962,1.17876,1.17953,3651.6499628424644,23,0,False,False
2026-02-06 00:00:00-05:00,1.17949,1.1801300000000001,1.17949,1.1798350000000002,4231.699956797063,0,0,True,False
2026-02-06 01:00:00-05:00,1.1797849999999999,1.18014,1.1795049999999998,1.179725,6469.549926541746,1,0,True,False
2026-02-06 02:00:00-05:00,1.1795749999999998,1.17969,1.178915,1.1791399999999999,7594.349906228483,2,0,True,False
2026-02-06 03:00:00-05:00,1.17904,1.17949,1.1787100000000001,1.179225,13566.87984790653,3,0,True,False
2026-02-06 04:00:00-05:00,1.179265,1.179805,1.179115,1.1792,10006.889895550907,4,0,True,False
2026-02-06 05:00:00-05:00,1.1793,1.1799650000000002,1.179025,1.1792150000000001,7264.4899208545685,5,0,False,False
2026-02-06 06:00:00-05:00,1.1792150000000001,1.1792850000000001,1.1786850000000002,1.1790150000000001,8391.379916965961,6,0,False,False
2026-02-06 07:00:00-05:00,1.179055,1.179275,1.1789,1.179275,7955.399911522865,7,0,False,False
2026-02-06 08:00:00-05:00,1.1794850000000001,1.1810450000000001,1.179365,1.1810450000000001,11478.419877134264,8,0,False,False
2026-02-06 09:00:00-05:00,1.18123,1.18252,1.18105,1.182095,18181.609845913947,9,0,False,False
2026-02-06 10:00:00-05:00,1.18198,1.18213,1.180675,1.181935,17396.349803104997,10,0,False,True
2026-02-06 11:00:00-05:00,1.1819549999999999,1.182075,1.181025,1.18123,13877.40985454619,11,0,False,False
2026-02-06 12:00:00-05:00,1.181175,1.182045,1.1811150000000001,1.181805,8523.149917408824,12,0,False,False
2026-02-06 13:00:00-05:00,1.1818149999999998,1.182285,1.1817799999999998,1.181905,5228.859952747822,13,0,False,False
2026-02-06 14:00:00-05:00,1.18189,1.18213,1.1815449999999998,1.1819250000000001,4772.129955649376,14,0,False,False
2026-02-06 15:00:00-05:00,1.1820650000000001,1.18227,1.181875,1.1822149999999998,4596.369967490435,15,0,False,False
2026-02-06 16:00:00-05:00,1.182215,1.182375,1.1814149999999999,1.18146,3912.7939523905516,16,0,False,False
2026-02-08 17:00:00-05:00,1.18149,1.181525,1.181305,1.181505,1840.7399690151215,17,0,False,False
2026-02-08 18:00:00-05:00,1.18159,1.1826750000000001,1.181015,1.1826750000000001,7616.569879539311,18,0,False,False
2026-02-08 19:00:00-05:00,1.18255,1.18331,1.18242,1.183075,10769.349865168333,19,0,False,False
2026-02-08 20:00:00-05:00,1.183065,1.1832099999999999,1.182525,1.182555,9051.17987550795,20,0,False,False
2026-02-08 21:00:00-05:00,1.1824750000000002,1.1825700000000001,1.1816900000000001,1.181965,5890.029927015305,21,0,False,False
2026-02-08 22:00:00-05:00,1.182165,1.18249,1.18186,1.18189,4833.219949439168,22,0,False,False
2026-02-08 23:00:00-05:00,1.182095,1.182655,1.18207,1.182655,2632.0399657189846,23,0,False,False
2026-02-09 00:00:00-05:00,1.18263,1.18362,1.1826050000000001,1.183325,4678.429959505796,0,0,True,False
2026-02-09 01:00:00-05:00,1.18449,1.1857250000000001,1.18377,1.18519,14408.52983277291,1,0,True,False
2026-02-09 02:00:00-05:00,1.185285,1.1859700000000002,1.184765,1.185605,13856.219835318625,2,0,True,False
2026-02-09 03:00:00-05:00,1.1858149999999998,1.1864599999999998,1.185185,1.18642,12701.029854781926,3,0,True,False
2026-02-09 04:00:00-05:00,1.1864599999999998,1.1869450000000001,1.186055,1.1862300000000001,9445.149892173707,4,0,True,False
2026-02-09 05:00:00-05:00,1.1862499999999998,1.186955,1.18559,1.18601,12463.309876836836,5,0,False,False
2026-02-09 06:00:00-05:00,1.18579,1.18719,1.18579,1.186925,16313.309913896024,6,0,False,False
2026-02-09 07:00:00-05:00,1.18726,1.18828,1.18726,1.1881400000000002,12548.449878290296,7,0,False,False
2026-02-09 08:00:00-05:00,1.18837,1.190505,1.18821,1.1903700000000002,25422.32973448187,8,0,False,False
2026-02-09 09:00:00-05:00,1.1905000000000001,1.19185,1.1905000000000001,1.19185,25619.2597220093,9,0,False,False
2026-02-09 10:00:00-05:00,1.1926,1.1926,1.190435,1.1912150000000001,22873.84976489097,10,0,False,True
2026-02-09 11:00:00-05:00,1.191605,1.19173,1.1893449999999999,1.18974,15586.319861717522,11,0,False,False
2026-02-09 12:00:00-05:00,1.18986,1.191025,1.1898499999999999,1.1908699999999999,8563.049919180572,12,0,False,False
2026-02-09 13:00:00-05:00,1.1909299999999998,1.1916799999999999,1.19056,1.191595,8441.31989337504,13,0,False,False
2026-02-09 14:00:00-05:00,1.1915149999999999,1.192225,1.191255,1.1920350000000002,7852.069924622774,14,0,False,False
2026-02-09 15:00:00-05:00,1.191995,1.192085,1.1914349999999998,1.19147,5515.629933685064,15,0,False,False
2026-02-09 16:00:00-05:00,1.191475,1.19157,1.1911049999999999,1.19137,4204.513968352228,16,0,False,False
2026-02-09 17:00:00-05:00,1.1914850000000001,1.19149,1.19116,1.191335,1319.2699859440327,17,0,False,False
2026-02-09 18:00:00-05:00,1.1913200000000002,1.19147,1.190215,1.1903700000000002,2677.949962489307,18,0,False,False
2026-02-09 19:00:00-05:00,1.190485,1.190525,1.189875,1.19018,4762.519935056567,19,0,False,False
2026-02-09 20:00:00-05:00,1.1903000000000001,1.19102,1.1897000000000002,1.190575,7339.969902038574,20,0,False,False
2026-02-09 21:00:00-05:00,1.190655,1.1913749999999999,1.1906400000000001,1.19137,4946.98993691057,21,0,False,False
2026-02-09 22:00:00-05:00,1.191455,1.19171,1.191035,1.19115,6130.189936332405,22,0,False,False
2026-02-09 23:00:00-05:00,1.1911999999999998,1.191265,1.190615,1.190685,3182.8199552595615,23,0,False,False
2026-02-10 00:00:00-05:00,1.190725,1.19101,1.190395,1.1907299999999998,4191.389959037304,0,0,True,False
2026-02-10 01:00:00-05:00,1.190585,1.191265,1.1901549999999999,1.190315,6440.079931907356,1,0,True,False
2026-02-10 02:00:00-05:00,1.19052,1.191025,1.19006,1.1908750000000001,8708.889889284968,2,0,True,False
2026-02-10 03:00:00-05:00,1.19062,1.1914850000000001,1.1901199999999998,1.1909200000000002,11806.739887572825,3,0,True,False
2026-02-10 04:00:00-05:00,1.190865,1.191975,1.190865,1.191455,10549.029917873442,4,0,True,False
2026-02-10 05:00:00-05:00,1.191605,1.1917149999999999,1.1909299999999998,1.19101,8595.329911917448,5,0,False,False
2026-02-10 06:00:00-05:00,1.191005,1.19102,1.1901199999999998,1.190395,5888.099939331412,6,0,False,False
2026-02-10 07:00:00-05:00,1.19049,1.19083,1.1891349999999998,1.189305,11385.589865282178,7,0,False,False
2026-02-10 08:00:00-05:00,1.189145,1.191135,1.189,1.190545,20490.61978394538,8,0,False,False
2026-02-10 09:00:00-05:00,1.19074,1.192645,1.190375,1.1914799999999999,24974.38975058496,9,0,False,False
2026-02-10 10:00:00-05:00,1.191295,1.19184,1.1896900000000001,1.1914,28005.709791772068,10,0,False,True
2026-02-10 11:00:00-05:00,1.191425,1.191425,1.18966,1.18979,15972.54984626919,11,0,False,False
2026-02-10 12:00:00-05:00,1.18968,1.190515,1.189375,1.1895850000000001,9738.64989951253,12,0,False,False
2026-02-10 13:00:00-05:00,1.189575,1.189735,1.189165,1.189225,7005.309918940067,13,0,False,False
2026-02-10 14:00:00-05:00,1.189085,1.1902300000000001,1.18871,1.1902300000000001,5702.5999355614185,14,0,False,False
2026-02-10 15:00:00-05:00,1.190145,1.1902949999999999,1.189505,1.1895250000000002,4654.059936784208,15,0,False,False
2026-02-10 16:00:00-05:00,1.189515,1.18966,1.1892649999999998,1.189505,3192.689955703914,16,0,False,False
2026-02-10 17:00:00-05:00,1.18951,1.1897,1.1891349999999998,1.18916,2600.169951558113,17,0,False,False
2026-02-10 18:00:00-05:00,1.1892399999999999,1.1892399999999999,1.1886899999999998,1.18878,1725.709974564612,18,0,False,False
2026-02-10 19:00:00-05:00,1.1887750000000001,1.190045,1.1887400000000001,1.189695,5764.159934364259,19,0,False,False
2026-02-10 20:00:00-05:00,1.18995,1.190205,1.18943,1.189775,7527.859924137592,20,0,False,False
2026-02-10 21:00:00-05:00,1.18995,1.191265,1.18995,1.190825,8254.90993219614,21,0,False,False
2026-02-10 22:00:00-05:00,1.190865,1.191335,1.1903700000000002,1.19116,5765.139971360564,22,0,False,False
2026-02-10 23:00:00-05:00,1.191125,1.1914449999999999,1.19077,1.19082,3970.039956986904,23,0,False,False
2026-02-11 00:00:00-05:00,1.19076,1.1918600000000001,1.1907299999999998,1.19185,8431.48994024843,0,0,True,False
2026-02-11 01:00:00-05:00,1.191935,1.1925599999999998,1.1913,1.1915300000000002,8625.94990632683,1,0,True,False
2026-02-11 02:00:00-05:00,1.191505,1.191795,1.191115,1.191795,8913.789895310998,2,0,True,False
2026-02-11 03:00:00-05:00,1.1917900000000001,1.191925,1.191325,1.1918549999999999,9008.439900547266,3,0,True,False
2026-02-11 04:00:00-05:00,1.19184,1.19194,1.1910349999999998,1.1918,9304.169894553721,4,0,True,False
2026-02-11 05:00:00-05:00,1.191795,1.192675,1.191635,1.192175,7812.499921292067,5,0,False,False
2026-02-11 06:00:00-05:00,1.192015,1.192015,1.190725,1.19082,7745.09991388768,6,0,False,False
2026-02-11 07:00:00-05:00,1.19082,1.19082,1.1899250000000001,1.1900300000000001,10665.65988831222,7,0,False,False
2026-02-11 08:00:00-05:00,1.190125,1.190385,1.183725,1.1862050000000002,45497.49956856668,8,0,False,False
2026-02-11 09:00:00-05:00,1.18608,1.188025,1.185285,1.1860249999999999,40111.909589082,9,0,False,False
2026-02-11 10:00:00-05:00,1.1865100000000002,1.18711,1.185205,1.185935,34565.79962041974,10,0,False,True
2026-02-11 11:00:00-05:00,1.18573,1.18831,1.18537,1.18831,19188.56981306523,11,0,False,False
2026-02-11 12:00:00-05:00,1.1882899999999998,1.18933,1.187745,1.188585,14179.459856033325,12,0,False,False
2026-02-11 13:00:00-05:00,1.1886649999999999,1.188955,1.188005,1.1882199999999998,9872.92989500612,13,0,False,False
2026-02-11 14:00:00-05:00,1.187985,1.188445,1.187815,1.187985,6993.109912745655,14,0,False,False
2026-02-11 15:00:00-05:00,1.1880950000000001,1.1880950000000001,1.1870850000000002,1.1870850000000002,5682.489945501089,15,0,False,False
2026-02-11 16:00:00-05:00,1.18702,1.18737,1.18689,1.1871800000000001,3242.0599588006735,16,0,False,False
2026-02-11 17:00:00-05:00,1.18719,1.18751,1.18719,1.18751,2186.4229635074735,17,0,False,False
2026-02-11 18:00:00-05:00,1.187415,1.187615,1.187005,1.1874799999999999,2320.139967083931,18,0,False,False
2026-02-11 19:00:00-05:00,1.1875550000000001,1.187745,1.186715,1.18769,6507.829918444157,19,0,False,False
2026-02-11 20:00:00-05:00,1.18778,1.18821,1.1874250000000002,1.188075,8511.289889395237,20,0,False,False
2026-02-11 21:00:00-05:00,1.188115,1.1883599999999999,1.1875300000000002,1.1879,7262.6899369731545,21,0,False,False
2026-02-11 22:00:00-05:00,1.18778,1.188075,1.186595,1.18697,6511.129927240312,22,0,False,False
2026-02-11 23:00:00-05:00,1.187025,1.1872,1.18607,1.1861899999999999,5070.339951515198,23,0,False,False
2026-02-12 00:00:00-05:00,1.1860650000000001,1.18655,1.1858650000000002,1.18647,5334.839943036437,0,0,True,False
2026-02-12 01:00:00-05:00,1.186435,1.1866750000000001,1.1853,1.1860499999999998,12749.709842517972,1,0,True,False
2026-02-12 02:00:00-05:00,1.186315,1.187505,1.1862599999999999,1.187295,8996.449890695512,2,0,True,False
2026-02-12 03:00:00-05:00,1.187475,1.18805,1.1871649999999998,1.18799,9525.689873799682,3,0,True,False
2026-02-12 04:00:00-05:00,1.18814,1.1887400000000001,1.18814,1.1887150000000002,9226.969899356365,4,0,True,False
2026-02-12 05:00:00-05:00,1.18859,1.18859,1.1875200000000001,1.18772,7692.219904623926,5,0,False,False
2026-02-12 06:00:00-05:00,1.1876449999999998,1.18845,1.187615,1.18845,6351.559938274324,6,0,False,False
2026-02-12 07:00:00-05:00,1.1885599999999998,1.188585,1.186805,1.187315,9848.609905391932,7,0,False,False
2026-02-12 08:00:00-05:00,1.187405,1.1885050000000001,1.18726,1.1885050000000001,13663.589865013957,8,0,False,False
2026-02-12 09:00:00-05:00,1.1885400000000002,1.1886299999999999,1.187805,1.18833,19154.289787739515,9,0,False,False
2026-02-12 10:00:00-05:00,1.18826,1.1887850000000002,1.1878799999999998,1.1885750000000002,20631.429771475494,10,0,False,True
2026-02-12 11:00:00-05:00,1.1886,1.18894,1.186375,1.187055,38321.31959014386,11,0,False,False
2026-02-12 12:00:00-05:00,1.186985,1.187615,1.186,1.1865350000000001,19494.979788288474,12,0,False,False
2026-02-12 13:00:00-05:00,1.186625,1.1869100000000001,1.18566,1.18635,13508.369872570038,13,0,False,False
2026-02-12 14:00:00-05:00,1.1864750000000002,1.1871450000000001,1.186145,1.187005,13182.219889700413,14,0,False,False
2026-02-12 15:00:00-05:00,1.187025,1.187025,1.186405,1.1869800000000001,5802.379945755005,15,0,False,False
2026-02-12 16:00:00-05:00,1.18698,1.1872250000000002,1.186865,1.18708,4124.359959743917,16,0,False,False
2026-02-12 17:00:00-05:00,1.18703,1.187245,1.1866949999999998,1.187245,2409.869981497526,17,0,False,False
2026-02-12 18:00:00-05:00,1.186965,1.18714,1.1867299999999998,1.18692,2148.40996593982,18,0,False,False
2026-02-12 19:00:00-05:00,1.1867999999999999,1.187255,1.18675,1.187255,4679.609927736223,19,0,False,False
2026-02-12 20:00:00-05:00,1.1871999999999998,1.18731,1.1864050000000002,1.1866949999999998,6001.249915376306,20,0,False,False
2026-02-12 21:00:00-05:00,1.18662,1.18709,1.1863450000000002,1.1869399999999999,3680.299949169159,21,0,False,False
2026-02-12 22:00:00-05:00,1.1869999999999998,1.1869999999999998,1.18661,1.18669,3701.149955034256,22,0,False,False
2026-02-12 23:00:00-05:00,1.186765,1.186765,1.186035,1.18632,3139.2499587237835,23,0,False,False
2026-02-13 00:00:00-05:00,1.18631,1.18648,1.1858499999999998,1.1859449999999998,5435.159933917224,0,0,True,False
2026-02-13 01:00:00-05:00,1.1858849999999999,1.186165,1.1854,1.1856200000000001,7247.839912310243,1,0,True,False
2026-02-13 02:00:00-05:00,1.185515,1.185985,1.18475,1.185885,11180.019873298705,2,0,True,False
2026-02-13 03:00:00-05:00,1.18597,1.1862599999999999,1.185695,1.1862599999999999,8349.829887375236,3,0,True,False
2026-02-13 04:00:00-05:00,1.18636,1.1866050000000001,1.186055,1.186055,7359.739922657609,4,0,True,False
2026-02-13 05:00:00-05:00,1.1860499999999998,1.18608,1.1853449999999999,1.18574,6957.199922606349,5,0,False,False
2026-02-13 06:00:00-05:00,1.1856650000000002,1.1860300000000001,1.185535,1.1858650000000002,7313.899909518659,6,0,False,False
2026-02-13 07:00:00-05:00,1.185755,1.1863199999999998,1.1855799999999999,1.1861899999999999,8175.139911279082,7,0,False,False
2026-02-13 08:00:00-05:00,1.186255,1.1880549999999999,1.1856900000000001,1.18742,24819.38970247656,8,0,False,False
2026-02-13 09:00:00-05:00,1.187045,1.1872500000000001,1.18577,1.1859250000000001,27018.229728274047,9,0,False,False
2026-02-13 10:00:00-05:00,1.1860149999999998,1.1869999999999998,1.18484,1.18484,21222.249766737223,10,0,False,True
2026-02-13 11:00:00-05:00,1.184925,1.18736,1.184925,1.1868750000000001,18346.07986382395,11,0,False,False
2026-02-13 12:00:00-05:00,1.186845,1.188215,1.186845,1.1874850000000001,9478.439906448126,12,0,False,False
2026-02-13 13:00:00-05:00,1.187565,1.188015,1.18731,1.18737,6004.069941133261,13,0,False,False
2026-02-13 14:00:00-05:00,1.187465,1.187465,1.186665,1.186665,5860.119955599308,14,0,False,False
2026-02-13 15:00:00-05:00,1.18645,1.187465,1.18645,1.18743,5793.949948400259,15,0,False,False
2026-02-13 16:00:00-05:00,1.1876,1.187655,1.186795,1.1868699999999999,3507.6299460828304,16,0,False,False
2026-02-15 17:00:00-05:00,1.1876600000000002,1.1876600000000002,1.1870150000000002,1.187165,1893.7599648833275,17,0,False,False
2026-02-15 18:00:00-05:00,1.186855,1.186855,1.18634,1.18669,4056.109958305955,18,0,False,False
2026-02-15 19:00:00-05:00,1.1865999999999999,1.186705,1.186105,1.18614,4407.349925875664,19,0,False,False
2026-02-15 20:00:00-05:00,1.1861000000000002,1.1866050000000001,1.18593,1.1865350000000001,5060.719936668873,20,0,False,False
2026-02-15 21:00:00-05:00,1.18656,1.18672,1.18621,1.1865350000000001,4557.619941651821,21,0,False,False
2026-02-15 22:00:00-05:00,1.18655,1.1868850000000002,1.1864,1.1867299999999998,3353.6499577388167,22,0,False,False
2026-02-15 23:00:00-05:00,1.1867100000000002,1.186805,1.18614,1.18625,2436.4999670684338,23,0,False,False
2026-02-16 00:00:00-05:00,1.1862599999999999,1.18662,1.186095,1.1864949999999999,2664.7399687469006,0,0,True,False
2026-02-16 01:00:00-05:00,1.1864599999999998,1.1870150000000002,1.18641,1.18662,2555.5099636912346,1,0,True,False
2026-02-16 02:00:00-05:00,1.186575,1.18662,1.186075,1.18629,4163.689941078424,2,0,True,False
2026-02-16 03:00:00-05:00,1.18627,1.18702,1.1857950000000002,1.186505,9323.619886428118,3,0,True,False
2026-02-16 04:00:00-05:00,1.18649,1.186915,1.186275,1.18645,7665.489920370281,4,0,True,False
2026-02-16 05:00:00-05:00,1.18655,1.186715,1.1862949999999999,1.186715,5369.549935117364,5,0,False,False
2026-02-16 06:00:00-05:00,1.186675,1.186675,1.18606,1.18613,4321.859942011535,6,0,False,False
2026-02-16 07:00:00-05:00,1.18622,1.186315,1.185035,1.1853150000000001,5184.449939928949,7,0,False,False
2026-02-16 08:00:00-05:00,1.185495,1.1857250000000001,1.185,1.18546,5996.289930179715,8,0,False,False
2026-02-16 09:00:00-05:00,1.1856399999999998,1.1863199999999998,1.1853449999999999,1.185635,6887.369927868247,9,0,False,False
2026-02-16 10:00:00-05:00,1.18555,1.1856200000000001,1.185195,1.1853950000000002,5931.609922081232,10,0,False,True
2026-02-16 11:00:00-05:00,1.185445,1.185645,1.184645,1.1852,5719.459942430258,11,0,False,False
2026-02-16 12:00:00-05:00,1.185295,1.1853150000000001,1.18465,1.1848049999999999,2462.8399741649628,12,0,False,False
2026-02-16 13:00:00-05:00,1.1849349999999998,1.185105,1.18484,1.184955,1700.7199819907546,13,0,False,False
2026-02-16 14:00:00-05:00,1.184965,1.1854200000000001,1.184965,1.1854200000000001,1175.3299868702888,14,0,False,False
2026-02-16 15:00:00-05:00,1.18541,1.1855099999999998,1.185265,1.1853600000000002,786.5499900877476,15,0,False,False
2026-02-16 16:00:00-05:00,1.18536,1.1854200000000001,1.1850399999999999,1.1850900000000002,1558.399981096387,16,0,False,False
2026-02-16 17:00:00-05:00,1.1851099999999999,1.18523,1.185035,1.185035,786.6799919605255,17,0,False,False
2026-02-16 18:00:00-05:00,1.1850900000000002,1.185145,1.18472,1.185055,2008.4799682796001,18,0,False,False
2026-02-16 19:00:00-05:00,1.1850999999999998,1.1851699999999998,1.1842549999999998,1.1843650000000001,4620.289917320013,19,0,False,False
2026-02-16 20:00:00-05:00,1.184405,1.18446,1.184135,1.18446,4673.849918268621,20,0,False,False
2026-02-16 21:00:00-05:00,1.18448,1.18462,1.18405,1.18421,2947.1599459052086,21,0,False,False
2026-02-16 22:00:00-05:00,1.1842199999999998,1.1842199999999998,1.1838549999999999,1.18417,2985.4499500095844,22,0,False,False
2026-02-16 23:00:00-05:00,1.1841650000000001,1.18421,1.183955,1.18411,2213.989958398044,23,0,False,False
2026-02-17 00:00:00-05:00,1.1841149999999998,1.18418,1.183705,1.1841499999999998,4730.449947938323,0,0,True,False
2026-02-17 01:00:00-05:00,1.184345,1.18455,1.184255,1.1844000000000001,3803.6399543061852,1,0,True,False
2026-02-17 02:00:00-05:00,1.184245,1.184245,1.1829399999999999,1.1832850000000001,8981.569879941642,2,0,True,False
2026-02-17 03:00:00-05:00,1.183365,1.18437,1.1830699999999998,1.18408,9459.749877363443,3,0,True,False
2026-02-17 04:00:00-05:00,1.1841650000000001,1.18498,1.1840549999999999,1.184675,8748.529919952154,4,0,True,False
2026-02-17 05:00:00-05:00,1.184275,1.1847050000000001,1.184155,1.18428,7030.539910569787,5,0,False,False
2026-02-17 06:00:00-05:00,1.184315,1.1844000000000001,1.18254,1.183095,6705.919925801456,6,0,False,False
2026-02-17 07:00:00-05:00,1.18297,1.183525,1.182755,1.182785,8620.019912436604,7,0,False,False
2026-02-17 08:00:00-05:00,1.1827999999999999,1.18302,1.1816550000000001,1.18222,15341.149834670126,8,0,False,False
2026-02-17 09:00:00-05:00,1.182115,1.182725,1.18177,1.182385,24289.849766634405,9,0,False,False
2026-02-17 10:00:00-05:00,1.18181,1.1820599999999999,1.180525,1.18107,19000.30979220569,10,0,False,True
2026-02-17 11:00:00-05:00,1.181235,1.183465,1.181175,1.18308,15405.129853993654,11,0,False,False
2026-02-17 12:00:00-05:00,1.1829649999999998,1.184145,1.1829649999999998,1.183945,10378.439897350967,12,0,False,False
2026-02-17 13:00:00-05:00,1.184225,1.185175,1.183945,1.184835,8203.339922249317,13,0,False,False
2026-02-17 14:00:00-05:00,1.184825,1.1849750000000001,1.1843650000000001,1.1848049999999999,5341.989945761859,14,0,False,False
2026-02-17 15:00:00-05:00,1.184965,1.18513,1.1847349999999999,1.1851099999999999,4875.11995446682,15,0,False,False
2026-02-17 16:00:00-05:00,1.18519,1.18553,1.18503,1.18553,2000.6099716126919,16,0,False,False
2026-02-17 17:00:00-05:00,1.18548,1.18548,1.18512,1.18525,2538.1099805533886,17,0,False,False
2026-02-17 18:00:00-05:00,1.18557,1.1857350000000002,1.1850800000000001,1.185085,2433.4999662041664,18,0,False,False
2026-02-17 19:00:00-05:00,1.18521,1.185375,1.18473,1.18473,4856.7199483811855,19,0,False,False
2026-02-17 20:00:00-05:00,1.184585,1.184685,1.1842700000000002,1.184635,3608.76995395869,20,0,False,False
2026-02-17 21:00:00-05:00,1.184335,1.1847349999999999,1.18419,1.1844700000000001,2940.3899486362934,21,0,False,False
2026-02-17 22:00:00-05:00,1.184525,1.1846700000000001,1.184115,1.1841300000000001,2035.8399694859982,22,0,False,False
2026-02-17 23:00:00-05:00,1.1841300000000001,1.1843400000000002,1.183955,1.1842000000000001,2648.0799930617213,23,0,False,False
2026-02-18 00:00:00-05:00,1.184265,1.18458,1.18422,1.18458,2718.459993980825,0,0,True,False
2026-02-18 01:00:00-05:00,1.184625,1.184625,1.18405,1.1844800000000002,2909.809956379235,1,0,True,False
2026-02-18 02:00:00-05:00,1.18452,1.184635,1.18336,1.1834850000000001,7069.149919822812,2,0,True,False
2026-02-18 03:00:00-05:00,1.1837650000000002,1.183815,1.1829,1.1831200000000002,9330.749909490347,3,0,True,False
2026-02-18 04:00:00-05:00,1.1831200000000002,1.1838250000000001,1.182895,1.1836099999999998,7200.569925449789,4,0,True,False
2026-02-18 05:00:00-05:00,1.18363,1.184065,1.183135,1.183225,5550.399932473898,5,0,False,False
2026-02-18 06:00:00-05:00,1.183255,1.183725,1.183115,1.1834699999999998,4536.939949020743,6,0,False,False
2026-02-18 07:00:00-05:00,1.183655,1.184715,1.183365,1.1839849999999998,6887.279916107655,7,0,False,False
2026-02-18 08:00:00-05:00,1.184355,1.1848049999999999,1.182385,1.182385,11410.669877432287,8,0,False,False
2026-02-18 09:00:00-05:00,1.1825,1.18275,1.18127,1.1815250000000002,18844.809792101383,9,0,False,False
2026-02-18 10:00:00-05:00,1.181445,1.1826249999999998,1.181445,1.1822750000000002,16670.619837239385,10,0,False,True
2026-02-18 11:00:00-05:00,1.182095,1.1824599999999998,1.1809500000000002,1.1809500000000002,11984.009906060994,11,0,False,False
2026-02-18 12:00:00-05:00,1.181025,1.181375,1.18028,1.180615,9441.709955818951,12,0,False,False
2026-02-18 13:00:00-05:00,1.1806299999999998,1.1807249999999998,1.17877,1.17906,10736.04993969202,13,0,False,False
2026-02-18 14:00:00-05:00,1.1789100000000001,1.179035,1.17841,1.178735,15708.689935341477,14,0,False,False
2026-02-18 15:00:00-05:00,1.178725,1.1789800000000001,1.178245,1.1783649999999999,4822.25994656235,15,0,False,False
2026-02-18 16:00:00-05:00,1.1783350000000001,1.178735,1.17827,1.1783100000000002,3453.3199660629034,16,0,False,False
2026-02-18 17:00:00-05:00,1.1783700000000001,1.17861,1.1783649999999999,1.178555,1378.679982572794,17,0,False,False
2026-02-18 18:00:00-05:00,1.178595,1.1789550000000002,1.178595,1.178855,2764.6199789643288,18,0,False,False
2026-02-18 19:00:00-05:00,1.1787999999999998,1.17917,1.17856,1.17901,5327.069961100817,19,0,False,False
2026-02-18 20:00:00-05:00,1.17899,1.179505,1.17899,1.1794600000000002,4072.029948398471,20,0,False,False
2026-02-18 21:00:00-05:00,1.179465,1.179545,1.17908,1.1791,4822.939973056316,21,0,False,False
2026-02-18 22:00:00-05:00,1.17926,1.17929,1.1788349999999999,1.179075,5038.15998890996,22,0,False,False
2026-02-18 23:00:00-05:00,1.1791,1.1791,1.17849,1.17895,3459.479963630438,23,0,False,False
2026-02-19 00:00:00-05:00,1.17883,1.1792600000000002,1.178715,1.17916,3318.1599724143744,0,0,True,False
2026-02-19 01:00:00-05:00,1.1792099999999999,1.18008,1.17902,1.179835,4173.099950246513,1,0,True,False
2026-02-19 02:00:00-05:00,1.17953,1.180345,1.17935,1.1800700000000002,7880.179941877723,2,0,True,False
2026-02-19 03:00:00-05:00,1.1798950000000001,1.180425,1.179755,1.18012,8967.459930978715,3,0,True,False
2026-02-19 04:00:00-05:00,1.180285,1.180715,1.179925,1.179985,7927.199914902449,4,0,True,False
2026-02-19 05:00:00-05:00,1.1801,1.1802350000000001,1.178805,1.1789049999999999,7576.4899246022105,5,0,False,False
2026-02-19 06:00:00-05:00,1.17882,1.17903,1.1777000000000002,1.17808,8351.579930603504,6,0,False,False
2026-02-19 07:00:00-05:00,1.17789,1.178035,1.1767050000000001,1.176955,9905.829905085266,7,0,False,False
2026-02-19 08:00:00-05:00,1.176795,1.176795,1.1752150000000001,1.176555,17981.20984878391,8,0,False,False
2026-02-19 09:00:00-05:00,1.176075,1.176295,1.17428,1.1751800000000001,23243.629782512784,9,0,False,False
2026-02-19 10:00:00-05:00,1.175255,1.1773950000000002,1.175255,1.1763050000000002,27980.9897165969,10,0,False,True
2026-02-19 11:00:00-05:00,1.176295,1.176985,1.175865,1.1761249999999999,15297.019844129682,11,0,False,False
2026-02-19 12:00:00-05:00,1.1761650000000001,1.17673,1.1756600000000001,1.176585,9792.219900630414,12,0,False,False
2026-02-19 13:00:00-05:00,1.176585,1.17739,1.1764999999999999,1.176825,7042.869937330484,13,0,False,False
2026-02-19 14:00:00-05:00,1.1768450000000001,1.177085,1.175995,1.1763849999999998,6788.9199360609055,14,0,False,False
2026-02-19 15:00:00-05:00,1.1765949999999998,1.176895,1.1763750000000002,1.176895,4873.619956403971,15,0,False,False
2026-02-19 16:00:00-05:00,1.17686,1.1778,1.1768299999999998,1.17733,4909.929960511625,16,0,False,False
2026-02-19 17:00:00-05:00,1.177235,1.17737,1.177065,1.1771099999999999,1233.519983202219,17,0,False,False
2026-02-19 18:00:00-05:00,1.1772749999999998,1.17761,1.17683,1.1768399999999999,2094.6899632439017,18,0,False,False
2026-02-19 19:00:00-05:00,1.1767400000000001,1.17719,1.17669,1.17706,3851.6299387812614,19,0,False,False
2026-02-19 20:00:00-05:00,1.1769850000000002,1.17714,1.17564,1.1758899999999999,8345.189918361604,20,0,False,False
2026-02-19 21:00:00-05:00,1.175915,1.175915,1.17543,1.1754600000000002,5877.119927041233,21,0,False,False
2026-02-19 22:00:00-05:00,1.1755200000000001,1.175875,1.1755049999999998,1.175685,3174.3399600684643,22,0,False,False
2026-02-19 23:00:00-05:00,1.175805,1.175945,1.1753,1.1753200000000001,2823.1099632382393,23,0,False,False
2026-02-20 00:00:00-05:00,1.175335,1.1756199999999999,1.1750699999999998,1.175535,4294.409938275814,0,0,True,False
2026-02-20 01:00:00-05:00,1.1755049999999998,1.1756799999999998,1.175195,1.17551,5177.009954303503,1,0,True,False
2026-02-20 02:00:00-05:00,1.175645,1.1762350000000001,1.175065,1.175125,9806.259888663888,2,0,True,False
2026-02-20 03:00:00-05:00,1.17523,1.176335,1.17442,1.1761,11769.049868442118,3,0,True,False
2026-02-20 04:00:00-05:00,1.1761400000000002,1.1767949999999998,1.175955,1.176685,9012.979895554483,4,0,True,False
2026-02-20 05:00:00-05:00,1.1765949999999998,1.1768399999999999,1.175745,1.176365,8711.329917274415,5,0,False,False
2026-02-20 06:00:00-05:00,1.1763,1.17689,1.176015,1.176745,5971.419941008091,6,0,False,False
2026-02-20 07:00:00-05:00,1.1765949999999998,1.177025,1.1764000000000001,1.1765750000000001,7995.699930422008,7,0,False,False
2026-02-20 08:00:00-05:00,1.176625,1.1776650000000002,1.1758899999999999,1.1769349999999998,20280.929811939597,8,0,False,False
2026-02-20 09:00:00-05:00,1.17682,1.17687,1.175725,1.1768100000000001,18482.55980091542,9,0,False,False
2026-02-20 10:00:00-05:00,1.1769150000000002,1.18064,1.1757849999999999,1.178805,56291.86938146502,10,0,False,True
2026-02-20 11:00:00-05:00,1.1787450000000002,1.17967,1.17747,1.178005,20811.679757386446,11,0,False,False
2026-02-20 12:00:00-05:00,1.177985,1.178445,1.17667,1.17802,14540.799840681255,12,0,False,False
